000000000000111100000000
000000000000111100000000
000000000000111100000000
000000000000111100000000
000000000000111100000000
000000000000111100000000
000000000000211100000000
000000000000222100000000
000000000000222200000000
000000000000222200000000
000000000000222200000000
000000000000322200000000
000000000000333200000000
000000000000333300000000
000000000000333300000000
000000000000433300000000
000000000000444300000000
000000000000444400000000
000000000000444400000000
000000000000544400000000
000000000000554400000000
000000000000555400000000
000000000000555500000000
000000000000555500000000
000000000000655500000000
000000000000665500000000
000000000000666500000000
000000000000666600000000
000000000000666600000000
100000000000666600000000
111000000000666600000000
111100000000766600000000
111100000000776600000000
211100000000776600000000
222110000000777600000000
322211100000777700000000
332211110000777700000000
332211110000777700000000
332211110000777700000000
433221110000777700000000
544322210000777700000000
454422120000777700000000
443422110000777700000000
343312110000777700000000
332311110000777700000000
231211010000777700000000
221111000000777700000000
221101000000777700000000
221110000000777700000000
221111000000777700000000
221111000000777700000000
221111000000777700000000
221111000000777700000000
322111000000777700000000
332211100000777700000000
332211110000777700000000
332211110000777700000000
332211110000777700000000
332211110000777700000000
232211010000777700000000
221201000000777700000000
121100000000777700000000
111100000000777700000000
110100000000777700000000
110000000000777700000000
110000000000777700000000
110000000000777700000000
110000000000777700000000
110000000000777700000000
010000000000777700000000
000000000000777700000000
000000000000777700000000
000000000000777700000000
000000000000777700000000
000000000000777700000000
000000000000777700000000
000000000000777700000000
000000000000777700000000
000000000000777700000000
000000000000777700000000
000000000000777700000000
000000000000777700000000
000000000000777700000000
000000000000777700000000
000000000000777700000000
000000000000777700000000
000000000000777700000000
000000000000777700000000
000000000000777700000000
000000000000777700000000
000000000000777700000000
000000000000777700000000
000000000000777700000000
000000000000777700000000
000000000000777700000000
000000000000777700000000
000000000000777700000000
000000000000777700000000
000000000000777700000000
000000000000777700000000
000000000000777700000000
000000000000777700000000
000000000000777700000000
000000000000777700000000
000000000000777700000000
000000000000777700000000
000000000000777700000000
000000000000777700000000
000000000000777700000000
000000000000777700000000
000000000000777700000000
000000000000777700000000
000000000000777700000000
000000000000777700000000
000000000000777700000000
000000000000777700000000
000000000000777700000000
000000000000777700000000
000000000000777700000000
000000000000777700000000
000000000000777700000000
000000000000777700000000
000000000000777700000000
000000000000777700000000
000000000000777700000000
000000000000776700000000
000000000000776600000000
000000000000776600000000
000000000000676600000000
000000000000666600000000
000000000000666600000000
000000000000666600000000
000000000000665600000000
000000000000665500000000
000000000000565500000000
000000000000555500000000
000000000000555500000000
000000000000555500000000
000000000000554500000000
000000000000554400000000
000000000000454400000000
000000000000444400000000
000000000000444400000000
000000000000443400000000
000000000000443300000000
000000000000343300000000
000000000000333300000000
000000000000332300000000
000000000000332200000000
000000000000232200000000
000000000000222200000000
000000000000222200000000
000000000000221200000000
000000000000221100000000
000000000000121100000000
000000000000111100000000
000000000000111100000000
000000000000111100000000
000000000000111100000000
000000000000110100000000
000000000000111100000000
000000000000111100000000
000000000000111100000000
000000000000111100000000
000000000000211100000000
000000000000221100000000
000000000000222100000000
000000000000222200000000
000000000000222200000000
000000000000322200000000
000000000000332200000000
000000000000333200000000
000000000000333300000000
000000000000433300000000
000000000000443300000000
000000000000444300000000
000000000000444400000000
000000000000544400000000
000000000000554400000000
000000000000555400000000
000000000000555500000000
000000000000555500000000
000000000000655500000000
000000000000665500000000
000000000000666500000000
000000000000666600000000
000000000000666600000000
000000000000666600000000
100000000000766600000000
111000000000776600000000
211100000000776600000000
221110000000777600000000
221101000000777700000000
222110000000777700000000
322211100000777700000000
433211110000777700000000
443321110000777700000000
443322110000777700000000
443322110000777700000000
544322210000777700000000
655432220000777700000000
664533220000777700000000
564423220000777700000000
453422120000777700000000
343312110000777700000000
332311110000777700000000
332211110000777700000000
332211010000777700000000
332211100000777700000000
332211110000777700000000
332211110000777700000000
332211110000777700000000
332211110000777700000000
433211110000777700000000
443311110000777700000000
443311110000777700000000
443311110000777700000000
443311110000777700000000
343311110000877700000000
332311110000887700000000
232211010000887700000000
221201000000887700000000
121100000000887700000000
111100000000887700000000
111100000000887700000000
111100000000887700000000
111100000000887700000000
111100000000887700000000
111100000000887700000000
110100000000887700000000
010000000000887700000000
000000000000887700000000
000000000000887700000000
000000000000887700000000
000000000000887700000000
000000000000887700000000
000000000000887700000000
000000000000887700000000
000000000000887700000000
000000000000887700000000
000000000000887700000000
000000000000887700000000
000000000000887700000000
000000000000887700000000
000000000000887700000000
000000000000887700000000
000000000000887700000000
000000000000887700000000
000000000000887700000000
000000000000887700000000
000000000000887700000000
000000000000887700000000
000000000000887700000000
000000000000887700000000
000000000000887700000000
000000000000887700000000
000000000000887700000000
000000000000887700000000
000000000000887700000000
000000000000887700000000
000000000000887700000000
000000000000787700000000
000000000000777700000000
000000000000777700000000
000000000000777700000000
000000000000777700000000
000000000000777700000000
000000000000777700000000
000000000000777700000000
000000000000777700000000
000000000000777700000000
000000000000777700000000
000000000000777700000000
000000000000777700000000
000000000000777700000000
000000000000777700000000
000000000000777700000000
000000000000777700000000
000000000000777700000000
000000000000777700000000
000000000000777700000000
000000000000777700000000
000000000000777700000000
000000000000777700000000
000000000000777700000000
000000000000777700000000
000000000000777700000000
000000000000777700000000
000000000000776700000000
000000000000776600000000
000000000000676600000000
000000000000666600000000
000000000000666600000000
000000000000666600000000
000000000000665600000000
000000000000665500000000
000000000000665500000000
000000000000565500000000
000000000000555500000000
000000000000555500000000
000000000000554500000000
000000000000554400000000
000000000000454400000000
000000000000444400000000
000000000000444400000000
000000000000443400000000
000000000000343300000000
000000000000333300000000
000000000000333300000000
000000000000332300000000
000000000000232200000000
000000000000222200000000
000000000000222200000000
000000000000222200000000
000000000000221200000000
000000000000121100000000
000000000000111100000000
000000000000111100000000
000000000000111100000000
000000000000111100000000
000000000000111100000000
000000000000111100000000
000000000000111100000000
000000000000211100000000
000000000000222100000000
000000000000222200000000
000000000000222200000000
000000000000222200000000
000000000000322200000000
000000000000333200000000
000000000000333300000000
000000000000333300000000
000000000000433300000000
000000000000444300000000
000000000000444400000000
000000000000444400000000
000000000000544400000000
000000000000555400000000
000000000000555500000000
000000000000555500000000
000000000000555500000000
000000000000655500000000
000000000000666500000000
000000000000666600000000
000000000000666600000000
100000000000666600000000
110000000000766600000000
110000000000776600000000
111000000000777600000000
111100000000777700000000
212110000000777700000000
322211100000777700000000
232211010000777700000000
322211100000777700000000
433211110000777700000000
544321110000777700000000
554422210000777700000000
554422220000777700000000
554422220000777700000000
655432220000777700000000
766533320000777700000000
776633330000777700000000
675633230000777700000000
564523220000777700000000
453422120000777700000000
443312110000777700000000
443311110000777700000000
343311110000777700000000
433311110000777700000000
443311110000777700000000
443311110000777700000000
443311110000777700000000
443321110000877700000000
544322110000887700000000
554422110000887700000000
554422110000887700000000
554422110000887700000000
454422110000887700000000
443412110000888700000000
343311110000888800000000
232311110000888800000000
222211010000888800000000
221201000000888800000000
221100000000888800000000
221100000000888800000000
221100000000888800000000
221100000000888800000000
221100000000888800000000
121100000000888800000000
111100000000888800000000
110100000000888800000000
010000000000888800000000
000000000000888800000000
000000000000888800000000
000000000000888800000000
000000000000888800000000
000000000000888800000000
000000000000888800000000
000000000000888800000000
000000000000888800000000
000000000000888800000000
000000000000888800000000
000000000000888800000000
000000000000888800000000
000000000000888800000000
000000000000888800000000
000000000000888800000000
000000000000888800000000
000000000000888800000000
000000000000888800000000
000000000000888800000000
000000000000888800000000
000000000000888800000000
000000000000888800000000
000000000000888800000000
000000000000888800000000
000000000000888800000000
000000000000888800000000
000000000000888800000000
000000000000888800000000
000000000000888800000000
000000000000887800000000
000000000000887700000000
000000000000887700000000
000000000000887700000000
000000000000887700000000
000000000000887700000000
000000000000787700000000
000000000000777700000000
000000000000777700000000
000000000000777700000000
000000000000777700000000
000000000000777700000000
000000000000777700000000
000000000000777700000000
000000000000777700000000
000000000000777700000000
000000000000777700000000
000000000000777700000000
000000000000777700000000
000000000000777700000000
000000000000777700000000
000000000000777700000000
000000000000777700000000
000000000000777700000000
000000000000777700000000
000000000000777700000000
000000000000777700000000
000000000000777700000000
000000000000777700000000
000000000000776700000000
000000000000776600000000
000000000000676600000000
000000000000666600000000
000000000000666600000000
000000000000666600000000
000000000000666600000000
000000000000665600000000
000000000000665500000000
000000000000565500000000
000000000000555500000000
000000000000555500000000
000000000000554500000000
000000000000554400000000
000000000000454400000000
000000000000444400000000
000000000000443400000000
000000000000343300000000
000000000000333300000000
000000000000333300000000
000000000000332300000000
000000000000332200000000
000000000000232200000000
000000000000222200000000
000000000000222200000000
000000000000221200000000
000000000000221100000000
000000000000121100000000
000000000000111100000000
000000000000111100000000
000000000000111100000000
000000000000111100000000
000000000000211100000000
000000000000222100000000
000000000000222200000000
000000000000222200000000
000000000000222200000000
000000000000322200000000
000000000000333200000000
000000000000333300000000
000000000000333300000000
000000000000433300000000
000000000000444300000000
000000000000444400000000
000000000000544400000000
000000000000554400000000
000000000000555400000000
000000000000555500000000
000000000000555500000000
000000000000655500000000
000000000000665500000000
000000000000666500000000
000000000000666600000000
000000000000666600000000
100000000000766600000000
111000000000776600000000
111100000000777600000000
111100000000777700000000
211100000000777700000000
221110000000777700000000
322111100000777700000000
433211110000777700000000
342311110000777700000000
433211110000777700000000
544321110000777700000000
655432210000777700000000
665533220000777700000000
665533220000777700000000
665533220000777700000000
766543320000777700000000
877644330000777700000000
887744330000777700000000
786744330000777700000000
675634230000777700000000
564523220000777700000000
554422120000777700000000
554422110000777700000000
453422110000877700000000
544322110000887700000000
554422110000887700000000
554422110000887700000000
554422110000887700000000
654432210000888700000000
665433220000888800000000
665533220000888800000000
665533220000888800000000
665533220000888800000000
564523220000888800000000
454422120000888800000000
443412110000888800000000
342311110000888800000000
332211110000888800000000
232211010000888800000000
322211000000888800000000
332211000000888800000000
232211000000888800000000
222211000000888800000000
222211000000888800000000
221201000000888800000000
121100000000888800000000
111100000000888800000000
110100000000888800000000
110000000000888800000000
110000000000888800000000
010000000000888800000000
000000000000888800000000
000000000000888800000000
000000000000888800000000
000000000000888800000000
000000000000888800000000
000000000000888800000000
000000000000888800000000
000000000000888800000000
000000000000888800000000
000000000000888800000000
000000000000888800000000
000000000000888800000000
000000000000888800000000
000000000000888800000000
000000000000888800000000
000000000000888800000000
000000000000888800000000
000000000000888800000000
000000000000888800000000
000000000000888800000000
000000000000888800000000
000000000000888800000000
000000000000888800000000
000000000000888800000000
000000000000888800000000
000000000000888800000000
000000000000888800000000
000000000000888800000000
000000000000888800000000
000000000000888800000000
000000000000888800000000
000000000000888800000000
000000000000887800000000
000000000000887700000000
000000000000887700000000
000000000000887700000000
000000000000887700000000
000000000000787700000000
000000000000777700000000
000000000000777700000000
000000000000777700000000
000000000000777700000000
000000000000777700000000
000000000000777700000000
000000000000777700000000
000000000000777700000000
000000000000777700000000
000000000000777700000000
000000000000777700000000
000000000000777700000000
000000000000777700000000
000000000000777700000000
000000000000777700000000
000000000000777700000000
000000000000777700000000
000000000000777700000000
000000000000777700000000
000000000000776700000000
000000000000776600000000
000000000000676600000000
000000000000666600000000
000000000000666600000000
000000000000666600000000
000000000000666600000000
000000000000665600000000
000000000000565500000000
000000000000555500000000
000000000000555500000000
000000000000555500000000
000000000000554500000000
000000000000454400000000
000000000000444400000000
000000000000443400000000
000000000000443300000000
000000000000343300000000
000000000000333300000000
000000000000333300000000
000000000000332300000000
000000000000332200000000
000000000000232200000000
000000000000222200000000
000000000000222200000000
000000000000221200000000
000000000000121100000000
000000000000111100000000
000000000000111100000000
000000000000211100000000
000000000000222100000000
000000000000222200000000
000000000000222200000000
000000000000222200000000
000000000000322200000000
000000000000333200000000
000000000000333300000000
000000000000333300000000
000000000000433300000000
000000000000444300000000
000000000000444400000000
000000000000544400000000
000000000000555400000000
000000000000555500000000
000000000000555500000000
000000000000655500000000
000000000000665500000000
000000000000666500000000
000000000000666600000000
000000000000666600000000
000000000000666600000000
100000000000766600000000
111000000000777600000000
111100000000777700000000
211110000000777700000000
221111000000777700000000
222111000000777700000000
322211100000777700000000
333211110000777700000000
434321110000777700000000
543422110000777700000000
554322110000777700000000
555422210000777700000000
756532320000777700000000
776643330000777700000000
776644330000777700000000
776644330000777700000000
877644430000777700000000
988754440000777700000000
998855440000777700000000
897845440000777700000000
786744340000877700000000
675634230000887700000000
665533220000887700000000
665533220000887700000000
664533220000888700000000
665433220000888800000000
665533220000888800000000
665533220000888800000000
665533220000888800000000
766533320000888800000000
776633330000888800000000
776633330000888800000000
776633330000888800000000
776633330000888800000000
675633230000888800000000
564523220000888800000000
454422120000888800000000
443412110000888800000000
343311110000888800000000
332311110000888800000000
333211110000888800000000
333311110000888800000000
332311110000888800000000
332211110000888800000000
232211110000888800000000
222211010000888800000000
221201000000888800000000
121100000000888800000000
111100000000888800000000
111100000000888800000000
111100000000888800000000
110100000000888800000000
010000000000888800000000
000000000000888800000000
000000000000888800000000
000000000000888800000000
000000000000888800000000
000000000000888800000000
000000000000888800000000
000000000000888800000000
000000000000888800000000
000000000000888800000000
000000000000888800000000
000000000000888800000000
000000000000888800000000
000000000000888800000000
000000000000888800000000
000000000000888800000000
000000000000888800000000
000000000000888800000000
000000000000888800000000
000000000000888800000000
000000000000888800000000
000000000000888800000000
000000000000888800000000
000000000000888800000000
000000000000888800000000
000000000000888800000000
000000000000888800000000
000000000000888800000000
000000000000888800000000
000000000000888800000000
000000000000888800000000
000000000000888800000000
000000000000888800000000
000000000000888800000000
000000000000888800000000
000000000000888800000000
000000000000888800000000
000000000000887800000000
000000000000887700000000
000000000000887700000000
000000000000887700000000
000000000000787700000000
000000000000777700000000
000000000000777700000000
000000000000777700000000
000000000000777700000000
000000000000777700000000
000000000000777700000000
000000000000777700000000
000000000000777700000000
000000000000777700000000
000000000000777700000000
000000000000777700000000
000000000000777700000000
000000000000777700000000
000000000000777700000000
000000000000777700000000
000000000000777700000000
000000000000777700000000
000000000000776700000000
000000000000776600000000
000000000000676600000000
000000000000666600000000
000000000000666600000000
000000000000666600000000
000000000000665600000000
000000000000665500000000
000000000000565500000000
000000000000555500000000
000000000000555500000000
000000000000554500000000
000000000000454400000000
000000000000444400000000
000000000000444400000000
000000000000443400000000
000000000000443300000000
000000000000343300000000
000000000000333300000000
000000000000333300000000
000000000000332300000000
000000000000232200000000
000000000000222200000000
000000000000222200000000
000000000000221200000000
000000000000121100000000
000000000000211100000000
000000000000222100000000
000000000000222200000000
000000000000222200000000
000000000000222200000000
000000000000322200000000
000000000000333200000000
000000000000333300000000
000000000000333300000000
000000000000433300000000
000000000000444300000000
000000000000444400000000
000000000000544400000000
000000000000555400000000
000000000000555500000000
000000000000555500000000
000000000000655500000000
000000000000666500000000
000000000000666600000000
000000000000666600000000
000000000000666600000000
000000000000666600000000
100000000000766600000000
111000000000777600000000
211100000000777700000000
221110000000777700000000
322111100000777700000000
332211110000777700000000
332211110000777700000000
333211110000777700000000
433321110000777700000000
544322210000777700000000
655432220000777700000000
665533220000777700000000
665533220000777700000000
867543320000777700000000
887744430000777700000000
987754440000777700000000
997745440000777700000000
998754440000777700000000
a99865540000877700000000
aa9966550000887700000000
aa8956450000887700000000
9a7855440000888700000000
896745340000888800000000
786644330000888800000000
776634330000888800000000
776633330000888800000000
776633330000888800000000
776633330000888800000000
776643330000888800000000
876644330000888800000000
887644330000888800000000
887744330000888800000000
887744330000888800000000
887744330000888800000000
887744330000888800000000
786734330000888800000000
675633230000888800000000
564523220000888800000000
554422120000888800000000
553422110000888800000000
553322110000888800000000
553322110000888800000000
453322110000888800000000
443322110000888800000000
443312110000888800000000
342311110000888800000000
232211110000888800000000
222211010000888800000000
221211000000888800000000
221111000000888800000000
221101000000888800000000
121100000000888800000000
111100000000888800000000
010100000000888800000000
000000000000888800000000
000000000000888800000000
000000000000888800000000
000000000000888800000000
000000000000888800000000
000000000000888800000000
000000000000888800000000
000000000000888800000000
000000000000888800000000
000000000000888800000000
000000000000888800000000
000000000000888800000000
000000000000888800000000
000000000000888800000000
000000000000888800000000
000000000000888800000000
000000000000888800000000
000000000000888800000000
000000000000888800000000
000000000000888800000000
000000000000888800000000
000000000000888800000000
000000000000888800000000
000000000000888800000000
000000000000888800000000
000000000000888800000000
000000000000888800000000
000000000000888800000000
000000000000888800000000
000000000000888800000000
000000000000888800000000
000000000000888800000000
000000000000888800000000
000000000000888800000000
000000000000888800000000
000000000000888800000000
000000000000888800000000
000000000000888800000000
000000000000888800000000
000000000000888800000000
000000000000887800000000
000000000000887700000000
000000000000887700000000
000000000000787700000000
000000000000777700000000
000000000000777700000000
000000000000777700000000
000000000000777700000000
000000000000777700000000
000000000000777700000000
000000000000777700000000
000000000000777700000000
000000000000777700000000
000000000000777700000000
000000000000777700000000
000000000000777700000000
000000000000777700000000
000000000000777700000000
000000000000777700000000
000000000000777700000000
000000000000776700000000
000000000000776600000000
000000000000676600000000
000000000000666600000000
000000000000666600000000
000000000000666600000000
000000000000665600000000
000000000000665500000000
000000000000565500000000
000000000000555500000000
000000000000554500000000
000000000000554400000000
000000000000454400000000
000000000000444400000000
000000000000444400000000
000000000000443400000000
000000000000343300000000
000000000000333300000000
000000000000333300000000
000000000000332300000000
000000000000232200000000
000000000000222200000000
000000000000222200000000
000000000000121200000000
000000000000222100000000
000000000000222200000000
000000000000222200000000
000000000000222200000000
000000000000322200000000
000000000000333200000000
000000000000333300000000
000000000000433300000000
000000000000443300000000
000000000000444300000000
000000000000444400000000
000000000000544400000000
000000000000555400000000
000000000000555500000000
000000000000555500000000
000000000000655500000000
000000000000666500000000
000000000000666600000000
000000000000666600000000
000000000000666600000000
000000000000766600000000
100000000000776600000000
111000000000777600000000
111100000000777700000000
212110000000777700000000
322211100000777700000000
333211110000777700000000
433321110000777700000000
443322110000777700000000
443322110000777700000000
544322210000777700000000
655432220000777700000000
766533320000777700000000
776633330000777700000000
776643330000777700000000
978654430000777700000000
a98855440000777700000000
aa9855540000877700000000
aa9955450000887700000000
ba9965540000887700000000
cba976650000888700000000
bcaa77660000888800000000
bbaa67560000888800000000
ab9a56550000888800000000
9a8955450000888800000000
897845440000888800000000
887744340000888800000000
887744330000888800000000
887744330000888800000000
887744330000888800000000
987754430000888800000000
998755440000888800000000
a98855440000888800000000
aa8855440000888800000000
aa8855440000888800000000
9a8855440000888800000000
898845440000888800000000
887844340000888800000000
786734330000888800000000
675633230000888800000000
665533220000888800000000
665533220000888800000000
665533220000888800000000
665533220000888800000000
564523220000888800000000
554422220000888800000000
454422120000888800000000
343412110000888800000000
332311110000888800000000
332211110000888800000000
332211110000888800000000
232211110000888800000000
222211010000888800000000
121201000000888800000000
111100000000888800000000
110100000000888800000000
010000000000888800000000
000000000000888800000000
000000000000888800000000
000000000000888800000000
000000000000888800000000
000000000000888800000000
000000000000888800000000
000000000000888800000000
000000000000888800000000
000000000000888800000000
000000000000888800000000
000000000000888800000000
000000000000888800000000
000000000000888800000000
000000000000888800000000
000000000000888800000000
000000000000888800000000
000000000000888800000000
000000000000888800000000
000000000000888800000000
000000000000888800000000
000000000000888800000000
000000000000888800000000
000000000000888800000000
000000000000888800000000
000000000000888800000000
000000000000888800000000
000000000000888800000000
000000000000888800000000
000000000000888800000000
000000000000888800000000
000000000000888800000000
000000000000888800000000
000000000000888800000000
000000000000888800000000
000000000000888800000000
000000000000888800000000
000000000000888800000000
000000000000888800000000
000000000000888800000000
000000000000888800000000
000000000000888800000000
000000000000888800000000
000000000000887800000000
000000000000887700000000
000000000000887700000000
000000000000787700000000
000000000000777700000000
000000000000777700000000
000000000000777700000000
000000000000777700000000
000000000000777700000000
000000000000777700000000
000000000000777700000000
000000000000777700000000
000000000000777700000000
000000000000777700000000
000000000000777700000000
000000000000777700000000
000000000000777700000000
000000000000777700000000
000000000000777700000000
000000000000776700000000
000000000000676600000000
000000000000666600000000
000000000000666600000000
000000000000666600000000
000000000000666600000000
000000000000665600000000
000000000000565500000000
000000000000555500000000
000000000000555500000000
000000000000554500000000
000000000000454400000000
000000000000444400000000
000000000000444400000000
000000000000443400000000
000000000000343300000000
000000000000333300000000
000000000000333300000000
000000000000332300000000
000000000000232200000000
000000000000222200000000
000000000000221200000000
000000000000222200000000
000000000000222200000000
000000000000322200000000
000000000000332200000000
000000000000333200000000
000000000000333300000000
000000000000433300000000
000000000000444300000000
000000000000444400000000
000000000000444400000000
000000000000544400000000
000000000000555400000000
000000000000555500000000
000000000000555500000000
000000000000655500000000
000000000000666500000000
000000000000666600000000
000000000000666600000000
000000000000666600000000
000000000000766600000000
100000000000777600000000
111000000000777700000000
111100000000777700000000
211110000000777700000000
222111100000777700000000
323211110000777700000000
433321110000777700000000
544322210000777700000000
554422220000777700000000
654432220000777700000000
665433220000777700000000
766533320000777700000000
877643330000777700000000
887744330000777700000000
987744430000777700000000
a99754540000877700000000
baa965550000887700000000
bbaa66550000888700000000
bbaa66550000888800000000
cbba76650000888800000000
cccb87760000888800000000
ccbc78770000888800000000
ccbb77670000888800000000
bcab67560000888800000000
ab9a56550000888800000000
aa8955450000888800000000
9a8855440000888800000000
a98855440000888800000000
aa8855440000888800000000
aa8855440000888800000000
aa9865540000888800000000
ba9966550000888800000000
bba966550000888800000000
bbaa66550000888800000000
bbaa66550000888800000000
ab9a66550000888800000000
9a8956450000888800000000
898845440000888800000000
787844340000888800000000
776734330000888800000000
776643330000888800000000
776644330000888800000000
776634330000888800000000
776633330000888800000000
675633230000888800000000
565523220000888800000000
554522220000888800000000
453422120000888800000000
443322110000888800000000
443322110000888800000000
343312110000888800000000
332311110000888800000000
232211110000888800000000
221201010000888800000000
121100000000888800000000
111100000000888800000000
010100000000888800000000
000000000000888800000000
000000000000888800000000
000000000000888800000000
000000000000888800000000
000000000000888800000000
000000000000888800000000
000000000000888800000000
000000000000888800000000
000000000000888800000000
000000000000888800000000
000000000000888800000000
000000000000888800000000
000000000000888800000000
000000000000888800000000
000000000000888800000000
000000000000888800000000
000000000000888800000000
000000000000888800000000
000000000000888800000000
000000000000888800000000
000000000000888800000000
000000000000888800000000
000000000000888800000000
000000000000888800000000
000000000000888800000000
000000000000888800000000
000000000000888800000000
000000000000888800000000
000000000000888800000000
000000000000888800000000
000000000000888800000000
000000000000888800000000
000000000000888800000000
000000000000888800000000
000000000000888800000000
000000000000888800000000
000000000000888800000000
000000000000888800000000
000000000000888800000000
000000000000888800000000
000000000000888800000000
000000000000888800000000
000000000000888800000000
000000000000888800000000
000000000000888800000000
000000000000887800000000
000000000000887700000000
000000000000787700000000
000000000000777700000000
000000000000777700000000
000000000000777700000000
000000000000777700000000
000000000000777700000000
000000000000777700000000
000000000000777700000000
000000000000777700000000
000000000000777700000000
000000000000777700000000
000000000000777700000000
000000000000777700000000
000000000000777700000000
000000000000777700000000
000000000000776700000000
000000000000776600000000
000000000000676600000000
000000000000666600000000
000000000000666600000000
000000000000666600000000
000000000000665600000000
000000000000665500000000
000000000000565500000000
000000000000555500000000
000000000000554500000000
000000000000554400000000
000000000000454400000000
000000000000444400000000
000000000000443400000000
000000000000443300000000
000000000000343300000000
000000000000333300000000
000000000000332300000000
000000000000232200000000
000000000000222200000000
000000000000222200000000
000000000000322200000000
000000000000333200000000
000000000000333300000000
000000000000333300000000
000000000000433300000000
000000000000444300000000
000000000000444400000000
000000000000444400000000
000000000000544400000000
000000000000555400000000
000000000000555500000000
000000000000555500000000
000000000000655500000000
000000000000666500000000
000000000000666600000000
000000000000666600000000
000000000000766600000000
000000000000776600000000
000000000000777600000000
101000000000777700000000
111100000000777700000000
211110000000777700000000
222111100000777700000000
322211110000777700000000
433221110000777700000000
544322210000777700000000
655432220000777700000000
665533220000777700000000
766533320000777700000000
776643330000777700000000
877644330000777700000000
988754430000877700000000
a98855440000887700000000
aa9855440000887700000000
baa965540000888700000000
cbba76650000888800000000
ccbb77660000888800000000
ccbb77660000888800000000
dccb87760000888800000000
ddcc88870000888800000000
ddcc88780000888800000000
ddcc88770000888800000000
cdbc78670000888800000000
bcab67560000888800000000
bbaa66550000888800000000
bb9a66550000888800000000
bba966550000888800000000
bbaa66550000888800000000
bbaa66550000888800000000
cbaa76650000888800000000
ccba77660000888800000000
ccbb77660000888800000000
ccbb77660000888800000000
ccbb77660000888800000000
bcab67660000888800000000
ab9a66560000888800000000
9a8956450000888800000000
997845440000888800000000
897744340000888800000000
987744430000888800000000
897744440000888800000000
887744340000888800000000
887744330000888800000000
786734330000888800000000
675633230000888800000000
665533220000888800000000
564523220000888800000000
554422220000888800000000
554422220000888800000000
453422120000888800000000
343312110000888800000000
232311110000888800000000
222201010000888800000000
121200000000888800000000
111100000000888800000000
010100000000888800000000
000000000000888800000000
000000000000888800000000
000000000000888800000000
000000000000888800000000
000000000000888800000000
000000000000888800000000
000000000000888800000000
000000000000888800000000
000000000000888800000000
000000000000888800000000
000000000000888800000000
000000000000888800000000
000000000000888800000000
000000000000888800000000
000000000000888800000000
000000000000888800000000
000000000000888800000000
000000000000888800000000
000000000000888800000000
000000000000888800000000
000000000000888800000000
000000000000888800000000
000000000000888800000000
000000000000888800000000
000000000000888800000000
000000000000888800000000
000000000000888800000000
000000000000888800000000
000000000000888800000000
000000000000888800000000
000000000000888800000000
000000000000888800000000
000000000000888800000000
000000000000888800000000
000000000000888800000000
000000000000888800000000
000000000000888800000000
000000000000888800000000
000000000000888800000000
000000000000888800000000
000000000000888800000000
000000000000888800000000
000000000000888800000000
000000000000888800000000
000000000000888800000000
000000000000888800000000
000000000000888800000000
000000000000887800000000
000000000000887700000000
000000000000887700000000
000000000000787700000000
000000000000777700000000
000000000000777700000000
000000000000777700000000
000000000000777700000000
000000000000777700000000
000000000000777700000000
000000000000777700000000
000000000000777700000000
000000000000777700000000
000000000000777700000000
000000000000777700000000
000000000000777700000000
000000000000777700000000
000000000000776700000000
000000000000776600000000
000000000000676600000000
000000000000666600000000
000000000000666600000000
000000000000666600000000
000000000000665600000000
000000000000565500000000
000000000000555500000000
000000000000555500000000
000000000000554500000000
000000000000454400000000
000000000000444400000000
000000000000444400000000
000000000000443400000000
000000000000343300000000
000000000000333300000000
000000000000332300000000
000000000000232200000000
000000000000322200000000
000000000000333200000000
000000000000333300000000
000000000000333300000000
000000000000433300000000
000000000000444300000000
000000000000444400000000
000000000000444400000000
000000000000544400000000
000000000000555400000000
000000000000555500000000
000000000000555500000000
000000000000655500000000
000000000000666500000000
000000000000666600000000
000000000000666600000000
000000000000766600000000
000000000000777600000000
000000000000777700000000
100000000000777700000000
111000000000777700000000
211100000000777700000000
222110100000777700000000
322211110000777700000000
433221110000777700000000
544322210000777700000000
655432220000777700000000
766533320000777700000000
876643330000777700000000
887644330000777700000000
887744430000777700000000
988754440000877700000000
a99865540000888700000000
baa966550000888800000000
bbaa66550000888800000000
cbba76650000888800000000
dccb87760000888800000000
ddcc88770000888800000000
ddcc88770000888800000000
dddc88870000888800000000
eddd98880000888800000000
eedd99880000888800000000
dedd89880000888800000000
ddcd88780000888800000000
cdbc78670000888800000000
ccbb77660000888800000000
ccbb77660000888800000000
ccbb77660000888800000000
ccbb77660000888800000000
ccbb77660000888800000000
dccb87760000888800000000
ddcc88770000888800000000
ddcc88770000888800000000
ddcc88770000888800000000
cdcc78770000888800000000
ccbc77670000888800000000
bcab67660000888800000000
ab9a66560000888800000000
aa9956450000888800000000
aa8955440000888800000000
aa9855440000888800000000
aa8955440000888800000000
9a8855440000888800000000
898845440000888800000000
887844340000888800000000
786744330000888800000000
776634330000888800000000
775633230000888800000000
675533220000888800000000
565523220000888800000000
454522220000888800000000
343412120000888800000000
332311110000888800000000
232211010000888800000000
121201000000888800000000
111100000000888800000000
110100000000888800000000
010000000000888800000000
000000000000888800000000
000000000000888800000000
000000000000888800000000
000000000000888800000000
000000000000888800000000
000000000000888800000000
000000000000888800000000
000000000000888800000000
000000000000888800000000
000000000000888800000000
000000000000888800000000
000000000000888800000000
000000000000888800000000
000000000000888800000000
000000000000888800000000
000000000000888800000000
000000000000888800000000
000000000000888800000000
000000000000888800000000
000000000000888800000000
000000000000888800000000
000000000000888800000000
000000000000888800000000
000000000000888800000000
000000000000888800000000
000000000000888800000000
000000000000888800000000
000000000000888800000000
000000000000888800000000
000000000000888800000000
000000000000888800000000
000000000000888800000000
000000000000888800000000
000000000000888800000000
000000000000888800000000
000000000000888800000000
000000000000888800000000
000000000000888800000000
000000000000888800000000
000000000000888800000000
000000000000888800000000
000000000000888800000000
000000000000888800000000
000000000000888800000000
000000000000888800000000
000000000000888800000000
000000000000888800000000
000000000000888800000000
000000000000888800000000
000000000000887800000000
000000000000787700000000
000000000000777700000000
000000000000777700000000
000000000000777700000000
000000000000777700000000
000000000000777700000000
000000000000777700000000
000000000000777700000000
000000000000777700000000
000000000000777700000000
000000000000777700000000
000000000000777700000000
000000000000777700000000
000000000000777700000000
000000000000777700000000
000000000000776700000000
000000000000676600000000
000000000000666600000000
000000000000666600000000
000000000000666600000000
000000000000665600000000
000000000000565500000000
000000000000555500000000
000000000000555500000000
000000000000554500000000
000000000000454400000000
000000000000444400000000
000000000000444400000000
000000000000443400000000
000000000000343300000000
000000000000333300000000
000000000000232300000000
000000000000333200000000
000000000000333300000000
000000000000333300000000
000000000000433300000000
000000000000444300000000
000000000000444400000000
000000000000444400000000
000000000000544400000000
000000000000555400000000
000000000000555500000000
000000000000555500000000
000000000000655500000000
000000000000666500000000
000000000000666600000000
000000000000666600000000
000000000000766600000000
000000000000777600000000
000000000000777700000000
000000000000777700000000
101000000000777700000000
111100000000777700000000
212110000000777700000000
322211100000777700000000
433221110000777700000000
544322210000777700000000
655432220000777700000000
766533320000777700000000
877643330000777700000000
988754430000777700000000
998855440000877700000000
a98855440000887700000000
aa9865540000888700000000
baa966650000888800000000
cbba76660000888800000000
ccbb77660000888800000000
dccb87760000888800000000
dddc88870000888800000000
eddd98880000888800000000
eedd99880000888800000000
eedd99880000888800000000
eeed99980000888800000000
eeee99990000888800000000
eede99890000888800000000
eedd99880000888800000000
decd89780000888800000000
ddcc88770000888800000000
ddcc88770000888800000000
ddcc88770000888800000000
ddcc88770000888800000000
ddcc88770000888800000000
eddc98870000888800000000
eedd99880000888800000000
eedd99880000888800000000
dedd89880000888800000000
ddcd88780000888800000000
cdcc78770000888800000000
ccbc77670000888800000000
bcab67660000888800000000
bbaa66560000888800000000
bbaa66550000888800000000
bbaa66550000888800000000
bbaa66550000888800000000
ab9a66550000888800000000
9a8956450000888800000000
998855440000888800000000
897845440000888800000000
887744340000888800000000
787744330000888800000000
776734330000888800000000
675633230000888800000000
564523220000888800000000
453412120000888800000000
343311110000888800000000
232311110000888800000000
221201010000888800000000
121100000000888800000000
111100000000888800000000
010100000000888800000000
000000000000888800000000
000000000000888800000000
000000000000888800000000
000000000000888800000000
000000000000888800000000
000000000000888800000000
000000000000888800000000
000000000000888800000000
000000000000888800000000
000000000000888800000000
000000000000888800000000
000000000000888800000000
000000000000888800000000
000000000000888800000000
000000000000888800000000
000000000000888800000000
000000000000888800000000
000000000000888800000000
000000000000888800000000
000000000000888800000000
000000000000888800000000
000000000000888800000000
000000000000888800000000
000000000000888800000000
000000000000888800000000
000000000000888800000000
000000000000888800000000
000000000000888800000000
000000000000888800000000
000000000000888800000000
000000000000888800000000
000000000000888800000000
000000000000888800000000
000000000000888800000000
000000000000888800000000
000000000000888800000000
000000000000888800000000
000000000000888800000000
000000000000888800000000
000000000000888800000000
000000000000888800000000
000000000000888800000000
000000000000888800000000
000000000000888800000000
000000000000888800000000
000000000000888800000000
000000000000888800000000
000000000000888800000000
000000000000888800000000
000000000000888800000000
000000000000887800000000
000000000000887700000000
000000000000787700000000
000000000000777700000000
000000000000777700000000
000000000000777700000000
000000000000777700000000
000000000000777700000000
000000000000777700000000
000000000000777700000000
000000000000777700000000
000000000000777700000000
000000000000777700000000
000000000000777700000000
000000000000777700000000
000000000000777700000000
000000000000776700000000
000000000000776600000000
000000000000676600000000
000000000000666600000000
000000000000666600000000
000000000000665600000000
000000000000665500000000
000000000000565500000000
000000000000555500000000
000000000000554500000000
000000000000554400000000
000000000000454400000000
000000000000444400000000
000000000000343400000000
000000000000333300000000
000000000000332300000000
000000000000333300000000
000000000000333300000000
000000000000433300000000
000000000000444300000000
000000000000444400000000
000000000000444400000000
000000000000544400000000
000000000000555400000000
000000000000555500000000
000000000000655500000000
000000000000665500000000
000000000000666500000000
000000000000666600000000
000000000000666600000000
000000000000766600000000
000000000000777600000000
000000000000777700000000
000000000000777700000000
000000000000777700000000
101000000000777700000000
211100000000777700000000
322110100000777700000000
433211110000777700000000
544321210000777700000000
655432220000777700000000
766533320000777700000000
777643330000777700000000
978754430000877700000000
a99855540000887700000000
ba9965550000888700000000
bba966550000888800000000
bbaa76650000888800000000
cbba77660000888800000000
dccb87760000888800000000
ddcc88770000888800000000
dddc88870000888800000000
eddd98880000888800000000
eeed99980000888800000000
eeee99990000888800000000
eeee99990000888800000000
eeeea9990000888800000000
eeeeaa990000888800000000
eeeeaa990000888800000000
eeee9a990000888800000000
eede99890000888800000000
eedd99880000888800000000
eedd99880000888800000000
eedd99880000888800000000
eedd99880000888800000000
eedd99880000888800000000
eeed99980000888800000000
eeee99990000888800000000
eeee99990000888800000000
eede99890000888800000000
dedd89880000888800000000
ddcd88780000888800000000
cdcc78770000888800000000
ccbc77670000888800000000
ccbb77660000888800000000
ccbb77660000888800000000
ccbb77660000888800000000
bcbb77660000888800000000
bbab67660000888800000000
ab9a66560000888800000000
aa9956550000888800000000
aa8955450000888800000000
9a8855440000888800000000
897845440000888800000000
787734340000888800000000
676733330000888800000000
565623230000888800000000
454522120000888800000000
343412110000888800000000
232311110000888800000000
222201010000888800000000
121200000000888800000000
011100000000888800000000
000100000000888800000000
000000000000888800000000
000000000000888800000000
000000000000888800000000
000000000000888800000000
000000000000888800000000
000000000000888800000000
000000000000888800000000
000000000000888800000000
000000000000888800000000
000000000000888800000000
000000000000888800000000
000000000000888800000000
000000000000888800000000
000000000000888800000000
000000000000888800000000
000000000000888800000000
000000000000888800000000
000000000000888800000000
000000000000888800000000
000000000000888800000000
000000000000888800000000
000000000000888800000000
000000000000888800000000
000000000000888800000000
000000000000888800000000
000000000000888800000000
000000000000888800000000
000000000000888800000000
000000000000888800000000
000000000000888800000000
000000000000888800000000
000000000000888800000000
000000000000888800000000
000000000000888800000000
000000000000888800000000
000000000000888800000000
000000000000888800000000
000000000000888800000000
000000000000888800000000
000000000000888800000000
000000000000888800000000
000000000000888800000000
000000000000888800000000
000000000000888800000000
000000000000888800000000
000000000000888800000000
000000000000888800000000
000000000000888800000000
000000000000888800000000
000000000000888800000000
000000000000888800000000
000000000000888800000000
000000000000887800000000
000000000000887700000000
000000000000787700000000
000000000000777700000000
000000000000777700000000
000000000000777700000000
000000000000777700000000
000000000000777700000000
000000000000777700000000
000000000000777700000000
000000000000777700000000
000000000000777700000000
000000000000777700000000
000000000000777700000000
000000000000777700000000
000000000000777700000000
000000000000776700000000
000000000000676600000000
000000000000666600000000
000000000000666600000000
000000000000666600000000
000000000000665600000000
000000000000565500000000
000000000000555500000000
000000000000555500000000
000000000000454500000000
000000000000444400000000
000000000000443400000000
000000000000343300000000
000000000000333300000000
000000000000333300000000
000000000000433300000000
000000000000444300000000
000000000000444400000000
000000000000444400000000
000000000000544400000000
000000000000555400000000
000000000000555500000000
000000000000655500000000
000000000000666500000000
000000000000666600000000
000000000000666600000000
000000000000666600000000
000000000000766600000000
000000000000777600000000
000000000000777700000000
000000000000777700000000
000000000000777700000000
000000000000777700000000
101000000000777700000000
212100000000777700000000
323210100000777700000000
434321110000777700000000
545422210000777700000000
656532320000777700000000
867643330000877700000000
887744430000887700000000
a89754540000888700000000
baa965550000888800000000
cbba76650000888800000000
ccbb77660000888800000000
ccbb77760000888800000000
dccb87770000888800000000
eddc98870000888800000000
eedd99880000888800000000
eedd99880000888800000000
eeed99980000888800000000
eeeea9990000888800000000
eeeeaa990000888800000000
eeeeaa990000888800000000
eeeeaaa90000888800000000
eeeeaaaa0000888800000000
eeeeaaaa0000888800000000
eeeeaa9a0000888800000000
eeee9a990000888800000000
eeee99990000888800000000
eeee99990000888800000000
eeee99990000888800000000
eeee99990000888800000000
eeeea9990000888800000000
eeeeaa990000888800000000
eeeeaa990000888800000000
eeeeaa990000888800000000
eeee9a990000888800000000
eede99890000888800000000
dedd89880000888800000000
ddcd88780000888800000000
ddcc88770000888800000000
ddcc88770000888800000000
ddcc88770000888800000000
ddcc88770000888800000000
cdbc78770000888800000000
ccbb77670000888800000000
bcab77660000888800000000
bbaa67560000888800000000
abaa66550000888800000000
aa9a56550000888800000000
8a8945450000888800000000
787844340000888800000000
676734330000888800000000
565623230000888800000000
454522220000888800000000
343412120000888800000000
232311110000888800000000
122201010000988800000000
111200000000998800000000
010100000000998800000000
000000000000998800000000
000000000000998800000000
000000000000998800000000
000000000000998800000000
000000000000998800000000
000000000000998800000000
000000000000998800000000
000000000000998800000000
000000000000898800000000
000000000000888800000000
000000000000888800000000
000000000000888800000000
000000000000888800000000
000000000000888800000000
000000000000888800000000
000000000000888800000000
000000000000888800000000
000000000000888800000000
000000000000888800000000
000000000000888800000000
000000000000888800000000
000000000000888800000000
000000000000888800000000
000000000000888800000000
000000000000888800000000
000000000000888800000000
000000000000888800000000
000000000000888800000000
000000000000888800000000
000000000000888800000000
000000000000888800000000
000000000000888800000000
000000000000888800000000
000000000000888800000000
000000000000888800000000
000000000000888800000000
000000000000888800000000
000000000000888800000000
000000000000888800000000
000000000000888800000000
000000000000888800000000
000000000000888800000000
000000000000888800000000
000000000000888800000000
000000000000888800000000
000000000000888800000000
000000000000888800000000
000000000000888800000000
000000000000888800000000
000000000000888800000000
000000000000888800000000
000000000000888800000000
000000000000888800000000
000000000000888800000000
000000000000888800000000
000000000000887800000000
000000000000887700000000
000000000000787700000000
000000000000777700000000
000000000000777700000000
000000000000777700000000
000000000000777700000000
000000000000777700000000
000000000000777700000000
000000000000777700000000
000000000000777700000000
000000000000777700000000
000000000000777700000000
000000000000777700000000
000000000000777700000000
000000000000776700000000
000000000000676600000000
000000000000666600000000
000000000000666600000000
000000000000666600000000
000000000000665600000000
000000000000565500000000
000000000000555500000000
000000000000554500000000
000000000000454400000000
000000000000444400000000
000000000000443400000000
000000000000343300000000
000000000000433300000000
000000000000444300000000
000000000000444400000000
000000000000444400000000
000000000000544400000000
000000000000555400000000
000000000000555500000000
000000000000655500000000
000000000000666500000000
000000000000666600000000
000000000000666600000000
000000000000766600000000
000000000000776600000000
000000000000777600000000
000000000000777700000000
000000000000777700000000
000000000000777700000000
000000000000777700000000
100000000000777700000000
111000000000777700000000
212110000000777700000000
323211100000777700000000
534321210000777700000000
655432220000777700000000
766543320000877700000000
878644430000888700000000
a88854440000888800000000
aaa865540000888800000000
caba76650000888800000000
cccb87760000888800000000
dccc88770000888800000000
ddcc88770000888800000000
dddc88870000888800000000
eded98980000888800000000
eeee99990000888800000000
eeee99990000888800000000
eeeea9990000888800000000
eeeeaaa90000888800000000
eeeeaaaa0000888800000000
eeeeaaaa0000888800000000
eeeeaaaa0000888800000000
eeeeaaaa0000888800000000
eeeeaaaa0000888800000000
eeeeaaaa0000888800000000
eeeeaa9a0000888800000000
eeeeaa990000888800000000
eeeeaa990000888800000000
eeeeaa990000888800000000
eeeeaa990000888800000000
eeeeaaa90000888800000000
eeeeaaaa0000888800000000
eeeeaaaa0000888800000000
eeeeaaaa0000888800000000
eeeeaa9a0000888800000000
eeee9a990000888800000000
eede99890000888800000000
eedd99880000888800000000
eedd99880000888800000000
eedd99880000888800000000
eedd99880000888800000000
dedd89880000988800000000
ddcd88780000998800000000
ddcc88770000998800000000
cdbc78770000998800000000
ccbb77670000998800000000
bcab67660000998800000000
abaa56560000998800000000
9a8a55450000998800000000
897845440000998800000000
686734340000998800000000
565623230000998800000000
454522220000998800000000
343412120000998800000000
232311110000998800000000
121201010000999800000000
111100000000999900000000
010100000000999900000000
000000000000999900000000
000000000000999900000000
000000000000999900000000
000000000000999900000000
000000000000999900000000
000000000000999900000000
000000000000999900000000
000000000000999900000000
000000000000998900000000
000000000000998800000000
000000000000998800000000
000000000000998800000000
000000000000998800000000
000000000000998800000000
000000000000998800000000
000000000000998800000000
000000000000998800000000
000000000000998800000000
000000000000998800000000
000000000000998800000000
000000000000998800000000
000000000000998800000000
000000000000898800000000
000000000000888800000000
000000000000888800000000
000000000000888800000000
000000000000888800000000
000000000000888800000000
000000000000888800000000
000000000000888800000000
000000000000888800000000
000000000000888800000000
000000000000888800000000
000000000000888800000000
000000000000888800000000
000000000000888800000000
000000000000888800000000
000000000000888800000000
000000000000888800000000
000000000000888800000000
000000000000888800000000
000000000000888800000000
000000000000888800000000
000000000000888800000000
000000000000888800000000
000000000000888800000000
000000000000888800000000
000000000000888800000000
000000000000888800000000
000000000000888800000000
000000000000888800000000
000000000000888800000000
000000000000888800000000
000000000000888800000000
000000000000888800000000
000000000000888800000000
000000000000888800000000
000000000000887800000000
000000000000787700000000
000000000000777700000000
000000000000777700000000
000000000000777700000000
000000000000777700000000
000000000000777700000000
000000000000777700000000
000000000000777700000000
000000000000777700000000
000000000000777700000000
000000000000777700000000
000000000000777700000000
000000000000777700000000
000000000000776700000000
000000000000676600000000
000000000000666600000000
000000000000666600000000
000000000000666600000000
000000000000565600000000
000000000000555500000000
000000000000555500000000
000000000000554500000000
000000000000454400000000
000000000000444400000000
000000000000343400000000
000000000000434300000000
000000000000444400000000
000000000000444400000000
000000000000544400000000
000000000000555400000000
000000000000555500000000
000000000000655500000000
000000000000666500000000
000000000000666600000000
000000000000666600000000
000000000000766600000000
000000000000777600000000
000000000000777700000000
000000000000777700000000
000000000000777700000000
000000000000777700000000
000000000000777700000000
000000000000777700000000
101000000000777700000000
211100000000777700000000
222110100000777700000000
323211110000777700000000
535321210000777700000000
756532320000877700000000
877643430000888700000000
988754440000888800000000
a9a865540000888800000000
baaa76650000888800000000
cbca77760000888800000000
dccc87870000888800000000
eddc98880000888800000000
eedd99880000888800000000
eedd99880000888800000000
eeed99980000888800000000
eeeea9990000888800000000
eeeeaa990000888800000000
eeeeaaa90000888800000000
eeeeaaaa0000888800000000
eeeeaaaa0000888800000000
eeeeaaaa0000888800000000
eeeeaaaa0000888800000000
eeeeaaaa0000888800000000
eeeeaaaa0000888800000000
eeeeaaaa0000888800000000
eeeeaaaa0000888800000000
eeeeaaaa0000888800000000
eeeeaaaa0000888800000000
eeeeaaaa0000888800000000
eeeeaaaa0000888800000000
eeeeaaaa0000888800000000
eeeeaaaa0000888800000000
eeeeaaaa0000888800000000
eeeeaaaa0000888800000000
eeeeaaaa0000888800000000
eeeeaa9a0000988800000000
eeeeaa990000998800000000
eeeeaa990000998800000000
eeeeaa990000998800000000
eeee9a990000998800000000
eeee99990000998800000000
eede99890000999800000000
eedd99880000999900000000
dedd89880000999900000000
ddcd88780000999900000000
cdcc78770000999900000000
bcbc77670000999900000000
abab67560000999900000000
9a9a56550000999900000000
898945450000999900000000
786834340000999900000000
675633230000999900000000
464523220000999900000000
343412120000999900000000
232301110000999900000000
121200010000999900000000
111100000000999900000000
010100000000999900000000
000000000000999900000000
000000000000999900000000
000000000000999900000000
000000000000999900000000
000000000000999900000000
000000000000999900000000
000000000000999900000000
000000000000999900000000
000000000000999900000000
000000000000999900000000
000000000000999900000000
000000000000999900000000
000000000000999900000000
000000000000999900000000
000000000000999900000000
000000000000999900000000
000000000000999900000000
000000000000999900000000
000000000000999900000000
000000000000999900000000
000000000000999900000000
000000000000999900000000
000000000000998900000000
000000000000998800000000
000000000000998800000000
000000000000998800000000
000000000000998800000000
000000000000998800000000
000000000000898800000000
000000000000888800000000
000000000000888800000000
000000000000888800000000
000000000000888800000000
000000000000888800000000
000000000000888800000000
000000000000888800000000
000000000000888800000000
000000000000888800000000
000000000000888800000000
000000000000888800000000
000000000000888800000000
000000000000888800000000
000000000000888800000000
000000000000888800000000
000000000000888800000000
000000000000888800000000
000000000000888800000000
000000000000888800000000
000000000000888800000000
000000000000888800000000
000000000000888800000000
000000000000888800000000
000000000000888800000000
000000000000888800000000
000000000000888800000000
000000000000888800000000
000000000000888800000000
000000000000888800000000
000000000000887800000000
000000000000787700000000
000000000000777700000000
000000000000777700000000
000000000000777700000000
000000000000777700000000
000000000000777700000000
000000000000777700000000
000000000000777700000000
000000000000777700000000
000000000000777700000000
000000000000777700000000
000000000000777700000000
000000000000777700000000
000000000000776700000000
000000000000676600000000
000000000000666600000000
000000000000666600000000
000000000000665600000000
000000000000565500000000
000000000000555500000000
000000000000555500000000
000000000000454500000000
000000000000444400000000
000000000000443400000000
000000000000444300000000
000000000000444400000000
000000000000544400000000
000000000000555400000000
000000000000555500000000
000000000000555500000000
000000000000656500000000
000000000000666600000000
000000000000666600000000
000000000000766600000000
000000000000777600000000
000000000000777700000000
000000000000777700000000
000000000000777700000000
000000000000777700000000
000000000000777700000000
000000000000777700000000
000000000000777700000000
101000000000777700000000
212100000000777700000000
322210100000777700000000
433211110000877700000000
545321210000887700000000
757532320000888700000000
978753430000888800000000
a99865540000888800000000
baa976650000888800000000
cbba77760000888800000000
dccb87770000888800000000
eddc98870000888800000000
eeed99980000888800000000
eeee99990000888800000000
eeeea9990000888800000000
eeeeaa990000888800000000
eeeeaaa90000888800000000
eeeeaaaa0000888800000000
eeeeaaaa0000888800000000
eeeeaaaa0000888800000000
eeeeaaaa0000888800000000
eeeeaaaa0000888800000000
eeeeaaaa0000888800000000
eeeeaaaa0000888800000000
eeeeaaaa0000888800000000
eeeeaaaa0000888800000000
eeeeaaaa0000888800000000
eeeeaaaa0000888800000000
eeeeaaaa0000888800000000
eeeeaaaa0000888800000000
eeeeaaaa0000888800000000
eeeeaaaa0000888800000000
eeeeaaaa0000988800000000
eeeeaaaa0000998800000000
eeeeaaaa0000998800000000
eeeeaaaa0000998800000000
eeeeaaaa0000999800000000
eeeeaaaa0000999900000000
eeeeaaaa0000999900000000
eeeeaaaa0000999900000000
eeeeaa9a0000999900000000
eeee9a990000999900000000
eeee99990000999900000000
eeee99990000999900000000
eede99890000999900000000
dedd89880000999900000000
ddcd88780000999900000000
bdbc78770000999900000000
abab67670000999900000000
9a9a56560000999900000000
898945450000999900000000
787834340000999900000000
576723330000999900000000
454612230000999900000000
243411120000999900000000
222301010000999900000000
121200000000999900000000
111100000000999900000000
010100000000999900000000
000000000000999900000000
000000000000999900000000
000000000000999900000000
000000000000999900000000
000000000000999900000000
000000000000999900000000
000000000000999900000000
000000000000999900000000
000000000000999900000000
000000000000999900000000
000000000000999900000000
000000000000999900000000
000000000000999900000000
000000000000999900000000
000000000000999900000000
000000000000999900000000
000000000000999900000000
000000000000999900000000
000000000000999900000000
000000000000999900000000
000000000000999900000000
000000000000999900000000
000000000000999900000000
000000000000999900000000
000000000000999900000000
000000000000999900000000
000000000000999900000000
000000000000999900000000
000000000000998900000000
000000000000998800000000
000000000000998800000000
000000000000998800000000
000000000000898800000000
000000000000888800000000
000000000000888800000000
000000000000888800000000
000000000000888800000000
000000000000888800000000
000000000000888800000000
000000000000888800000000
000000000000888800000000
000000000000888800000000
000000000000888800000000
000000000000888800000000
000000000000888800000000
000000000000888800000000
000000000000888800000000
000000000000888800000000
000000000000888800000000
000000000000888800000000
000000000000888800000000
000000000000888800000000
000000000000888800000000
000000000000888800000000
000000000000888800000000
000000000000888800000000
000000000000888800000000
000000000000888800000000
000000000000888800000000
000000000000887800000000
000000000000887700000000
000000000000787700000000
000000000000777700000000
000000000000777700000000
000000000000777700000000
000000000000777700000000
000000000000777700000000
000000000000777700000000
000000000000777700000000
000000000000777700000000
000000000000777700000000
000000000000777700000000
000000000000777700000000
000000000000776700000000
000000000000676600000000
000000000000666600000000
000000000000666600000000
000000000000665600000000
000000000000565500000000
000000000000555500000000
000000000000554500000000
000000000000454400000000
000000000000444400000000
000000000000444400000000
000000000000544400000000
000000000000555400000000
000000000000555500000000
000000000000555500000000
000000000000655500000000
000000000000666500000000
000000000000666600000000
000000000000766600000000
000000000000777600000000
000000000000777700000000
000000000000777700000000
000000000000777700000000
000000000000777700000000
000000000000777700000000
000000000000777700000000
000000000000777700000000
100000000000777700000000
111000000000777700000000
212110000000777700000000
323211100000877700000000
434321110000888700000000
645432210000888800000000
767543320000888800000000
979754530000888800000000
b9a965650000888800000000
cbba76760000888800000000
dccb87770000888800000000
eddc98870000888800000000
eeed99980000888800000000
eeeea9990000888800000000
eeeeaa990000888800000000
eeeeaaa90000888800000000
eeeeaaaa0000888800000000
eeeeaaaa0000888800000000
eeeeaaaa0000888800000000
eeeeaaaa0000888800000000
eeeeaaaa0000888800000000
eeeeaaaa0000888800000000
eeeeaaaa0000888800000000
eeeeaaaa0000888800000000
eeeeaaaa0000888800000000
eeeeaaaa0000888800000000
eeeeaaaa0000888800000000
eeeeaaaa0000888800000000
eeeeaaaa0000888800000000
eeeeaaaa0000888800000000
eeeeaaaa0000988800000000
eeeeaaaa0000998800000000
eeeeaaaa0000998800000000
eeeeaaaa0000999800000000
eeeeaaaa0000999900000000
eeeeaaaa0000999900000000
eeeeaaaa0000999900000000
eeeeaaaa0000999900000000
eeeeaaaa0000999900000000
eeeeaaaa0000999900000000
eeeeaaaa0000999900000000
eeeeaaaa0000999900000000
eeeeaa9a0000999900000000
eeeeaa990000999900000000
eeee9a990000999900000000
eeee99990000999900000000
dede89890000999900000000
dddd88880000999900000000
cdbd78780000999900000000
bcab67670000999900000000
ab9a56560000999900000000
8a8945450000999900000000
687834340000999900000000
565723230000999900000000
354512120000999900000000
332411110000999900000000
232211010000999900000000
121201000000999900000000
111100000000999900000000
110100000000999900000000
010000000000999900000000
000000000000999900000000
000000000000999900000000
000000000000999900000000
000000000000999900000000
000000000000999900000000
000000000000999900000000
000000000000999900000000
000000000000999900000000
000000000000999900000000
000000000000999900000000
000000000000999900000000
000000000000999900000000
000000000000999900000000
000000000000999900000000
000000000000999900000000
000000000000999900000000
000000000000999900000000
000000000000999900000000
000000000000999900000000
000000000000999900000000
000000000000999900000000
000000000000999900000000
000000000000999900000000
000000000000999900000000
000000000000999900000000
000000000000999900000000
000000000000999900000000
000000000000999900000000
000000000000999900000000
000000000000999900000000
000000000000999900000000
000000000000998900000000
000000000000998800000000
000000000000998800000000
000000000000898800000000
000000000000888800000000
000000000000888800000000
000000000000888800000000
000000000000888800000000
000000000000888800000000
000000000000888800000000
000000000000888800000000
000000000000888800000000
000000000000888800000000
000000000000888800000000
000000000000888800000000
000000000000888800000000
000000000000888800000000
000000000000888800000000
000000000000888800000000
000000000000888800000000
000000000000888800000000
000000000000888800000000
000000000000888800000000
000000000000888800000000
000000000000888800000000
000000000000888800000000
000000000000888800000000
000000000000888800000000
000000000000888800000000
000000000000887800000000
000000000000787700000000
000000000000777700000000
000000000000777700000000
000000000000777700000000
000000000000777700000000
000000000000777700000000
000000000000777700000000
000000000000777700000000
000000000000777700000000
000000000000777700000000
000000000000777700000000
000000000000777700000000
000000000000676700000000
000000000000666600000000
000000000000666600000000
000000000000666600000000
000000000000565600000000
000000000000555500000000
000000000000555500000000
000000000000454500000000
000000000000444400000000
000000000000444400000000
000000000000545400000000
000000000000555500000000
000000000000555500000000
000000000000655500000000
000000000000666500000000
000000000000666600000000
000000000000666600000000
000000000000767600000000
000000000000777700000000
000000000000777700000000
000000000000777700000000
000000000000777700000000
000000000000777700000000
000000000000777700000000
000000000000777700000000
100000000000777700000000
111000000000777700000000
211100000000777700000000
222110100000877700000000
323211110000888700000000
534321210000888800000000
656432320000888800000000
867643430000888800000000
989754540000888800000000
b9b965650000888800000000
dbcb86760000888800000000
dddc88870000888800000000
eded98980000888800000000
eeee99990000888800000000
eeeea9a90000888800000000
eeeeaaaa0000888800000000
eeeeaaaa0000888800000000
eeeeaaaa0000888800000000
eeeeaaaa0000888800000000
eeeeaaaa0000888800000000
eeeeaaaa0000888800000000
eeeeaaaa0000888800000000
eeeeaaaa0000888800000000
eeeeaaaa0000888800000000
eeeeaaaa0000888800000000
eeeeaaaa0000888800000000
eeeeaaaa0000888800000000
eeeeaaaa0000888800000000
eeeeaaaa0000988800000000
eeeeaaaa0000998800000000
eeeeaaaa0000998800000000
eeeeaaaa0000999800000000
eeeeaaaa0000999900000000
eeeeaaaa0000999900000000
eeeeaaaa0000999900000000
eeeeaaaa0000999900000000
eeeeaaaa0000999900000000
eeeeaaaa0000999900000000
eeeeaaaa0000999900000000
eeeeaaaa0000999900000000
eeeeaaaa0000999900000000
eeeeaaaa0000999900000000
eeeeaaaa0000999900000000
eeeeaaaa0000999900000000
eeeeaaaa0000999900000000
eeeeaa9a0000999900000000
eeee9a990000999900000000
eede99890000999900000000
dedd89880000999900000000
cdcd78780000999900000000
bcbc67670000999900000000
9bab56560000999900000000
798a45450000999900000000
676834340000999900000000
565623230000999900000000
453512120000999900000000
343311110000999900000000
232311110000999900000000
221201010000999900000000
121100000000999900000000
111100000000999900000000
010100000000999900000000
000000000000999900000000
000000000000999900000000
000000000000999900000000
000000000000999900000000
000000000000999900000000
000000000000999900000000
000000000000999900000000
000000000000999900000000
000000000000999900000000
000000000000999900000000
000000000000999900000000
000000000000999900000000
000000000000999900000000
000000000000999900000000
000000000000999900000000
000000000000999900000000
000000000000999900000000
000000000000999900000000
000000000000999900000000
000000000000999900000000
000000000000999900000000
000000000000999900000000
000000000000999900000000
000000000000999900000000
000000000000999900000000
000000000000999900000000
000000000000999900000000
000000000000999900000000
000000000000999900000000
000000000000999900000000
000000000000999900000000
000000000000999900000000
000000000000999900000000
000000000000999900000000
000000000000998900000000
000000000000998800000000
000000000000998800000000
000000000000898800000000
000000000000888800000000
000000000000888800000000
000000000000888800000000
000000000000888800000000
000000000000888800000000
000000000000888800000000
000000000000888800000000
000000000000888800000000
000000000000888800000000
000000000000888800000000
000000000000888800000000
000000000000888800000000
000000000000888800000000
000000000000888800000000
000000000000888800000000
000000000000888800000000
000000000000888800000000
000000000000888800000000
000000000000888800000000
000000000000888800000000
000000000000888800000000
000000000000888800000000
000000000000888800000000
000000000000887800000000
000000000000787700000000
000000000000777700000000
000000000000777700000000
000000000000777700000000
000000000000777700000000
000000000000777700000000
000000000000777700000000
000000000000777700000000
000000000000777700000000
000000000000777700000000
000000000000777700000000
000000000000776700000000
000000000000676600000000
000000000000666600000000
000000000000666600000000
000000000000665600000000
000000000000565500000000
000000000000555500000000
000000000000554500000000
000000000000454400000000
000000000000544400000000
000000000000555400000000
000000000000555500000000
000000000000655500000000
000000000000666500000000
000000000000666600000000
000000000000666600000000
000000000000766600000000
000000000000777600000000
000000000000777700000000
000000000000777700000000
000000000000777700000000
000000000000777700000000
000000000000777700000000
000000000000777700000000
100000000000777700000000
111000000000777700000000
211100000000777700000000
222110000000877700000000
322211100000888700000000
433221110000888800000000
545322210000888800000000
756532320000888800000000
878643430000888800000000
a89854540000888800000000
bab975650000888800000000
dbdb87860000888800000000
eddd98880000888800000000
eeed99980000888800000000
eeeea9990000888800000000
eeeeaaa90000888800000000
eeeeaaaa0000888800000000
eeeeaaaa0000888800000000
eeeeaaaa0000888800000000
eeeeaaaa0000888800000000
eeeeaaaa0000888800000000
eeeeaaaa0000888800000000
eeeeaaaa0000888800000000
eeeeaaaa0000888800000000
eeeeaaaa0000888800000000
eeeeaaaa0000888800000000
eeeeaaaa0000888800000000
eeeeaaaa0000988800000000
eeeeaaaa0000998800000000
eeeeaaaa0000999800000000
eeeeaaaa0000999900000000
eeeeaaaa0000999900000000
eeeeaaaa0000999900000000
eeeeaaaa0000999900000000
eeeeaaaa0000999900000000
eeeeaaaa0000999900000000
eeeeaaaa0000999900000000
eeeeaaaa0000999900000000
eeeeaaaa0000999900000000
eeeeaaaa0000999900000000
eeeeaaaa0000999900000000
eeeeaaaa0000999900000000
eeeeaaaa0000999900000000
eeeeaaaa0000999900000000
eeeeaaaa0000999900000000
eeeeaaaa0000999900000000
eeeeaaaa0000999900000000
eeee9a9a0000999900000000
eeee99990000999900000000
dede89890000999900000000
cdcd78780000999900000000
bcbc67670000999900000000
9b9b56560000999900000000
797945450000999900000000
676734340000999900000000
565623230000999900000000
454522120000999900000000
343412110000999900000000
332311110000999900000000
232211010000999900000000
121201000000999900000000
111100000000999900000000
010100000000999900000000
000000000000999900000000
000000000000999900000000
000000000000999900000000
000000000000999900000000
000000000000999900000000
000000000000999900000000
000000000000999900000000
000000000000999900000000
000000000000999900000000
000000000000999900000000
000000000000999900000000
000000000000999900000000
000000000000999900000000
000000000000999900000000
000000000000999900000000
000000000000999900000000
000000000000999900000000
000000000000999900000000
000000000000999900000000
000000000000999900000000
000000000000999900000000
000000000000999900000000
000000000000999900000000
000000000000999900000000
000000000000999900000000
000000000000999900000000
000000000000999900000000
000000000000999900000000
000000000000999900000000
000000000000999900000000
000000000000999900000000
000000000000999900000000
000000000000999900000000
000000000000999900000000
000000000000999900000000
000000000000999900000000
000000000000999900000000
000000000000998900000000
000000000000998800000000
000000000000898800000000
000000000000888800000000
000000000000888800000000
000000000000888800000000
000000000000888800000000
000000000000888800000000
000000000000888800000000
000000000000888800000000
000000000000888800000000
000000000000888800000000
000000000000888800000000
000000000000888800000000
000000000000888800000000
000000000000888800000000
000000000000888800000000
000000000000888800000000
000000000000888800000000
000000000000888800000000
000000000000888800000000
000000000000888800000000
000000000000888800000000
000000000000888800000000
000000000000888800000000
000000000000887800000000
000000000000787700000000
000000000000777700000000
000000000000777700000000
000000000000777700000000
000000000000777700000000
000000000000777700000000
000000000000777700000000
000000000000777700000000
000000000000777700000000
000000000000777700000000
000000000000777700000000
000000000000776700000000
000000000000676600000000
000000000000666600000000
000000000000666600000000
000000000000565600000000
000000000000555500000000
000000000000555500000000
000000000000454500000000
000000000000555400000000
000000000000555500000000
000000000000655500000000
000000000000666500000000
000000000000666600000000
000000000000666600000000
000000000000766600000000
000000000000777600000000
000000000000777700000000
000000000000777700000000
000000000000777700000000
000000000000777700000000
000000000000777700000000
000000000000777700000000
100000000000777700000000
111000000000777700000000
211100000000777700000000
222110000000877700000000
322211100000888700000000
433211110000888800000000
544321210000888800000000
655432220000888800000000
767533320000888800000000
978753430000888800000000
b9a865540000888800000000
cbba76750000888800000000
dcdb87870000888800000000
eded98980000888800000000
eeeea9990000888800000000
eeeeaaa90000888800000000
eeeeaaaa0000888800000000
eeeeaaaa0000888800000000
eeeeaaaa0000888800000000
eeeeaaaa0000888800000000
eeeeaaaa0000888800000000
eeeeaaaa0000888800000000
eeeeaaaa0000888800000000
eeeeaaaa0000888800000000
eeeeaaaa1000888800000000
eeeeaaaa1100988800000000
eeeeaaaa1100998800000000
eeeeaaaa1100998800000000
eeeeaaaa1100999800000000
eeeeaaaa0100999900000000
eeeeaaaa0000999900000000
eeeeaaaa0000999900000000
eeeeaaaa0000999900000000
eeeeaaaa1000999900000000
eeeeaaaa1100999900000000
eeeeaaaa0100999900000000
eeeeaaaa0000999900000000
eeeeaaaa0000999900000000
eeeeaaaa0000999900000000
eeeeaaaa0000999900000000
eeeeaaaa0000999900000000
eeeeaaaa0000999900000000
eeeeaaaa0000999900000000
eeeeaaaa0000999900000000
eeeeaaaa0000999900000000
eeeeaaaa0000999900000000
eeeeaaaa0000999900000000
eeeeaaaa0000999900000000
eeee9a9a0000999900000000
eeee99990000999900000000
dede89890000999900000000
cdcd78780000999900000000
acbc67670000999900000000
9a9b56560000999900000000
897945450000999900000000
786734340000999900000000
675633230000999900000000
564523220000999900000000
453412120000999900000000
343311110000999900000000
232311110000999900000000
121201010000999900000000
111100000000999900000000
010100000000999900000000
000000000000999900000000
000000000000999900000000
000000000000999900000000
000000000000999900000000
000000000000999900000000
000000000000999900000000
000000000000999900000000
000000000000999900000000
000000000000999900000000
000000000000999900000000
000000000000999900000000
000000000000999900000000
000000000000999900000000
000000000000999900000000
000000000000999900000000
000000000000999900000000
000000000000999900000000
000000000000999900000000
000000000000999900000000
000000000000999900000000
000000000000999900000000
000000000000999900000000
000000000000999900000000
000000000000999900000000
000000000000999900000000
000000000000999900000000
000000000000999900000000
000000000000999900000000
000000000000999900000000
000000000000999900000000
000000000000999900000000
000000000000999900000000
000000000000999900000000
000000000000999900000000
000000000000999900000000
000000000000999900000000
000000000000999900000000
000000000000999900000000
000000000000999900000000
000000000000998900000000
000000000000998800000000
000000000000998800000000
000000000000898800000000
000000000000888800000000
000000000000888800000000
000000000000888800000000
000000000000888800000000
000000000000888800000000
000000000000888800000000
000000000000888800000000
000000000000888800000000
000000000000888800000000
000000000000888800000000
000000000000888800000000
000000000000888800000000
000000000000888800000000
000000000000888800000000
000000000000888800000000
000000000000888800000000
000000000000888800000000
000000000000888800000000
000000000000888800000000
000000000000888800000000
000000000000887800000000
000000000000787700000000
000000000000777700000000
000000000000777700000000
000000000000777700000000
000000000000777700000000
000000000000777700000000
000000000000777700000000
000000000000777700000000
000000000000777700000000
000000000000777700000000
000000000000777700000000
000000000000676700000000
000000000000666600000000
000000000000666600000000
000000000000665600000000
000000000000565500000000
000000000000555500000000
000000000000554500000000
000000000000555500000000
000000000000655500000000
000000000000666500000000
000000000000666600000000
000000000000666600000000
000000000000766600000000
000000000000777600000000
000000000000777700000000
000000000000777700000000
000000000000777700000000
000000000000777700000000
000000000000777700000000
000000000000777700000000
100000000000777700000000
111000000000777700000000
211100000000777700000000
222110000000877700000000
322211100000888700000000
433221110000888800000000
544322110000888800000000
655432210000888800000000
766533320000888800000000
877643330000888800000000
989754530000888800000000
b9b965650000888800000000
cbcb76760000888800000000
dcdc87870000888800000000
eded98980000888800000000
eeeea9a90000888800000000
eeeeaaaa0000888800000000
eeeeaaaa0000888800000000
eeeeaaaa0000888800000000
eeeeaaaa0000888800000000
eeeeaaaa0000888800000000
eeeeaaaa0000888800000000
eeeeaaaa0000888800000000
eeeeaaaa0000888800000000
eeeeaaaa1000888800000000
eeeeaaaa1110988800000000
eeeeaaaa1111999800000000
eeeeaaaa2111999900000000
eeeeaaaa2211999900000000
eeeeaaaa1211999900000000
eeeeaaaa1101999900000000
eeeeaaaa1100999900000000
eeeeaaaa1100999900000000
eeeeaaaa1100999900000000
eeeeaaaa1110999900000000
eeeeaaaa1111999900000000
eeeeaaaa1101999900000000
eeeeaaaa0100999900000000
eeeeaaaa0000999900000000
eeeeaaaa0000999900000000
eeeeaaaa0000999900000000
eeeeaaaa0000999900000000
eeeeaaaa0000999900000000
eeeeaaaa0000999900000000
eeeeaaaa0000999900000000
eeeeaaaa0000999900000000
eeeeaaaa0000999900000000
eeeeaaaa0000999900000000
eeeeaaaa0000999900000000
eeeeaa9a0000999900000000
eeee9a990000999900000000
dede89890000999900000000
bdcd78780000999900000000
abac67670000999900000000
9a9a56560000999900000000
898945450000999900000000
787844340000999900000000
676734330000999900000000
565623230000999900000000
454522120000999900000000
343412110000999900000000
232311110000999900000000
121201010000999900000000
111100000000999900000000
010100000000999900000000
000000000000999900000000
000000000000999900000000
000000000000999900000000
000000000000999900000000
000000000000999900000000
000000000000999900000000
000000000000999900000000
000000000000999900000000
000000000000999900000000
000000000000999900000000
000000000000999900000000
000000000000999900000000
000000000000999900000000
000000000000999900000000
000000000000999900000000
000000000000999900000000
000000000000999900000000
000000000000999900000000
000000000000999900000000
000000000000999900000000
000000000000999900000000
000000000000999900000000
000000000000999900000000
000000000000999900000000
000000000000999900000000
000000000000999900000000
000000000000999900000000
000000000000999900000000
000000000000999900000000
000000000000999900000000
000000000000999900000000
000000000000999900000000
000000000000999900000000
000000000000999900000000
000000000000999900000000
000000000000999900000000
000000000000999900000000
000000000000999900000000
000000000000999900000000
000000000000999900000000
000000000000999900000000
000000000000999900000000
000000000000998900000000
000000000000898800000000
000000000000888800000000
000000000000888800000000
000000000000888800000000
000000000000888800000000
000000000000888800000000
000000000000888800000000
000000000000888800000000
000000000000888800000000
000000000000888800000000
000000000000888800000000
000000000000888800000000
000000000000888800000000
000000000000888800000000
000000000000888800000000
000000000000888800000000
000000000000888800000000
000000000000888800000000
000000000000888800000000
000000000000888800000000
000000000000888800000000
000000000000887800000000
000000000000787700000000
000000000000777700000000
000000000000777700000000
000000000000777700000000
000000000000777700000000
000000000000777700000000
000000000000777700000000
000000000000777700000000
000000000000777700000000
000000000000777700000000
000000000000776700000000
000000000000676600000000
000000000000666600000000
000000000000666600000000
000000000000565600000000
000000000000555500000000
000000000000555500000000
000000000000555500000000
000000000000656500000000
000000000000666600000000
000000000000666600000000
000000000000766600000000
000000000000777600000000
000000000000777700000000
000000000000777700000000
000000000000777700000000
000000000000777700000000
000000000000777700000000
000000000000777700000000
100000000000777700000000
111000000000777700000000
111100000000777700000000
212110000000877700000000
322211100000888700000000
433221110000888800000000
544322210000888800000000
655432220000888800000000
766533320000888800000000
877643330000888800000000
988754430000888800000000
a99865540000888800000000
bab976650000888800000000
dbcb87760000888800000000
eddc98870000888800000000
eeed99980000888800000000
eeeea9a90000888800000000
eeeeaaaa0000888800000000
eeeeaaaa0000888800000000
eeeeaaaa0000888800000000
eeeeaaaa0000888800000000
eeeeaaaa0000888800000000
eeeeaaaa0000888800000000
eeeeaaaa0000888800000000
eeeeaaaa1000988800000000
eeeeaaaa1110998800000000
eeeeaaaa2111999800000000
eeeeaaaa2211999900000000
eeeeaaaa2221999900000000
eeeeaaaa2222999900000000
eeeeaaaa2212999900000000
eeeeaaaa1211999900000000
eeeeaaaa2111999900000000
eeeeaaaa2211999900000000
eeeeaaaa2211999900000000
eeeeaaaa2211999900000000
eeeeaaaa2211999900000000
eeeeaaaa1211999900000000
eeeeaaaa1101999900000000
eeeeaaaa1100999900000000
eeeeaaaa1100999900000000
eeeeaaaa0100999900000000
eeeeaaaa0000999900000000
eeeeaaaa0000999900000000
eeeeaaaa0000999900000000
eeeeaaaa0000999900000000
eeeeaaaa0000999900000000
eeeeaaaa0000999900000000
eeeeaaaa0000999900000000
eeeeaaaa0000999900000000
eeee9aaa0000999900000000
deee899a0000999900000000
ddde88890000999900000000
cdbd78780000999900000000
bcab67670000999900000000
ab9a56560000999900000000
9a8955450000999900000000
797845440000999900000000
676734340000999900000000
565623230000999900000000
454522220000999900000000
343412120000999900000000
232311110000999900000000
121201010000999900000000
111100000000999900000000
010100000000999900000000
000000000000999900000000
000000000000999900000000
000000000000999900000000
000000000000999900000000
000000000000999900000000
000000000000999900000000
000000000000999900000000
000000000000999900000000
000000000000999900000000
000000000000999900000000
000000000000999900000000
000000000000999900000000
000000000000999900000000
000000000000999900000000
000000000000999900000000
000000000000999900000000
000000000000999900000000
000000000000999900000000
000000000000999900000000
000000000000999900000000
000000000000999900000000
000000000000999900000000
000000000000999900000000
000000000000999900000000
000000000000999900000000
000000000000999900000000
000000000000999900000000
000000000000999900000000
000000000000999900000000
000000000000999900000000
000000000000999900000000
000000000000999900000000
000000000000999900000000
000000000000999900000000
000000000000999900000000
000000000000999900000000
000000000000999900000000
000000000000999900000000
000000000000999900000000
000000000000999900000000
000000000000999900000000
000000000000999900000000
000000000000999900000000
000000000000998900000000
000000000000998800000000
000000000000898800000000
000000000000888800000000
000000000000888800000000
000000000000888800000000
000000000000888800000000
000000000000888800000000
000000000000888800000000
000000000000888800000000
000000000000888800000000
000000000000888800000000
000000000000888800000000
000000000000888800000000
000000000000888800000000
000000000000888800000000
000000000000888800000000
000000000000888800000000
000000000000888800000000
000000000000888800000000
000000000000888800000000
000000000000888800000000
000000000000887800000000
000000000000787700000000
000000000000777700000000
000000000000777700000000
000000000000777700000000
000000000000777700000000
000000000000777700000000
000000000000777700000000
000000000000777700000000
000000000000777700000000
000000000000777700000000
000000000000776700000000
000000000000676600000000
000000000000666600000000
000000000000665600000000
000000000000565500000000
000000000000555500000000
000000000000655500000000
000000000000666500000000
000000000000666600000000
000000000000766600000000
000000000000777600000000
000000000000777700000000
000000000000777700000000
000000000000777700000000
000000000000777700000000
000000000000777700000000
000000000000777700000000
100000000000777700000000
111000000000777700000000
211100000000777700000000
221110000000877700000000
322111100000888700000000
433211110000888800000000
544321210000888800000000
655432220000888800000000
766533320000888800000000
877643330000888800000000
988754430000888800000000
a99865540000888800000000
baa966650000888800000000
cbba76760000888800000000
dcdb87870000888800000000
eded98980000888800000000
eeeea9990000888800000000
eeeeaaa90000888800000000
eeeeaaaa0000888800000000
eeeeaaaa0000888800000000
eeeeaaaa0000888800000000
eeeeaaaa0000888800000000
eeeeaaaa0000888800000000
eeeeaaaa1000988800000000
eeeeaaaa1100998800000000
eeeeaaaa1110999800000000
eeeeaaaa2111999900000000
eeeeaaaa2221999900000000
eeeeaaaa3222999900000000
eeeeaaaa3322999900000000
eeeeaaaa3322999900000000
eeeeaaaa3322999900000000
eeeeaaaa2312999900000000
eeeeaaaa2221999900000000
eeeeaaaa3222999900000000
eeeeaaaa3322999900000000
eeeeaaaa3322999900000000
eeeeaaaa2322999900000000
eeeeaaaa2212999900000000
eeeeaaaa2211999900000000
eeeeaaaa1211999900000000
eeeeaaaa1111999900000000
eeeeaaaa1101999900000000
eeeeaaaa1100999900000000
eeeeaaaa0100999900000000
eeeeaaaa0000999900000000
eeeeaaaa0000999900000000
eeeeaaaa0000999900000000
eeeeaaaa0000999900000000
eeeeaaaa0000999900000000
eeeeaaaa0000999900000000
eeee9a9a0000999900000000
eede99890000999900000000
dedd89880000999900000000
cdcd78780000999900000000
bcbc77670000999900000000
abab67560000999900000000
9a9a56550000999900000000
897945450000999900000000
686734340000999900000000
565623230000999900000000
454512220000999900000000
343411120000999900000000
232311110000999900000000
121201010000999900000000
111100000000999900000000
110100000000999900000000
010000000000999900000000
000000000000999900000000
000000000000999900000000
000000000000999900000000
000000000000999900000000
000000000000999900000000
000000000000999900000000
000000000000999900000000
000000000000999900000000
000000000000999900000000
000000000000999900000000
000000000000999900000000
000000000000999900000000
000000000000999900000000
000000000000999900000000
000000000000999900000000
000000000000999900000000
000000000000999900000000
000000000000999900000000
000000000000999900000000
000000000000999900000000
000000000000999900000000
000000000000999900000000
000000000000999900000000
000000000000999900000000
000000000000999900000000
000000000000999900000000
000000000000999900000000
000000000000999900000000
000000000000999900000000
000000000000999900000000
000000000000999900000000
000000000000999900000000
000000000000999900000000
000000000000999900000000
000000000000999900000000
000000000000999900000000
000000000000999900000000
000000000000999900000000
000000000000999900000000
000000000000999900000000
000000000000999900000000
000000000000999900000000
000000000000999900000000
000000000000999900000000
000000000000998900000000
000000000000998800000000
000000000000898800000000
000000000000888800000000
000000000000888800000000
000000000000888800000000
000000000000888800000000
000000000000888800000000
000000000000888800000000
000000000000888800000000
000000000000888800000000
000000000000888800000000
000000000000888800000000
000000000000888800000000
000000000000888800000000
000000000000888800000000
000000000000888800000000
000000000000888800000000
000000000000888800000000
000000000000888800000000
000000000000888800000000
000000000000887800000000
000000000000787700000000
000000000000777700000000
000000000000777700000000
000000000000777700000000
000000000000777700000000
000000000000777700000000
000000000000777700000000
000000000000777700000000
000000000000777700000000
000000000000777700000000
000000000000676700000000
000000000000666600000000
000000000000666600000000
000000000000665600000000
000000000000565500000000
000000000000666500000000
000000000000666600000000
000000000000666600000000
000000000000767600000000
000000000000777700000000
000000000000777700000000
000000000000777700000000
000000000000777700000000
100000000000777700000000
110000000000777700000000
110000000000777700000000
111000000000777700000000
211100000000777700000000
222110000000777700000000
322211100000878700000000
433211110000888800000000
544321110000888800000000
555422210000888800000000
756532320000888800000000
877643330000888800000000
988754430000888800000000
a99865540000888800000000
baa976650000888800000000
cbba77660000888800000000
dccb87760000888800000000
eddc98870000888800000000
eeed99980000888800000000
eeeea9a90000888800000000
eeeeaaaa0000888800000000
eeeeaaaa0000888800000000
eeeeaaaa0000888800000000
eeeeaaaa0000888800000000
eeeeaaaa0000888800000000
eeeeaaaa1000988800000000
eeeeaaaa1110999800000000
eeeeaaaa2111999900000000
eeeeaaaa2211999900000000
eeeeaaaa3221999900000000
eeeeaaaa3322999900000000
eeeeaaaa4332999900000000
eeeeaaaa4433999900000000
eeeeaaaa4433999900000000
eeeeaaaa4433999900000000
eeeeaaaa3423999900000000
eeeeaaaa3322999900000000
eeeeaaaa4332999900000000
eeeeaaaa4433999900000000
eeeeaaaa4433999900000000
eeeeaaaa3423999900000000
eeeeaaaa3322999900000000
eeeeaaaa3322999900000000
eeeeaaaa2312999900000000
eeeeaaaa2211999900000000
eeeeaaaa1211999900000000
eeeeaaaa1111999900000000
eeeeaaaa0101999900000000
eeeeaaaa0000999900000000
eeeeaaaa0000999900000000
eeeeaaaa0000999900000000
eeeeaaaa0000999900000000
eeeeaaaa0000999900000000
eeeeaaaa0000999900000000
eeee9a9a0000999900000000
eeee99990000999900000000
dede89890000999900000000
ddcd88780000999900000000
cdbc78770000999900000000
acab67670000999900000000
9a9a56560000999900000000
798945450000999900000000
676834340000999900000000
565623230000999900000000
454522120000999900000000
343412110000999900000000
232311110000999900000000
221201010000999900000000
121100000000999900000000
111100000000999900000000
010100000000999900000000
000000000000999900000000
000000000000999900000000
000000000000999900000000
000000000000999900000000
000000000000999900000000
000000000000999900000000
000000000000999900000000
000000000000999900000000
000000000000999900000000
000000000000999900000000
000000000000999900000000
000000000000999900000000
000000000000999900000000
000000000000999900000000
000000000000999900000000
000000000000999900000000
000000000000999900000000
000000000000999900000000
000000000000999900000000
000000000000999900000000
000000000000999900000000
000000000000999900000000
000000000000999900000000
000000000000999900000000
000000000000999900000000
000000000000999900000000
000000000000999900000000
100000000000999900000000
110000000000999900000000
110000000000999900000000
110000000000999900000000
110000000000999900000000
110000000000999900000000
010000000000999900000000
000000000000999900000000
000000000000999900000000
000000000000999900000000
000000000000999900000000
000000000000999900000000
000000000000999900000000
000000000000999900000000
000000000000999900000000
000000000000999900000000
000000000000999900000000
000000000000999900000000
000000000000999900000000
000000000000998900000000
000000000000898800000000
000000000000888800000000
000000000000888800000000
000000000000888800000000
000000000000888800000000
000000000000888800000000
000000000000888800000000
000000000000888800000000
000000000000888800000000
000000000000888800000000
000000000000888800000000
000000000000888800000000
000000000000888800000000
000000000000888800000000
000000000000888800000000
000000000000888800000000
000000000000888800000000
000000000000888800000000
000000000000888800000000
000000000000787800000000
000000000000777700000000
000000000000777700000000
000000000000777700000000
000000000000777700000000
000000000000777700000000
000000000000777700000000
000000000000777700000000
000000000000777700000000
000000000000777700000000
000000000000776700000000
000000000000676600000000
000000000000666600000000
000000000000666600000000
000000000000565600000000
000000000000666600000000
000000000000666600000000
000000000000766600000000
000000000000777600000000
000000000000777700000000
100000000000777700000000
110000000000777700000000
110000000000777700000000
111000000000777700000000
211100000000777700000000
221110000000777700000000
221111000000777700000000
322111000000777700000000
332211100000877700000000
433221110000888700000000
544322110000888800000000
655432210000888800000000
765533220000888800000000
877543320000888800000000
988754430000888800000000
a99865540000888800000000
baa976650000888800000000
cbba77760000888800000000
dccb87770000888800000000
eddc98870000888800000000
eeed99980000888800000000
eeeea9990000888800000000
eeeeaaa90000888800000000
eeeeaaaa0000888800000000
eeeeaaaa0000888800000000
eeeeaaaa0000888800000000
eeeeaaaa0000888800000000
eeeeaaaa1000988800000000
eeeeaaaa1110999800000000
eeeeaaaa2111999900000000
eeeeaaaa3221999900000000
eeeeaaaa3322999900000000
eeeeaaaa4332999900000000
eeeeaaaa4433999900000000
eeeeaaaa5443999900000000
eeeeaaaa5544999900000000
eeeeaaaa5544999900000000
eeeeaaaa4544999900000000
eeeeaaaa4434999900000000
eeeeaaaa4433999900000000
eeeeaaaa5443999900000000
eeeeaaaa5544999900000000
eeeeaaaa4544999900000000
eeeeaaaa4434999900000000
eeeeaaaa4433999900000000
eeeeaaaa3433999900000000
eeeeaaaa3323999900000000
eeeeaaaa3322999900000000
eeeeaaaa2312999900000000
eeeeaaaa1211999900000000
eeeeaaaa1101999900000000
eeeeaaaa0100999900000000
eeeeaaaa0000999900000000
eeeeaaaa0000999900000000
eeeeaaaa0000999900000000
eeeeaaaa0000999900000000
eeeeaaaa0000999900000000
eeeeaa9a0000999900000000
eeee9a990000999900000000
dede99890000a99900000000
dddd89880000aa9900000000
bdcd78780000aa9900000000
abac67670000aa9900000000
9a9a56560000aa9900000000
897945450000aa9900000000
686734340000aa9900000000
565623230000aa9900000000
454522220000aa9900000000
343412120000aa9900000000
232311110000aa9900000000
222201010000aa9900000000
121200000000aa9900000000
111100000000aa9900000000
010100000000aa9900000000
000000000000aa9900000000
000000000000aa9900000000
000000000000aa9900000000
000000000000aa9900000000
000000000000aa9900000000
000000000000aa9900000000
000000000000aa9900000000
000000000000aa9900000000
000000000000aa9900000000
000000000000aa9900000000
000000000000aa9900000000
000000000000aa9900000000
000000000000aa9900000000
000000000000aa9900000000
000000000000aa9900000000
000000000000aa9900000000
0000000000009a9900000000
000000000000999900000000
000000000000999900000000
000000000000999900000000
000000000000999900000000
000000000000999900000000
000000000000999900000000
000000000000999900000000
000000000000999900000000
000000000000999900000000
100000000000999900000000
111000000000999900000000
111100000000999900000000
111100000000999900000000
111100000000999900000000
111100000000999900000000
111100000000999900000000
110100000000999900000000
110000000000999900000000
010000000000999900000000
000000000000999900000000
000000000000999900000000
000000000000999900000000
000000000000999900000000
000000000000999900000000
000000000000999900000000
000000000000999900000000
000000000000999900000000
000000000000999900000000
000000000000999900000000
000000000000999900000000
000000000000998900000000
000000000000898800000000
000000000000888800000000
000000000000888800000000
000000000000888800000000
000000000000888800000000
000000000000888800000000
000000000000888800000000
000000000000888800000000
000000000000888800000000
000000000000888800000000
000000000000888800000000
000000000000888800000000
000000000000888800000000
000000000000888800000000
000000000000888800000000
000000000000888800000000
000000000000888800000000
000000000000888800000000
000000000000887800000000
000000000000787700000000
000000000000777700000000
000000000000777700000000
000000000000777700000000
000000000000777700000000
000000000000777700000000
000000000000777700000000
000000000000777700000000
000000000000777700000000
000000000000777700000000
000000000000676700000000
000000000000666600000000
000000000000666600000000
000000000000665600000000
000000000000666600000000
000000000000766600000000
000000000000777600000000
000000000000777700000000
000000000000777700000000
101000000000777700000000
111100000000777700000000
211110000000777700000000
321111000000777700000000
332111000000777700000000
432211100000777700000000
442221110000777700000000
543222110000877700000000
553322110000888700000000
654332210000888800000000
665433220000888800000000
766533320000888800000000
877643330000888800000000
988754430000888800000000
a99865540000888800000000
baa966650000888800000000
cbba76760000888800000000
dccb87770000888800000000
eddc98870000888800000000
eeed99980000888800000000
eeeea9990000888800000000
eeeeaaa90000888800000000
eeeeaaaa0000888800000000
eeeeaaaa0000888800000000
eeeeaaaa0000888800000000
eeeeaaaa0000988800000000
eeeeaaaa0000998800000000
eeeeaaaa1010999800000000
eeeeaaaa2111999900000000
eeeeaaaa3221999900000000
eeeeaaaa4332999900000000
eeeeaaaa4433999900000000
eeeeaaaa4443999900000000
eeeeaaaa5444999900000000
eeeeaaaa5554999900000000
eeeeaaaa5555999900000000
eeeeaaaa5555999900000000
eeeeaaaa5545999900000000
eeeeaaaa5544999900000000
eeeeaaaa5544999900000000
eeeeaaaa5554999900000000
eeeeaaaa5555999900000000
eeeeaaaa5545999900000000
eeeeaaaa5544999900000000
eeeeaaaa4544999900000000
eeeeaaaa4434999900000000
eeeeaaaa4433999900000000
eeeeaaaa3433999900000000
eeeeaaaa2323999900000000
eeeeaaaa1212999900000000
eeeeaaaa1111999900000000
eeeeaaaa0101999900000000
eeeeaaaa0000999900000000
eeeeaaaa0000a99900000000
eeeeaaaa0000aa9900000000
eeeeaaaa0000aa9900000000
eeeeaaaa0000aa9900000000
eeeeaaaa0000aa9900000000
eeee9a9a0000aa9900000000
dede89990000aaa900000000
dddd88890000aaaa00000000
cdbd78780000aaaa00000000
acab67670000aaaa00000000
9a9a56560000aaaa00000000
898945450000aaaa00000000
786834340000aaaa00000000
575623230000aaaa00000000
454522220000aaaa00000000
343412120000aaaa00000000
232311110000aaaa00000000
222201010000aaaa00000000
121200000000aaaa00000000
111100000000aaaa00000000
010100000000aaaa00000000
000000000000aaaa00000000
000000000000aaaa00000000
000000000000aaaa00000000
000000000000aaaa00000000
000000000000aaaa00000000
000000000000aaaa00000000
000000000000aaaa00000000
000000000000aaaa00000000
000000000000aaaa00000000
000000000000aaaa00000000
000000000000aaaa00000000
000000000000aaaa00000000
000000000000aaaa00000000
000000000000aaaa00000000
000000000000aaaa00000000
000000000000aaaa00000000
000000000000aa9a00000000
000000000000aa9900000000
000000000000aa9900000000
000000000000aa9900000000
000000000000aa9900000000
000000000000aa9900000000
0000000000009a9900000000
000000000000999900000000
000000000000999900000000
100000000000999900000000
111000000000999900000000
211100000000999900000000
221100000000999900000000
221100000000999900000000
221100000000999900000000
121100000000999900000000
111100000000999900000000
111100000000999900000000
111100000000999900000000
110100000000999900000000
110000000000999900000000
010000000000999900000000
000000000000999900000000
000000000000999900000000
000000000000999900000000
000000000000999900000000
000000000000999900000000
000000000000999900000000
000000000000999900000000
000000000000999900000000
000000000000999900000000
000000000000999900000000
000000000000998900000000
000000000000998800000000
000000000000898800000000
000000000000888800000000
000000000000888800000000
000000000000888800000000
000000000000888800000000
000000000000888800000000
000000000000888800000000
000000000000888800000000
000000000000888800000000
000000000000888800000000
000000000000888800000000
000000000000888800000000
000000000000888800000000
000000000000888800000000
000000000000888800000000
000000000000888800000000
000000000000888800000000
000000000000887800000000
000000000000787700000000
000000000000777700000000
000000000000777700000000
000000000000777700000000
000000000000777700000000
000000000000777700000000
000000000000777700000000
000000000000777700000000
000000000000777700000000
000000000000776700000000
000000000000676600000000
000000000000666600000000
000000000000666600000000
000000000000666600000000
000000000000767600000000
000000000000777700000000
000000000000777700000000
100000000000777700000000
111000000000777700000000
111100000000777700000000
212110100000777700000000
323211110000777700000000
433321110000777700000000
544322110000777700000000
654432210000877700000000
765433220000888700000000
875543220000888800000000
886544320000888800000000
986654330000888800000000
997655330000888800000000
a98755430000888800000000
aa9865540000888800000000
baa976650000888800000000
cbba77660000888800000000
dccb87760000888800000000
eddc98870000888800000000
eeed99980000888800000000
eeeea9990000888800000000
eeeeaaa90000888800000000
eeeeaaaa0000888800000000
eeeeaaaa0000888800000000
eeeeaaaa0000888800000000
eeeeaaaa0000988800000000
eeeeaaaa0000999800000000
eeeeaaaa0000999900000000
eeeeaaaa1010999900000000
eeeeaaaa2121999900000000
eeeeaaaa3232999900000000
eeeeaaaa4343999900000000
eeeeaaaa5444999900000000
eeeeaaaa5544999900000000
eeeeaaaa5554999900000000
eeeeaaaa5555999900000000
eeeeaaaa5555999900000000
eeeeaaaa5555999900000000
eeeeaaaa5555999900000000
eeeeaaaa5555999900000000
eeeeaaaa5555999900000000
eeeeaaaa5555999900000000
eeeeaaaa5555999900000000
eeeeaaaa5555999900000000
eeeeaaaa5555999900000000
eeeeaaaa5545999900000000
eeeeaaaa5544999900000000
eeeeaaaa4544999900000000
eeeeaaaa3434999900000000
eeeeaaaa2323999900000000
eeeeaaaa1212999900000000
eeeeaaaa0111a99900000000
eeeeaaaa0001aa9900000000
eeeeaaaa0000aa9900000000
eeeeaaaa0000aaa900000000
eeeeaaaa0000aaaa00000000
eeeeaaaa0000aaaa00000000
eeeeaaaa0000aaaa00000000
eeeeaaaa0000aaaa00000000
eeee9a9a0000aaaa00000000
eede99890000aaaa00000000
dedd89880000aaaa00000000
cdcd78780000aaaa00000000
bcac67670000aaaa00000000
9b9a56560000aaaa00000000
898945450000aaaa00000000
787834340000aaaa00000000
575723230000aaaa00000000
454522220000aaaa00000000
343412120000aaaa00000000
332311110000aaaa00000000
232211010000aaaa00000000
121201000000aaaa00000000
111100000000aaaa00000000
010100000000aaaa00000000
000000000000aaaa00000000
000000000000aaaa00000000
000000000000aaaa00000000
000000000000aaaa00000000
000000000000aaaa00000000
000000000000aaaa00000000
000000000000aaaa00000000
000000000000aaaa00000000
000000000000aaaa00000000
000000000000aaaa00000000
000000000000aaaa00000000
000000000000aaaa00000000
000000000000aaaa00000000
000000000000aaaa00000000
000000000000aaaa00000000
000000000000aaaa00000000
000000000000aaaa00000000
000000000000aaaa00000000
000000000000aaaa00000000
000000000000aaaa00000000
000000000000aaaa00000000
000000000000aaaa00000000
000000000000aa9a00000000
000000000000aa9900000000
100000000000aa9900000000
1110000000009a9900000000
211100000000999900000000
222100000000999900000000
222200000000999900000000
222200000000999900000000
222200000000999900000000
221200000000999900000000
221100000000999900000000
121100000000999900000000
111100000000999900000000
111100000000999900000000
111100000000999900000000
110100000000999900000000
010000000000999900000000
000000000000999900000000
000000000000999900000000
000000000000999900000000
000000000000999900000000
000000000000999900000000
000000000000999900000000
000000000000999900000000
000000000000999900000000
000000000000999900000000
000000000000999900000000
000000000000999900000000
000000000000998900000000
000000000000898800000000
000000000000888800000000
000000000000888800000000
000000000000888800000000
000000000000888800000000
000000000000888800000000
000000000000888800000000
000000000000888800000000
000000000000888800000000
000000000000888800000000
000000000000888800000000
000000000000888800000000
000000000000888800000000
000000000000888800000000
000000000000888800000000
000000000000888800000000
000000000000888800000000
000000000000887800000000
000000000000787700000000
000000000000777700000000
000000000000777700000000
000000000000777700000000
000000000000777700000000
000000000000777700000000
000000000000777700000000
000000000000777700000000
000000000000777700000000
000000000000776700000000
000000000000676600000000
000000000000666600000000
000000000000766600000000
000000000000777600000000
000000000000777700000000
000000000000777700000000
101000000000777700000000
111100000000777700000000
211100000000777700000000
222110100000777700000000
323211110000777700000000
434321210000777700000000
545422220000777700000000
656532320000878700000000
867643330000888800000000
988754430000888800000000
a98865440000888800000000
ba9866540000888800000000
cb9976550000888800000000
cca977550000888800000000
dcaa87650000888800000000
ddba88760000888800000000
ddcb88770000888800000000
eddc98870000888800000000
eeed99980000888800000000
eeeea9990000888800000000
eeeeaaa90000888800000000
eeeeaaaa0000888800000000
eeeeaaaa0000888800000000
eeeeaaaa0000888800000000
eeeeaaaa0000988800000000
eeeeaaaa0000999800000000
eeeeaaaa0000999900000000
eeeeaaaa1000999900000000
eeeeaaaa2110999900000000
eeeeaaaa3221999900000000
eeeeaaaa4332999900000000
eeeeaaaa5443999900000000
eeeeaaaa5554999900000000
eeeeaaaa5555999900000000
eeeeaaaa5555999900000000
eeeeaaaa5555999900000000
eeeeaaaa5555999900000000
eeeeaaaa5555999900000000
eeeeaaaa5555999900000000
eeeeaaaa5555999900000000
eeeeaaaa5555999900000000
eeeeaaaa5555999900000000
eeeeaaaa5555999900000000
eeeeaaaa5555999900000000
eeeeaaaa5555999900000000
eeeeaaaa5555999900000000
eeeeaaaa5555999900000000
eeeeaaaa4545999900000000
eeeeaaaa3434a99900000000
eeeeaaaa2323aa9900000000
eeeeaaaa1212aa9900000000
eeeeaaaa1101aaa900000000
eeeeaaaa0100aaaa00000000
eeeeaaaa0000aaaa00000000
eeeeaaaa0000aaaa00000000
eeeeaaaa0000aaaa00000000
eeeeaaaa0000aaaa00000000
eeeeaaaa0000aaaa00000000
eeeeaaaa0000aaaa00000000
eeee9a9a0000aaaa00000000
eeee99990000aaaa00000000
dede89890000aaaa00000000
cdcd78780000aaaa00000000
bcbc67670000aaaa00000000
9b9b56560000aaaa00000000
898945450000aaaa00000000
787834340000aaaa00000000
675733230000aaaa00000000
564523220000aaaa00000000
453412120000aaaa00000000
343311110000aaaa00000000
232311110000aaaa00000000
121201010000aaaa00000000
111100000000aaaa00000000
010100000000aaaa00000000
000000000000aaaa00000000
000000000000aaaa00000000
000000000000aaaa00000000
000000000000aaaa00000000
000000000000aaaa00000000
000000000000aaaa00000000
000000000000aaaa00000000
000000000000aaaa00000000
000000000000aaaa00000000
000000000000aaaa00000000
000000000000aaaa00000000
000000000000aaaa00000000
000000000000aaaa00000000
000000000000aaaa00000000
000000000000aaaa00000000
000000000000aaaa00000000
000000000000aaaa00000000
000000000000aaaa00000000
000000000000aaaa00000000
000000000000aaaa00000000
000000000000aaaa00000000
000000000000aaaa00000000
100000000000aaaa00000000
110000000000aaaa00000000
111000000000aaaa00000000
211100000000aa9a00000000
222100000000aa9900000000
322200000000aa9900000000
3322000000009a9900000000
332200000000999900000000
332200000000999900000000
232200000000999900000000
222200000000999900000000
221200000000999900000000
221100000000999900000000
121100000000999900000000
111100000000999900000000
111100000000999900000000
010100000000999900000000
000000000000999900000000
000000000000999900000000
000000000000999900000000
000000000000999900000000
000000000000999900000000
000000000000999900000000
000000000000999900000000
000000000000999900000000
000000000000999900000000
000000000000999900000000
000000000000999900000000
000000000000999900000000
000000000000998900000000
000000000000898800000000
000000000000888800000000
000000000000888800000000
000000000000888800000000
000000000000888800000000
000000000000888800000000
000000000000888800000000
000000000000888800000000
000000000000888800000000
000000000000888800000000
000000000000888800000000
000000000000888800000000
000000000000888800000000
000000000000888800000000
000000000000888800000000
000000000000888800000000
000000000000888800000000
000000000000787800000000
000000000000777700000000
000000000000777700000000
000000000000777700000000
000000000000777700000000
000000000000777700000000
000000000000777700000000
000000000000777700000000
000000000000777700000000
000000000000777700000000
000000000000676700000000
000000000000666600000000
000000000000767600000000
000000000000777700000000
000000000000777700000000
100000000000777700000000
111000000000777700000000
211100000000777700000000
222110000000777700000000
322211100000777700000000
433211110000777700000000
544321210000777700000000
655432220000877700000000
766533320000888700000000
878643430000888800000000
989854540000888800000000
a9a965650000888800000000
caba76660000888800000000
dccb87760000888800000000
ddcc88770000888800000000
eddc98870000888800000000
eedd99880000888800000000
eedd99880000888800000000
eeeda9980000888800000000
eeeeaa990000888800000000
eeeeaaa90000888800000000
eeeeaaaa0000888800000000
eeeeaaaa0000888800000000
eeeeaaaa0000888800000000
eeeeaaaa0000988800000000
eeeeaaaa0000999800000000
eeeeaaaa0000999900000000
eeeeaaaa1000999900000000
eeeeaaaa1110999900000000
eeeeaaaa2121999900000000
eeeeaaaa3232999900000000
eeeeaaaa4343999900000000
eeeeaaaa5454999900000000
eeeeaaaa5555999900000000
eeeeaaaa5555999900000000
eeeeaaaa5555999900000000
eeeeaaaa5555999900000000
eeeeaaaa5555999900000000
eeeeaaaa5555999900000000
eeeeaaaa5555999900000000
eeeeaaaa5555999900000000
eeeeaaaa5555999900000000
eeeeaaaa5555999900000000
eeeeaaaa5555999900000000
eeeeaaaa5555999900000000
eeeeaaaa5555999900000000
eeeeaaaa5555a99900000000
eeeeaaaa5555aa9900000000
eeeeaaaa4545aa9900000000
eeeeaaaa3434aaa900000000
eeeeaaaa2323aaaa00000000
eeeeaaaa2212aaaa00000000
eeeeaaaa1211aaaa00000000
eeeeaaaa0101aaaa00000000
eeeeaaaa0000aaaa00000000
eeeeaaaa0000aaaa00000000
eeeeaaaa0000aaaa00000000
eeeeaaaa0000aaaa00000000
eeeeaaaa0000aaaa00000000
eeeeaaaa0000aaaa00000000
eeee9a9a0000aaaa00000000
eeee99990000aaaa00000000
dede89890000aaaa00000000
cdcd78780000aaaa00000000
bcbc67670000aaaa00000000
ab9b56560000aaaa00000000
9a8955450000aaaa00000000
797845340000aaaa00000000
676734330000aaaa00000000
565623230000aaaa10000000
454512120000aaaa11000000
343411110000aaaa11000000
232311110000aaaa11000000
121201010000aaaa11000000
111100000000aaaa11000000
010100000000aaaa11000000
000000000000aaaa11000000
000000000000aaaa11000000
000000000000aaaa11000000
000000000000aaaa11000000
000000000000aaaa11000000
000000000000aaaa11000000
000000000000aaaa11000000
000000000000aaaa01000000
000000000000aaaa00000000
000000000000aaaa00000000
000000000000aaaa00000000
000000000000aaaa00000000
000000000000aaaa00000000
000000000000aaaa00000000
000000000000aaaa00000000
000000000000aaaa00000000
000000000000aaaa00000000
000000000000aaaa00000000
000000000000aaaa00000000
000000000000aaaa00000000
100000000000aaaa00000000
110000000000aaaa00000000
111000000000aaaa00000000
111100000000aaaa00000000
211100000000aaaa00000000
322100000000aaaa00000000
332200000000aaaa00000000
433200000000aaaa00000000
443300000000aa9a00000000
443300000000aa9900000000
343300000000aa9900000000
3323000000009a9900000000
332200000000999900000000
232200000000999900000000
222200000000999900000000
221200000000999900000000
121100000000999900000000
111100000000999900000000
110100000000999900000000
010000000000999900000000
000000000000999900000000
000000000000999900000000
000000000000999900000000
000000000000999900000000
000000000000999900000000
000000000000999900000000
000000000000999900000000
000000000000999900000000
000000000000999900000000
000000000000999900000000
000000000000999900000000
000000000000999900000000
000000000000998900000000
000000000000898800000000
000000000000888800000000
000000000000888800000000
000000000000888800000000
000000000000888800000000
000000000000888800000000
000000000000888800000000
000000000000888800000000
000000000000888800000000
000000000000888800000000
000000000000888800000000
000000000000888800000000
000000000000888800000000
000000000000888800000000
000000000000888800000000
000000000000888800000000
000000000000887800000000
000000000000787700000000
000000000000777700000000
000000000000777700000000
000000000000777700000000
000000000000777700000000
000000000000777700000000
000000000000777700000000
000000000000777700000000
000000000000777700000000
000000000000676700000000
000000000000666600000000
000000000000777600000000
000000000000777700000000
000000000000777700000000
101000000000777700000000
111100000000777700000000
212100000000777700000000
222210100000777700000000
323211110000777700000000
434321110000777700000000
545422210000777700000000
656532320000878700000000
767643330000888800000000
978754430000888800000000
a99855540000888800000000
baa965650000888800000000
cbca76760000888800000000
dcdc87870000888800000000
eddd98880000888800000000
eeed99980000888800000000
eeeea9990000888800000000
eeeeaa990000888800000000
eeeeaaa90000888800000000
eeeeaaaa0000888800000000
eeeeaaaa0000888800000000
eeeeaaaa0000888800000000
eeeeaaaa0000888800000000
eeeeaaaa0000988800000000
eeeeaaaa0000999800000000
eeeeaaaa0000999900000000
eeeeaaaa1000999900000000
eeeeaaaa1110999900000000
eeeeaaaa2111999900000000
eeeeaaaa3221999900000000
eeeeaaaa4332999900000000
eeeeaaaa5443999900000000
eeeeaaaa5554999900000000
eeeeaaaa5555999900000000
eeeeaaaa5555999900000000
eeeeaaaa5555999900000000
eeeeaaaa5555999900000000
eeeeaaaa5555999900000000
eeeeaaaa5555999900000000
eeeeaaaa5555999900000000
eeeeaaaa5555999900000000
eeeeaaaa5555999900000000
eeeeaaaa5555999900000000
eeeeaaaa5555999900000000
eeeeaaaa5555a99900000000
eeeeaaaa5555aa9900000000
eeeeaaaa5555aaa900000000
eeeeaaaa5555aaaa00000000
eeeeaaaa4545aaaa00000000
eeeeaaaa4434aaaa00000000
eeeeaaaa3423aaaa00000000
eeeeaaaa2322aaaa00000000
eeeeaaaa1212aaaa00000000
eeeeaaaa0101aaaa00000000
eeeeaaaa0000aaaa00000000
eeeeaaaa0000aaaa00000000
eeeeaaaa0000aaaa00000000
eeeeaaaa0000aaaa00000000
eeeeaaaa0000aaaa00000000
eeeeaaaa0000aaaa00000000
eeee9a9a0000aaaa10000000
eeee99990000aaaa11000000
dede89890000aaaa11000000
cdcd78780000aaaa11000000
bcbc67670000aaaa11000000
abab56560000aaaa11000000
9a9a45550000aaaa11000000
797944450000aaaa11000000
676734340000aaaa11000000
465623230000aaaa11100000
344512120000aaaa11110000
233411110000aaaa11110000
222301110000aaaa11110000
121200010000aaaa11110000
111100000000aaaa11110000
010100000000aaaa11110000
000000000000aaaa11110000
000000000000aaaa11110000
000000000000aaaa11110000
000000000000aaaa11110000
000000000000aaaa11110000
000000000000aaaa11110000
000000000000aaaa11110000
000000000000aaaa11010000
000000000000aaaa11000000
000000000000aaaa11000000
000000000000aaaa11000000
000000000000aaaa11000000
000000000000aaaa11000000
000000000000aaaa11000000
000000000000aaaa11000000
000000000000aaaa11000000
000000000000aaaa11000000
100000000000aaaa11000000
110000000000aaaa11000000
110000000000aaaa01000000
111000000000aaaa00000000
111100000000aaaa00000000
211100000000aaaa00000000
221100000000aaaa00000000
322100000000aaaa00000000
433200000000aaaa00000000
443300000000aaaa00000000
544300000000aaaa00000000
554400000000aaaa00000000
454400000000aaaa00000000
443400000000aaaa00000000
443300000000aa9a00000000
343300000000aa9900000000
3323000000009a9900000000
332200000000999900000000
232200000000999900000000
221200000000999900000000
121100000000999900000000
111100000000999900000000
110100000000999900000000
010000000000999900000000
000000000000999900000000
000000000000999900000000
000000000000999900000000
000000000000999900000000
000000000000999900000000
000000000000999900000000
000000000000999900000000
000000000000999900000000
000000000000999900000000
000000000000999900000000
000000000000999900000000
000000000000999900000000
000000000000998900000000
000000000000898800000000
000000000000888800000000
000000000000888800000000
000000000000888800000000
000000000000888800000000
000000000000888800000000
000000000000888800000000
000000000000888800000000
000000000000888800000000
000000000000888800000000
000000000000888800000000
000000000000888800000000
000000000000888800000000
000000000000888800000000
000000000000888800000000
000000000000888800000000
000000000000787800000000
000000000000777700000000
000000000000777700000000
000000000000777700000000
000000000000777700000000
000000000000777700000000
000000000000777700000000
000000000000777700000000
000000000000777700000000
000000000000776700000000
000000000000676600000000
000000000000777700000000
000000000000777700000000
000000000000777700000000
101000000000777700000000
111100000000777700000000
212100000000777700000000
222210100000777700000000
323211110000777700000000
434321210000777700000000
545422220000877700000000
756532320000888700000000
877643430000888800000000
989754540000888800000000
a9a965550000888800000000
caba76650000888800000000
cccb87760000888800000000
dcdc88870000888800000000
eded98980000888800000000
eeee99990000888800000000
eeeea9a90000888800000000
eeeeaaaa0000888800000000
eeeeaaaa0000888800000000
eeeeaaaa0000888800000000
eeeeaaaa0000888800000000
eeeeaaaa0000888800000000
eeeeaaaa0000988800000000
eeeeaaaa0000999800000000
eeeeaaaa0000999900000000
eeeeaaaa1000999900000000
eeeeaaaa1110999900000000
eeeeaaaa2111999900000000
eeeeaaaa3221999900000000
eeeeaaaa4332999900000000
eeeeaaaa4443999900000000
eeeeaaaa5454999900000000
eeeeaaaa5555999900000000
eeeeaaaa5555999900000000
eeeeaaaa5555999900000000
eeeeaaaa5555999900000000
eeeeaaaa5555999900000000
eeeeaaaa5555999900000000
eeeeaaaa5555999900000000
eeeeaaaa5555999900000000
eeeeaaaa5555999900000000
eeeeaaaa5555999900000000
eeeeaaaa5555a99900000000
eeeeaaaa5555aa9900000000
eeeeaaaa5555aaa900000000
eeeeaaaa5555aaaa00000000
eeeeaaaa5555aaaa00000000
eeeeaaaa5555aaaa00000000
eeeeaaaa5545aaaa00000000
eeeeaaaa4544aaaa00000000
eeeeaaaa3434aaaa00000000
eeeeaaaa2323aaaa00000000
eeeeaaaa1212aaaa00000000
eeeeaaaa0101aaaa00000000
eeeeaaaa0000aaaa00000000
eeeeaaaa0000aaaa10000000
eeeeaaaa0000aaaa11000000
eeeeaaaa0000aaaa11000000
eeeeaaaa0000aaaa11000000
eeeeaaaa0000aaaa11000000
eeeeaa9a0000aaaa11100000
eeee9a990000aaaa11110000
dede89890000aaaa11110000
cdcd78780000aaaa11110000
bcbc67670000aaaa11110000
abab56560000aaaa11110000
8a9a45450000aaaa11110000
787934440000aaaa11110000
676723340000aaaa11110000
464622230000aaaa11110000
343412120000aaaa11110000
232311110000aaaa11110000
222201010000aaaa11110000
121200000000aaaa11110000
011100000000aaaa11110000
000100000000aaaa11110000
000000000000aaaa11110000
000000000000aaaa11110000
000000000000aaaa11110000
000000000000aaaa11110000
000000000000aaaa11110000
000000000000aaaa11110000
000000000000aaaa11110000
000000000000aaaa11110000
000000000000aaaa11110000
000000000000aaaa11110000
000000000000aaaa11110000
000000000000aaaa11110000
000000000000aaaa11110000
000000000000aaaa11110000
000000000000aaaa11110000
000000000000aaaa11110000
100000000000aaaa11110000
111000000000aaaa11110000
111100000000aaaa11110000
111100000000aaaa11010000
211100000000aaaa11000000
221100000000aaaa11000000
222100000000aaaa11000000
322200000000aaaa01000000
433200000000aaaa00000000
544300000000aaaa00000000
554400000000aaaa00000000
555400000000aaaa00000000
555500000000aaaa00000000
554500000000aaaa00000000
554400000000aaaa00000000
454400000000aaaa00000000
443400000000aaaa00000000
443300000000aa9a00000000
343300000000aa9900000000
3323000000009a9900000000
232200000000999900000000
221200000000999900000000
121100000000999900000000
111100000000999900000000
010100000000999900000000
000000000000999900000000
000000000000999900000000
000000000000999900000000
000000000000999900000000
000000000000999900000000
000000000000999900000000
000000000000999900000000
000000000000999900000000
000000000000999900000000
000000000000999900000000
000000000000999900000000
000000000000999900000000
000000000000999900000000
000000000000998900000000
000000000000898800000000
000000000000888800000000
000000000000888800000000
000000000000888800000000
000000000000888800000000
000000000000888800000000
000000000000888800000000
000000000000888800000000
000000000000888800000000
000000000000888800000000
000000000000888800000000
000000000000888800000000
000000000000888800000000
000000000000888800000000
000000000000888800000000
000000000000887800000000
000000000000787700000000
000000000000777700000000
000000000000777700000000
000000000000777700000000
000000000000777700000000
000000000000777700000000
000000000000777700000000
000000000000777700000000
000000000000777700000000
000000000000676700000000
000000000000777700000000
000000000000777700000000
000000000000777700000000
001000000000777700000000
101100000000777700000000
112100000000777700000000
212210100000777700000000
323211110000777700000000
434321210000877700000000
545422220000888700000000
657532320000888800000000
868743430000888800000000
989854540000888800000000
a9a965650000888800000000
caca76760000888800000000
dccc87870000888800000000
eddc98880000888800000000
eeed99980000888800000000
eeeea9990000888800000000
eeeeaaa90000888800000000
eeeeaaaa0000888800000000
eeeeaaaa0000888800000000
eeeeaaaa0000888800000000
eeeeaaaa0000888800000000
eeeeaaaa0000888800000000
eeeeaaaa0000989800000000
eeeeaaaa1000999900000000
eeeeaaaa1100999900000000
eeeeaaaa2110999900000000
eeeeaaaa2211999900000000
eeeeaaaa3221999900000000
eeeeaaaa4332999900000000
eeeeaaaa4443999900000000
eeeeaaaa5444999900000000
eeeeaaaa5554999900000000
eeeeaaaa5555999900000000
eeeeaaaa5555999900000000
eeeeaaaa5555999900000000
eeeeaaaa5555999900000000
eeeeaaaa5555999900000000
eeeeaaaa5555999900000000
eeeeaaaa5555999900000000
eeeeaaaa5555999900000000
eeeeaaaa5555999900000000
eeeeaaaa5555a99900000000
eeeeaaaa5555aaa900000000
eeeeaaaa5555aaaa00000000
eeeeaaaa5555aaaa00000000
eeeeaaaa5555aaaa00000000
eeeeaaaa5555aaaa00000000
eeeeaaaa5555aaaa00000000
eeeeaaaa5555aaaa10000000
eeeeaaaa4545aaaa11000000
eeeeaaaa3434aaaa11000000
eeeeaaaa2323aaaa11000000
eeeeaaaa1212aaaa11000000
eeeeaaaa0101aaaa11000000
eeeeaaaa0000aaaa11000000
eeeeaaaa0000aaaa11100000
eeeeaaaa0000aaaa11110000
eeeeaaaa0000aaaa11110000
eeeeaaaa0000aaaa11110000
eeeeaaaa0000aaaa11110000
eeee9aaa0000aaaa11110000
eeee999a0000aaaa11110000
dede89890000aaaa11110000
cdcd78780000aaaa11110000
bcbc67670000aaaa11110000
9bab56560000aaaa11110000
898a45450000aaaa11110000
687834340000aaaa11110000
566723230000aaaa11110000
454622220000aaaa11110000
343412120000aaaa11110000
232311110000aaaa11110000
122201010000aaaa11110000
111200000000aaaa11110000
110100000000aaaa11110000
010000000000aaaa11110000
000000000000aaaa11110000
000000000000aaaa11110000
000000000000aaaa11110000
000000000000aaaa11110000
000000000000aaaa11110000
000000000000aaaa11110000
000000000000aaaa11110000
000000000000aaaa11110000
000000000000aaaa11110000
000000000000aaaa11110000
000000000000aaaa11110000
000000000000aaaa11110000
000000000000aaaa11110000
000000000000aaaa11110000
000000000000aaaa11110000
100000000000aaaa11110000
111000000000aaaa11110000
211100000000aaaa11110000
221100000000aaaa11110000
221100000000aaaa11110000
222100000000aaaa11110000
222200000000aaaa11110000
322200000000aaaa11110000
433200000000aaaa11010000
544300000000aaaa11000000
655400000000aaaa11000000
665500000000aaaa01000000
765500000000aaaa00000000
675500000000aaaa00000000
665500000000aaaa00000000
665500000000aaaa00000000
564500000000aaaa00000000
554400000000aaaa00000000
554400000000aaaa00000000
453400000000aaaa00000000
343300000000aa9a00000000
3323000000009a9900000000
232200000000999900000000
221200000000999900000000
121100000000999900000000
010100000000999900000000
000000000000999900000000
000000000000999900000000
000000000000999900000000
000000000000999900000000
000000000000999900000000
000000000000999900000000
000000000000999900000000
000000000000999900000000
000000000000999900000000
000000000000999900000000
000000000000999900000000
000000000000999900000000
000000000000999900000000
000000000000999900000000
000000000000898900000000
000000000000888800000000
000000000000888800000000
000000000000888800000000
000000000000888800000000
000000000000888800000000
000000000000888800000000
000000000000888800000000
000000000000888800000000
000000000000888800000000
000000000000888800000000
000000000000888800000000
000000000000888800000000
000000000000888800000000
000000000000888800000000
000000000000888800000000
000000000000887800000000
000000000000787700000000
000000000000777700000000
000000000000777700000000
000000000000777700000000
000000000000777700000000
000000000000777700000000
000000000000777700000000
000000000000777700000000
000000000000676700000000
000000000000777700000000
000000000000777700000000
000000000000777700000000
100000000000777700000000
111000000000777700000000
111100000000777700000000
212110100000777700000000
323211110000777700000000
434311210000878700000000
545421220000888800000000
656532320000888800000000
768643430000888800000000
979854540000888800000000
a9a955650000888800000000
baca65760000888800000000
cbdc76870000888800000000
dced87980000888800000000
edee98990000888800000000
eeeea9a90000888800000000
eeeeaaaa0000888800000000
eeeeaaaa0000888800000000
eeeeaaaa0000888800000000
eeeeaaaa0000888800000000
eeeeaaaa0000888800000000
eeeeaaaa0000988800000000
eeeeaaaa0000999800000000
eeeeaaaa1010999900000000
eeeeaaaa2111999900000000
eeeeaaaa3221999900000000
eeeeaaaa4322999900000000
eeeeaaaa4432999900000000
eeeeaaaa5443999900000000
eeeeaaaa5544999900000000
eeeeaaaa5554999900000000
eeeeaaaa5555999900000000
eeeeaaaa5555999900000000
eeeeaaaa5555999900000000
eeeeaaaa5555999900000000
eeeeaaaa5555999900000000
eeeeaaaa5555999900000000
eeeeaaaa5555999900000000
eeeeaaaa5555999900000000
eeeeaaaa5555a99900000000
eeeeaaaa5555aa9900000000
eeeeaaaa5555aaa900000000
eeeeaaaa5555aaaa00000000
eeeeaaaa5555aaaa00000000
eeeeaaaa5555aaaa00000000
eeeeaaaa5555aaaa10000000
eeeeaaaa5555aaaa11000000
eeeeaaaa5555aaaa11000000
eeeeaaaa5555aaaa11100000
eeeeaaaa4545aaaa11110000
eeeeaaaa3434aaaa11110000
eeeeaaaa2323aaaa11110000
eeeeaaaa1212aaaa11110000
eeeeaaaa0101aaaa11110000
eeeeaaaa0000aaaa11110000
eeeeaaaa0000aaaa11110000
eeeeaaaa0000aaaa11110000
eeeeaaaa0000aaaa11110000
eeeeaaaa0000aaaa11110000
eeeeaaaa0000aaaa11110000
eeee9a9a0000aaaa11110000
eeee99990000aaaa11110000
dede89890000aaaa11110000
cdcd78780000aaaa11110000
bcbc67670000aaaa11110000
9b9b56560000aaaa11110000
898945450000aaaa11110000
786834340000aaaa11110000
675633230000aaaa11110000
464523220000aaaa11110000
343412120000aaaa11110000
332311110000aaaa11110000
231211010000aaaa11110000
121101000000aaaa11110000
111100000000aaaa11110000
010100000000aaaa11110000
000000000000aaaa11110000
000000000000aaaa11110000
000000000000aaaa11110000
000000000000aaaa11110000
000000000000aaaa11110000
000000000000aaaa11110000
000000000000aaaa11110000
000000000000aaaa11110000
000000000000aaaa11110000
000000000000aaaa11110000
000000000000aaaa11110000
000000000000aaaa11110000
000000000000aaaa11110000
000000000000aaaa11110000
100000000000aaaa11110000
111000000000aaaa11110000
211100000000aaaa11110000
222100000000aaaa11110000
222200000000aaaa11110000
322200000000aaaa11110000
332200000000aaaa11110000
332200000000aaaa11110000
433200000000aaaa11110000
544300000000aaaa11110000
655400000000aaaa11110000
766500000000aaaa11110000
776600000000aaaa11010000
877600000000aaaa11000000
786700000000aaaa11000000
776600000000aaaa01000000
776600000000aaaa00000000
675600000000aaaa00000000
665500000000aaaa00000000
565500000000aaaa00000000
554500000000aaaa00000000
453400000000aaaa00000000
343300000000aa9a00000000
332300000000aa9900000000
2322000000009a9900000000
121200000000999900000000
110100000000999900000000
010000000000999900000000
000000000000999900000000
000000000000999900000000
000000000000999900000000
000000000000999900000000
000000000000999900000000
000000000000999900000000
000000000000999900000000
000000000000999900000000
000000000000999900000000
000000000000999900000000
000000000000999900000000
000000000000999900000000
000000000000999900000000
000000000000998900000000
000000000000898800000000
000000000000888800000000
000000000000888800000000
000000000000888800000000
000000000000888800000000
000000000000888800000000
000000000000888800000000
000000000000888800000000
000000000000888800000000
000000000000888800000000
000000000000888800000000
000000000000888800000000
000000000000888800000000
000000000000888800000000
000000000000888800000000
000000000000888800000000
000000000000787800000000
000000000000777700000000
000000000000777700000000
000000000000777700000000
000000000000777700000000
000000000000777700000000
000000000000777700000000
000000000000777700000000
000000000000776700000000
000000000000777700000000
000000000000777700000000
000000000000777700000000
101000000000777700000000
111100000000777700000000
211100000000777700000000
222110100000777700000000
323211110000877700000000
434321110000888700000000
545422210000888800000000
656532320000888800000000
867643430000888800000000
989754540000888800000000
a9a965550000888800000000
baba76650000888800000000
cbcb77760000888800000000
dcdc87870000888800000000
eded98980000888800000000
eeeea9a90000888800000000
eeeeaaaa0000888800000000
eeeeaaaa0000888800000000
eeeeaaaa0000888800000000
eeeeaaaa0000888800000000
eeeeaaaa0000988800000000
eeeeaaaa0000999800000000
eeeeaaaa0000999900000000
eeeeaaaa1010999900000000
eeeeaaaa2121999900000000
eeeeaaaa3232999900000000
eeeeaaaa4343999900000000
eeeeaaaa5444999900000000
eeeeaaaa5554999900000000
eeeeaaaa5555999900000000
eeeeaaaa5555999900000000
eeeeaaaa5555999900000000
eeeeaaaa5555999900000000
eeeeaaaa5555999900000000
eeeeaaaa5555999900000000
eeeeaaaa5555999900000000
eeeeaaaa5555999900000000
eeeeaaaa5555999900000000
eeeeaaaa5555a99900000000
eeeeaaaa5555aaa900000000
eeeeaaaa5555aaaa00000000
eeeeaaaa5555aaaa00000000
eeeeaaaa5555aaaa00000000
eeeeaaaa5555aaaa10000000
eeeeaaaa5555aaaa11000000
eeeeaaaa5555aaaa11100000
eeeeaaaa5555aaaa11110000
eeeeaaaa5555aaaa11110000
eeeeaaaa5555aaaa11110000
eeeeaaaa4545aaaa11110000
eeeeaaaa3434aaaa11110000
eeeeaaaa2323aaaa11110000
eeeeaaaa1212aaaa11110000
eeeeaaaa0101aaaa11110000
eeeeaaaa0000aaaa11110000
eeeeaaaa0000aaaa11110000
eeeeaaaa0000aaaa11110000
eeeeaaaa0000aaaa11110000
eeeeaaaa0000aaaa11110000
eeeeaaaa0000aaaa11110000
eeee9a9a0000aaaa11110000
eeee99990000aaaa21110000
dede89890000aaaa22110000
cdcd78780000aaaa22110000
bcbc77670000aaaa22110000
ab9b67560000aaaa22110000
9a8956450000aaaa22110000
897845340000aaaa22110000
786734330000aaaa22110000
674633230000aaaa22110000
563423120000aaaa22110000
453312110000aaaa22110000
342311110000aaaa22110000
231211010000aaaa22110000
121101000000aaaa22110000
110100000000aaaa22110000
110000000000aaaa22110000
110000000000aaaa22110000
110000000000aaaa22110000
110000000000aaaa22110000
010000000000aaaa22110000
100000000000aaaa22110000
110000000000aaaa22110000
010000000000aaaa22110000
000000000000aaaa22110000
000000000000aaaa22110000
100000000000aaaa22110000
110000000000aaaa22110000
110000000000aaaa22110000
110000000000aaaa22110000
111000000000aaaa22110000
111100000000aaaa22110000
212100000000aaaa22110000
322200000000aaaa12110000
332200000000aaaa11110000
333200000000aaaa11110000
433300000000aaaa11110000
443300000000aaaa11110000
544300000000aaaa11110000
655400000000aaaa11110000
766500000000aaaa11110000
877600000000aaaa11110000
987700000000aaaa11110000
998700000000aaaa11110000
897800000000aaaa11110000
887700000000aaaa11010000
787700000000aaaa11000000
776700000000aaaa01000000
776600000000aaaa00000000
675600000000aaaa00000000
565500000000aaaa00000000
554500000000aaaa00000000
453400000000aaaa00000000
343300000000aaaa00000000
232300000000aa9a00000000
1212000000009a9900000000
111100000000999900000000
110100000000999900000000
010000000000999900000000
000000000000999900000000
000000000000999900000000
000000000000999900000000
000000000000999900000000
000000000000999900000000
000000000000999900000000
000000000000999900000000
000000000000999900000000
000000000000999900000000
000000000000999900000000
000000000000999900000000
000000000000999900000000
000000000000999900000000
000000000000998900000000
000000000000898800000000
000000000000888800000000
000000000000888800000000
000000000000888800000000
000000000000888800000000
000000000000888800000000
000000000000888800000000
000000000000888800000000
000000000000888800000000
000000000000888800000000
000000000000888800000000
000000000000888800000000
000000000000888800000000
000000000000888800000000
000000000000888800000000
000000000000887800000000
000000000000787700000000
000000000000777700000000
000000000000777700000000
000000000000777700000000
000000000000777700000000
000000000000777700000000
000000000000777700000000
000000000000777700000000
000000000000777700000000
000000000000777700000000
000000000000777700000000
101000000000777700000000
111100000000777700000000
212100000000777700000000
322210100000777700000000
333211110000878700000000
434321210000888800000000
645432220000888800000000
766533320000888800000000
878643430000888800000000
989854540000888800000000
b9a965650000888800000000
cbba76760000888800000000
dccb87770000888800000000
eddc98870000888800000000
eeed99980000888800000000
eeeea9a90000888800000000
eeeeaaaa0000888800000000
eeeeaaaa0000888800000000
eeeeaaaa0000888800000000
eeeeaaaa0000888800000000
eeeeaaaa0000989800000000
eeeeaaaa0000999900000000
eeeeaaaa1000999900000000
eeeeaaaa1110999900000000
eeeeaaaa2121999900000000
eeeeaaaa3232999900000000
eeeeaaaa4343999900000000
eeeeaaaa5454999900000000
eeeeaaaa5555999900000000
eeeeaaaa5555999900000000
eeeeaaaa5555999900000000
eeeeaaaa5555999900000000
eeeeaaaa5555999900000000
eeeeaaaa5555999900000000
eeeeaaaa5555999900000000
eeeeaaaa5555999900000000
eeeeaaaa5555999900000000
eeeeaaaa5555a99900000000
eeeeaaaa5555aaa900000000
eeeeaaaa5555aaaa00000000
eeeeaaaa5555aaaa00000000
eeeeaaaa5555aaaa00000000
eeeeaaaa5555aaaa10000000
eeeeaaaa5555aaaa11100000
eeeeaaaa5555aaaa11110000
eeeeaaaa5555aaaa11110000
eeeeaaaa5555aaaa11110000
eeeeaaaa5555aaaa11110000
eeeeaaaa5555aaaa11110000
eeeeaaaa4545aaaa11110000
eeeeaaaa3434aaaa11110000
eeeeaaaa2323aaaa11110000
eeeeaaaa1212aaaa11110000
eeeeaaaa1101aaaa11110000
eeeeaaaa0100aaaa11110000
eeeeaaaa0000aaaa11110000
eeeeaaaa0000aaaa21110000
eeeeaaaa0000aaaa22110000
eeeeaaaa0000aaaa22110000
eeeeaaaa0000aaaa22110000
eeeeaa9a0000aaaa22110000
eeeeaa990000aaaa22210000
eede9a890000aaaa22220000
decd89780000aaaa22220000
ddbc88770000aaaa22220000
cdab78670000aaaa22220000
bc9a67560000aaaa22220000
9b8956450000aaaa22220000
897845340000aaaa22220000
786734330000aaaa22220000
675633230000aaaa22220000
564523120000aaaa22220000
453412110000aaaa22220000
342311110000aaaa22220000
231211010000aaaa22220000
121101000000aaaa22220000
111100000000aaaa22220000
111100000000aaaa22220000
111100000000aaaa22220000
111100000000aaaa22220000
110100000000aaaa22220000
111000000000aaaa22220000
111100000000aaaa22220000
110100000000aaaa22220000
110000000000aaaa22220000
110000000000aaaa22220000
111000000000aaaa22220000
111100000000aaaa22220000
111100000000aaaa22220000
111100000000aaaa22220000
111100000000aaaa22220000
211100000000aaaa22220000
322100000000aaaa22220000
433200000000aaaa22120000
443300000000aaaa22110000
443300000000aaaa22110000
544300000000aaaa22110000
554400000000aaaa12110000
655400000000aaaa11110000
766500000000aaaa11110000
977600000000aaaa11110000
998700000000aaaa11110000
a99800000000aaaa11110000
aa9900000000aaaa11110000
9a8900000000aaaa11110000
998800000000aaaa11110000
897800000000aaaa11110000
887700000000aaaa11010000
887700000000aaaa11000000
786700000000aaaa01000000
675600000000aaaa00000000
565500000000aaaa00000000
454500000000aaaa00000000
343400000000aaaa00000000
232300000000aaaa00000000
221200000000aa9a00000000
1211000000009a9900000000
111100000000999900000000
110100000000999900000000
010000000000999900000000
000000000000999900000000
000000000000999900000000
000000000000999900000000
000000000000999900000000
000000000000999900000000
000000000000999900000000
000000000000999900000000
000000000000999900000000
000000000000999900000000
000000000000999900000000
000000000000999900000000
000000000000999900000000
000000000000999900000000
000000000000898900000000
000000000000888800000000
000000000000888800000000
000000000000888800000000
000000000000888800000000
000000000000888800000000
000000000000888800000000
000000000000888800000000
000000000000888800000000
000000000000888800000000
000000000000888800000000
000000000000888800000000
000000000000888800000000
000000000000888800000000
000000000000888800000000
000000000000888800000000
000000000000787800000000
000000000000777700000000
000000000000777700000000
000000000000777700000000
000000000000777700000000
000000000000777700000000
000000000000777700000000
000000000000777700000000
000000000000777700000000
000000000000777700000000
000000000000777700000000
101000000000777700000000
111100000000777700000000
212100000000777700000000
323210100000777700000000
333311110000878700000000
434321210000888800000000
646432320000888800000000
767633330000888800000000
878743430000888800000000
989854540000888800000000
b9b965650000888800000000
cbcb76760000888800000000
dcdc87870000888800000000
eded98980000888800000000
eeee99990000888800000000
eeeea9a90000888800000000
eeeeaaaa0000888800000000
eeeeaaaa0000888800000000
eeeeaaaa0000888800000000
eeeeaaaa0000988800000000
eeeeaaaa0000999800000000
eeeeaaaa0000999900000000
eeeeaaaa1010999900000000
eeeeaaaa1111999900000000
eeeeaaaa2121999900000000
eeeeaaaa3232999900000000
eeeeaaaa4343999900000000
eeeeaaaa5454999900000000
eeeeaaaa5555999900000000
eeeeaaaa5555999900000000
eeeeaaaa5555999900000000
eeeeaaaa5555999900000000
eeeeaaaa5555999900000000
eeeeaaaa5555999900000000
eeeeaaaa5555999900000000
eeeeaaaa5555a99900000000
eeeeaaaa5555aa9900000000
eeeeaaaa5555aaa900000000
eeeeaaaa5555aaaa00000000
eeeeaaaa5555aaaa00000000
eeeeaaaa5555aaaa00000000
eeeeaaaa5555aaaa10000000
eeeeaaaa5555aaaa11100000
eeeeaaaa5555aaaa11110000
eeeeaaaa5555aaaa11110000
eeeeaaaa5555aaaa11110000
eeeeaaaa5555aaaa11110000
eeeeaaaa5555aaaa11110000
eeeeaaaa5555aaaa11110000
eeeeaaaa5545aaaa11110000
eeeeaaaa4534aaaa11110000
eeeeaaaa3423aaaa11110000
eeeeaaaa2312aaaa21110000
eeeeaaaa1211aaaa22110000
eeeeaaaa1101aaaa22110000
eeeeaaaa0100aaaa22110000
eeeeaaaa0000aaaa22210000
eeeeaaaa0000aaaa22220000
eeeeaaaa0000aaaa22220000
eeeeaaaa0000aaaa22220000
eeeeaaaa0000aaaa22220000
eeeeaaaa0000aaaa22220000
eeeeaa9a0000baaa22220000
eede9a890000bbaa22220000
dedd89880000bbaa22220000
ddcd88780000bbaa22220000
cdbc78670000bbaa22220000
ac9b67560000bbaa22220000
9a8956450000bbaa22220000
897845340000bbaa22220000
786734330000bbaa22220000
675633230000bbaa22220000
564523120000bbaa22220000
453412110000bbaa22220000
342311110000bbaa22220000
231211010000bbaa22220000
121101000000bbaa22220000
211100000000bbaa22220000
221100000000bbaa22220000
221100000000bbaa22220000
221100000000bbaa22220000
121100000000bbaa22220000
211100000000bbaa22220000
221100000000bbaa22220000
121100000000bbaa22220000
111100000000bbaa22220000
111100000000bbaa22220000
211100000000bbaa22220000
221100000000bbaa22220000
221100000000bbaa22220000
221100000000bbaa22220000
322100000000abaa22220000
433200000000aaaa22220000
544300000000aaaa22220000
554400000000aaaa22220000
554400000000aaaa22220000
655400000000aaaa22220000
765500000000aaaa22120000
776500000000aaaa22110000
977600000000aaaa22110000
a99700000000aaaa22110000
aa9900000000aaaa12110000
baa900000000aaaa11110000
bbaa00000000aaaa11110000
ab9a00000000aaaa11110000
aa9900000000aaaa11110000
9a8900000000aaaa11110000
998800000000aaaa11110000
998800000000aaaa11110000
897800000000aaaa11010000
786700000000aaaa01000000
675600000000aaaa00000000
564500000000aaaa00000000
453400000000aaaa00000000
342300000000aaaa00000000
232200000000aaaa00000000
121200000000aa9a00000000
111100000000aa9900000000
1111000000009a9900000000
010100000000999900000000
000000000000999900000000
000000000000999900000000
000000000000999900000000
000000000000999900000000
000000000000999900000000
000000000000999900000000
000000000000999900000000
000000000000999900000000
000000000000999900000000
000000000000999900000000
000000000000999900000000
000000000000999900000000
000000000000999900000000
000000000000998900000000
000000000000898800000000
000000000000888800000000
000000000000888800000000
000000000000888800000000
000000000000888800000000
000000000000888800000000
000000000000888800000000
000000000000888800000000
000000000000888800000000
000000000000888800000000
000000000000888800000000
000000000000888800000000
000000000000888800000000
000000000000888800000000
000000000000888800000000
000000000000787800000000
000000000000777700000000
000000000000777700000000
000000000000777700000000
000000000000777700000000
000000000000777700000000
000000000000777700000000
000000000000777700000000
210010000000777700000000
320011000000777700000000
430011000000777700000000
441021000000777700000000
541122000000777700000000
652132000000777700000000
863243100000877700000000
983354110000888700000000
a94355210000888800000000
ba6465320000888800000000
cb7676330000888800000000
dc8787430000888800000000
dd9888540000888800000000
edb998650000888800000000
eecb99760000888800000000
eedca9870000888800000000
eeedaa980000888800000000
eeeeaa990000888800000000
eeeeaaa90000888800000000
eeeeaaaa0000888800000000
eeeeaaaa0000888800000000
eeeeaaaa0000988800000000
eeeeaaaa0000999800000000
eeeeaaaa1000999900000000
eeeeaaaa1100999900000000
eeeeaaaa2110999900000000
eeeeaaaa3211999900000000
eeeeaaaa4321999900000000
eeeeaaaa5432999900000000
eeeeaaaa5543999900000000
eeeeaaaa5554999900000000
eeeeaaaa5555999900000000
eeeeaaaa5555999900000000
eeeeaaaa5555999900000000
eeeeaaaa5555999900000000
eeeeaaaa5555999900000000
eeeeaaaa5555999900000000
eeeeaaaa5555a99900000000
eeeeaaaa5555aaa900000000
eeeeaaaa5555aaaa00000000
eeeeaaaa5555aaaa00000000
eeeeaaaa5555aaaa00000000
eeeeaaaa5555aaaa00000000
eeeeaaaa5555aaaa10000000
eeeeaaaa5555aaaa11100000
eeeeaaaa5555aaaa11110000
eeeeaaaa5555aaaa11110000
eeeeaaaa5555aaaa11110000
eeeeaaaa5555aaaa11110000
eeeeaaaa5555aaaa11110000
eeeeaaaa5555aaaa11110000
eeeeaaaa5555aaaa11110000
eeeeaaaa5555aaaa21110000
eeeeaaaa4545aaaa22110000
eeeeaaaa3434aaaa22110000
eeeeaaaa2323aaaa22210000
eeeeaaaa2212aaaa22220000
eeeeaaaa1211aaaa22220000
eeeeaaaa0101aaaa22220000
eeeeaaaa0000aaaa22220000
eeeeaaaa0000aaaa22220000
eeeeaaaa0000baaa22220000
eeeeaaaa0000bbaa22220000
eeeeaaaa0000bbaa32220000
eeeeaaaa0000bbaa33220000
eeeeaaaa0000bbba33220000
eeee9a9a0000bbbb33220000
eede99890000bbbb33220000
dedd89880000bbbb33220000
cdcd78780000bbbb33220000
bcac67670000bbbb33220000
ab9a56560000bbbb33220000
9a8955450000bbbb33220000
797845340000bbbb33220000
676734330000bbbb33220000
565623230000bbbb33220000
454522120000bbbb33220000
343412110000bbbb33220000
232311110000bbbb33220000
221201010000bbbb33220000
222100000000bbbb33220000
222200000000bbbb33220000
222200000000bbbb33220000
222200000000bbbb33220000
221200000000bbbb33220000
222100000000bbbb33220000
222200000000bbbb33220000
221200000000bbbb33220000
221100000000bbbb33220000
221100000000bbbb33220000
222100000000bbbb33220000
322200000000bbbb33220000
332200000000bbbb33220000
332200000000bbbb33220000
433200000000bbab33220000
544300000000bbaa33220000
655400000000bbaa23220000
665500000000bbaa22220000
765500000000abaa22220000
776500000000aaaa22220000
877600000000aaaa22220000
987700000000aaaa22220000
a99700000000aaaa22220000
baa900000000aaaa22220000
cbaa00000000aaaa22120000
ccba00000000aaaa22110000
bcbb00000000aaaa12110000
bbab00000000aaaa11110000
bbaa00000000aaaa11110000
ab9a00000000aaaa11110000
aa9900000000aaaa11110000
9a9900000000aaaa11110000
898900000000aaaa11110000
787800000000aaaa11010000
676700000000aaaa01000000
565600000000aaaa00000000
454500000000aaaa00000000
343400000000aaaa00000000
232300000000aaaa00000000
221200000000aaaa00000000
121100000000aaaa00000000
111100000000aa9a00000000
1101000000009a9900000000
010000000000999900000000
000000000000999900000000
000000000000999900000000
000000000000999900000000
000000000000999900000000
000000000000999900000000
000000000000999900000000
000000000000999900000000
000000000000999900000000
000000000000999900000000
000000000000999900000000
000000000000999900000000
000000000000999900000000
000000000000999900000000
000000000000998900000000
000000000000898800000000
000000000000888800000000
000000000000888800000000
000000000000888800000000
000000000000888800000000
000000000000888800000000
000000000000888800000000
000000000000888800000000
000000000000888800000000
000000000000888800000000
000000000000888800000000
000000000000888800000000
000000000000888800000000
000000000000888800000000
000000000000887800000000
000000000000787700000000
000000000000777700000000
000000000000777700000000
000000000000777700000000
000000000000777700000000
000000000000777700000000
000000000000777700000000
212110100000777700000000
323211110000777700000000
434311110000777700000000
444421210000777700000000
545422220000777700000000
656532320000777700000000
868643430000878700000000
989854540000888800000000
a9a955550000888800000000
baba65650000888800000000
cbcb76760000888800000000
dcdc87870000888800000000
dddd88880000888800000000
eded98980000888800000000
eeee99990000888800000000
eeeea9a90000888800000000
eeeeaaaa0000888800000000
eeeeaaaa0000888800000000
eeeeaaaa0000888800000000
eeeeaaaa0000888800000000
eeeeaaaa0000888800000000
eeeeaaaa0000989800000000
eeeeaaaa0000999900000000
eeeeaaaa1010999900000000
eeeeaaaa1111999900000000
eeeeaaaa2121999900000000
eeeeaaaa3232999900000000
eeeeaaaa4343999900000000
eeeeaaaa4454999900000000
eeeeaaaa5455999900000000
eeeeaaaa5555999900000000
eeeeaaaa5555999900000000
eeeeaaaa5555999900000000
eeeeaaaa5555999900000000
eeeeaaaa5555999900000000
eeeeaaaa5555999900000000
eeeeaaaa5555999900000000
eeeeaaaa5555a9a900000000
eeeeaaaa5555aaaa00000000
eeeeaaaa5555aaaa00000000
eeeeaaaa5555aaaa00000000
eeeeaaaa5555aaaa10000000
eeeeaaaa5555aaaa11000000
eeeeaaaa5555aaaa11100000
eeeeaaaa5555aaaa11110000
eeeeaaaa5555aaaa11110000
eeeeaaaa5555aaaa11110000
eeeeaaaa5555aaaa11110000
eeeeaaaa5555aaaa11110000
eeeeaaaa5555aaaa11110000
eeeeaaaa5555aaaa21110000
eeeeaaaa5555aaaa22110000
eeeeaaaa5555aaaa22210000
eeeeaaaa5545aaaa22220000
eeeeaaaa4534aaaa22220000
eeeeaaaa3423aaaa22220000
eeeeaaaa2322aaaa22220000
eeeeaaaa1212aaaa22220000
eeeeaaaa1101baaa22220000
eeeeaaaa0100bbaa22220000
eeeeaaaa0000bbaa32220000
eeeeaaaa0000bbba33220000
eeeeaaaa0000bbbb33220000
eeeeaaaa0000bbbb33320000
eeeeaaaa0000bbbb33330000
eeeeaaaa0000bbbb33330000
eeee9a9a0000bbbb33330000
eeee99990000bbbb33330000
dede89890000bbbb33330000
cdcd78780000bbbb33330000
bcbc77670000bbbb33330000
abab67560000bbbb33330000
9a9a56550000bbbb33330000
897945450000bbbb33330000
786734340000bbbb33330000
575623230000bbbb33330000
454522220000bbbb33330000
343412120000bbbb33330000
332311110000bbbb33330000
232211010000bbbb33330000
322201000000bbbb33330000
332200000000bbbb33330000
332200000000bbbb33330000
332200000000bbbb33330000
332200000000bbbb33330000
332200000000bbbb33330000
332200000000bbbb33330000
332200000000bbbb33330000
332200000000bbbb33330000
332200000000bbbb33330000
332200000000bbbb33330000
333200000000bbbb33330000
433300000000bbbb33330000
443300000000bbbb33330000
544300000000bbbb33330000
655400000000bbbb33330000
766500000000bbbb33230000
876600000000bbbb33220000
887600000000bbab33220000
887700000000bbaa33220000
988700000000bbaa33220000
a99800000000abaa23220000
baa900000000aaaa22220000
cbba00000000aaaa22220000
cccb00000000aaaa22220000
dccc00000000aaaa22220000
cdbc00000000aaaa22120000
ccbb00000000aaaa22110000
ccbb00000000aaaa12110000
bcab00000000aaaa11110000
bbaa00000000aaaa11110000
ab9a00000000aaaa11110000
9a8900000000aaaa11110000
897800000000aaaa11110000
786700000000aaaa11010000
675600000000aaaa11000000
464500000000aaaa01000000
443400000000aaaa00000000
342300000000aaaa00000000
232200000000aaaa00000000
221200000000aaaa00000000
121100000000aaaa00000000
1111000000009a9a00000000
010100000000999900000000
000000000000999900000000
000000000000999900000000
000000000000999900000000
000000000000999900000000
000000000000999900000000
000000000000999900000000
000000000000999900000000
000000000000999900000000
000000000000999900000000
000000000000999900000000
000000000000999900000000
000000000000999900000000
000000000000999900000000
000000000000999900000000
000000000000898900000000
000000000000888800000000
000000000000888800000000
000000000000888800000000
000000000000888800000000
000000000000888800000000
000000000000888800000000
000000000000888800000000
000000000000888800000000
000000000000888800000000
000000000000888800000000
000000000000888800000000
000000000000888800000000
000000000000888800000000
000000000000888800000000
000000000000787800000000
000000000000777700000000
000000000000777700000000
000000000000777700000000
000000000000777700000000
000000000000777700000000
000000000000777700000000
212110100000777700000000
323211110000777700000000
434311110000777700000000
444421210000777700000000
545422220000777700000000
656532320000877700000000
868643430000888700000000
989854540000888800000000
a9a955550000888800000000
baba65650000888800000000
cbcb76760000888800000000
dcdc87870000888800000000
dddd88880000888800000000
eded98980000888800000000
eeee99990000888800000000
eeeea9a90000888800000000
eeeeaaaa0000888800000000
eeeeaaaa0000888800000000
eeeeaaaa0000888800000000
eeeeaaaa0000888800000000
eeeeaaaa0000988800000000
eeeeaaaa0000999800000000
eeeeaaaa0000999900000000
eeeeaaaa1010999900000000
eeeeaaaa1111999900000000
eeeeaaaa2121999900000000
eeeeaaaa3232999900000000
eeeeaaaa4343999900000000
eeeeaaaa4444999900000000
eeeeaaaa5454999900000000
eeeeaaaa5555999900000000
eeeeaaaa5555999900000000
eeeeaaaa5555999900000000
eeeeaaaa5555999900000000
eeeeaaaa5555999900000000
eeeeaaaa5555999900000000
eeeeaaaa5555a99900000000
eeeeaaaa5555aaa900000000
eeeeaaaa5555aaaa00000000
eeeeaaaa5555aaaa00000000
eeeeaaaa5555aaaa10000000
eeeeaaaa5555aaaa11100000
eeeeaaaa5555aaaa11110000
eeeeaaaa5555aaaa11110000
eeeeaaaa5555aaaa11110000
eeeeaaaa5555aaaa11110000
eeeeaaaa5555aaaa11110000
eeeeaaaa5555aaaa11110000
eeeeaaaa5555aaaa21110000
eeeeaaaa5555aaaa22110000
eeeeaaaa5555aaaa22210000
eeeeaaaa5555aaaa22220000
eeeeaaaa5555aaaa22220000
eeeeaaaa5555aaaa22220000
eeeeaaaa4545aaaa22220000
eeeeaaaa3434baaa22220000
eeeeaaaa2323bbaa22220000
eeeeaaaa1212bbaa32220000
eeeeaaaa1111bbba33220000
eeeeaaaa0101bbbb33220000
eeeeaaaa0000bbbb33320000
eeeeaaaa0000bbbb33330000
eeeeaaaa0000bbbb33330000
eeeeaaaa0000bbbb33330000
eeeeaaaa0000bbbb33330000
eeeeaaaa0000bbbb33330000
eeeeaa9a0000bbbb33330000
eeee9a990000bbbb33330000
eede99890000bbbb33330000
decd89780000bbbb43330000
cdbc78770000bbbb44330000
bcab67670000bbbb44330000
ab9a56560000bbbb44330000
8a8945450000bbbb44330000
787844340000bbbb44330000
675734230000bbbb44330000
564523220000bbbb44330000
453422120000bbbb44330000
343312110000bbbb44330000
332311110000bbbb44330000
333201010000bbbb44330000
433300000000bbbb44330000
443300000000bbbb44330000
543300000000bbbb44330000
453300000000bbbb44330000
443300000000bbbb44330000
443300000000bbbb44330000
443300000000bbbb34330000
443300000000bbbb33330000
443300000000bbbb33330000
443300000000bbbb33330000
543300000000bbbb33330000
554300000000bbbb33330000
554400000000bbbb33330000
655400000000bbbb33330000
766500000000bbbb33330000
877600000000bbbb33330000
988700000000bbbb33330000
998800000000bbbb33330000
a98800000000bbbb33330000
aa9800000000bbbb33330000
baa900000000bbab33230000
cbba00000000bbaa33220000
dccb00000000bbaa23220000
ddcc00000000abaa22220000
dddc00000000aaaa22220000
ddcd00000000aaaa22220000
ddcc00000000aaaa22220000
cdcc00000000aaaa22120000
ccbc00000000aaaa22110000
ccbb00000000aaaa12110000
bcab00000000aaaa11110000
ab9a00000000aaaa11110000
9a8900000000aaaa11110000
897800000000aaaa11110000
686700000000aaaa11110000
564600000000aaaa11010000
454400000000aaaa01000000
443400000000aaaa00000000
342300000000aaaa00000000
232200000000aaaa00000000
121200000000aaaa00000000
111100000000aa9a00000000
0101000000009a9900000000
000000000000999900000000
000000000000999900000000
000000000000999900000000
000000000000999900000000
000000000000999900000000
000000000000999900000000
000000000000999900000000
000000000000999900000000
000000000000999900000000
000000000000999900000000
000000000000999900000000
000000000000999900000000
000000000000999900000000
000000000000999900000000
000000000000998900000000
000000000000898800000000
000000000000888800000000
000000000000888800000000
000000000000888800000000
000000000000888800000000
000000000000888800000000
000000000000888800000000
000000000000888800000000
000000000000888800000000
000000000000888800000000
000000000000888800000000
000000000000888800000000
000000000000888800000000
000000000000888800000000
000000000000887800000000
000000000000787700000000
000000000000777700000000
000000000000777700000000
000000000000777700000000
000000000000777700000000
000000000000777700000000
222110100000777700000000
323211110000777700000000
434311110000777700000000
444421210000777700000000
545422220000777700000000
656532320000878700000000
868643430000888800000000
989854540000888800000000
a9a955550000888800000000
baba65650000888800000000
cbcb76760000888800000000
dcdc87870000888800000000
dddd88880000888800000000
eded98980000888800000000
eeee99990000888800000000
eeeea9a90000888800000000
eeeeaaaa0000888800000000
eeeeaaaa0000888800000000
eeeeaaaa0000888800000000
eeeeaaaa0000888800000000
eeeeaaaa0000989800000000
eeeeaaaa0000999900000000
eeeeaaaa0000999900000000
eeeeaaaa1010999900000000
eeeeaaaa1111999900000000
eeeeaaaa2121999900000000
eeeeaaaa3232999900000000
eeeeaaaa3343999900000000
eeeeaaaa4344999900000000
eeeeaaaa5454999900000000
eeeeaaaa5555999900000000
eeeeaaaa5555999900000000
eeeeaaaa5555999900000000
eeeeaaaa5555999900000000
eeeeaaaa5555999900000000
eeeeaaaa5555a99900000000
eeeeaaaa5555aaa900000000
eeeeaaaa5555aaaa00000000
eeeeaaaa5555aaaa00000000
eeeeaaaa5555aaaa00000000
eeeeaaaa5555aaaa10100000
eeeeaaaa5555aaaa11110000
eeeeaaaa5555aaaa11110000
eeeeaaaa5555aaaa11110000
eeeeaaaa5555aaaa11110000
eeeeaaaa5555aaaa11110000
eeeeaaaa5555aaaa21110000
eeeeaaaa5555aaaa22110000
eeeeaaaa5555aaaa22210000
eeeeaaaa5555aaaa22220000
eeeeaaaa5555aaaa22220000
eeeeaaaa5555aaaa22220000
eeeeaaaa5555aaaa22220000
eeeeaaaa5555baaa22220000
eeeeaaaa4545bbaa32220000
eeeeaaaa3434bbba33220000
eeeeaaaa2323bbbb33220000
eeeeaaaa2212bbbb33320000
eeeeaaaa1211bbbb33330000
eeeeaaaa0101bbbb33330000
eeeeaaaa0000bbbb33330000
eeeeaaaa0000bbbb33330000
eeeeaaaa0000bbbb43330000
eeeeaaaa0000bbbb44330000
eeeeaaaa0000bbbb44330000
eeeeaaaa0000bbbb44330000
eeeeaaaa0000bbbb44330000
eeee9a9a0000bbbb44330000
eeee99990000bbbb44330000
dede89890000bbbb44430000
cdcd78780000bbbb44440000
bcbc77670000bbbb44440000
abab67560000bbbb44440000
9a8a56450000bbbb44440000
897845440000bbbb44440000
786734340000bbbb44440000
675633230000bbbb44440000
564523220000bbbb44440000
453412120000bbbb44440000
343311110000bbbb44440000
433311010000bbbb44440000
544301000000bbbb44440000
554400000000bbbb44440000
655400000000bbbb44440000
664500000000bbbb44440000
564400000000bbbb44440000
554400000000bbbb44440000
654400000000bbbb44340000
564400000000bbbb44330000
554400000000bbbb44330000
554400000000bbbb44330000
655400000000bbbb44330000
665500000000bbbb44330000
665500000000bbbb44330000
766500000000bbbb44330000
877600000000bbbb44330000
a88700000000bbbb44330000
aa9800000000bbbb34330000
aa9900000000bbbb33330000
baa900000000bbbb33330000
bbaa00000000bbbb33330000
cbba00000000bbbb33330000
dccb00000000bbbb33330000
eddc00000000bbbb33230000
eedd00000000bbab33220000
eedd00000000bbaa23220000
eedd00000000abaa22220000
dedd00000000aaaa22220000
ddcd00000000aaaa22220000
ddcc00000000aaaa22220000
cdcc00000000aaaa22120000
bcbc00000000aaaa12110000
bbab00000000aaaa11110000
9b9a00000000aaaa11110000
898900000000aaaa11110000
786800000000aaaa11110000
675600000000aaaa11110000
564500000000aaaa11010000
454400000000aaaa11000000
343400000000aaaa01000000
232300000000aaaa00000000
221200000000aaaa00000000
121100000000aaaa00000000
110100000000aa9a00000000
0100000000009a9900000000
000000000000999900000000
000000000000999900000000
000000000000999900000000
000000000000999900000000
000000000000999900000000
000000000000999900000000
000000000000999900000000
000000000000999900000000
000000000000999900000000
000000000000999900000000
000000000000999900000000
000000000000999900000000
000000000000999900000000
000000000000999900000000
000000000000898900000000
000000000000888800000000
000000000000888800000000
000000000000888800000000
000000000000888800000000
000000000000888800000000
000000000000888800000000
000000000000888800000000
000000000000888800000000
000000000000888800000000
000000000000888800000000
000000000000888800000000
000000000000888800000000
000000000000888800000000
000000000000888800000000
000000000000787800000000
000000000000777700000000
000000000000777700000000
000000000000777700000000
000000000000777700000000
000000000000777700000000
212210100000777700000000
323211110000777700000000
334311110000777700000000
434421210000777700000000
545422220000777700000000
656532320000878700000000
768633430000888800000000
879843540000888800000000
98a954550000888800000000
a9ba65650000888800000000
bacb66760000888800000000
cbdc76870000888800000000
dcdd87880000888800000000
eded98980000888800000000
eeee99990000888800000000
eeeea9a90000888800000000
eeeeaaaa0000888800000000
eeeeaaaa0000888800000000
eeeeaaaa0000888800000000
eeeeaaaa0000988800000000
eeeeaaaa0000999800000000
eeeeaaaa0000999900000000
eeeeaaaa0000999900000000
eeeeaaaa0010999900000000
eeeeaaaa1011999900000000
eeeeaaaa2121999900000000
eeeeaaaa2232999900000000
eeeeaaaa3233999900000000
eeeeaaaa4343999900000000
eeeeaaaa5454999900000000
eeeeaaaa5555999900000000
eeeeaaaa5555999900000000
eeeeaaaa5555999900000000
eeeeaaaa5555999900000000
eeeeaaaa5555a99900000000
eeeeaaaa5555aaa900000000
eeeeaaaa5555aaaa00000000
eeeeaaaa5555aaaa00000000
eeeeaaaa5555aaaa00000000
eeeeaaaa5555aaaa10000000
eeeeaaaa5555aaaa11100000
eeeeaaaa5555aaaa11110000
eeeeaaaa5555aaaa11110000
eeeeaaaa5555aaaa11110000
eeeeaaaa5555aaaa11110000
eeeeaaaa5555aaaa21110000
eeeeaaaa5555aaaa22210000
eeeeaaaa5555aaaa22220000
eeeeaaaa5555aaaa22220000
eeeeaaaa5555aaaa22220000
eeeeaaaa5555aaaa22220000
eeeeaaaa5555aaaa22220000
eeeeaaaa5555baaa32220000
eeeeaaaa5555bbba33220000
eeeeaaaa4545bbbb33320000
eeeeaaaa3434bbbb33330000
eeeeaaaa2323bbbb33330000
eeeeaaaa2222bbbb33330000
eeeeaaaa1212bbbb33330000
eeeeaaaa0101bbbb43330000
eeeeaaaa0000bbbb44330000
eeeeaaaa0000bbbb44330000
eeeeaaaa0000bbbb44430000
eeeeaaaa0000bbbb44440000
eeeeaaaa0000bbbb44440000
eeeeaaaa0000bbbb44440000
eeeeaaaa0000bbbb44440000
eeee9a9a0000bbbb44440000
eeee99990000bbbb44440000
dede89890000bbbb44440000
cdcd78780000bbbb44440000
bcbc77770000bbbb44440000
abab67670000bbbb44440000
9a9a56560000bbbb44440000
898945450000bbbb44440000
787834340000bbbb44440000
676733330000bbbb44440000
565623230000bbbb44440000
454522120000bbbb44440000
443412110000bbbb44440000
544311110000bbbb44440000
655401010000bbbb44440000
665500000000bbbb44440000
766500000000bbbb44440000
776600000000bbbb44440000
775600000000bbbb44440000
775500000000bbbb44440000
776500000000bbbb44440000
775600000000bbbb44440000
675500000000bbbb44440000
665500000000bbbb44440000
766500000000bbbb44440000
776600000000bbbb44440000
776600000000bbbb44440000
877600000000bbbb44440000
988700000000bbbb44440000
b9a800000000bbbb44440000
bbaa00000000bbbb44340000
bbaa00000000bbbb44330000
cbba00000000bbbb44330000
ccbb00000000bbbb34330000
dccb00000000bbbb33330000
eddc00000000bbbb33330000
eeed00000000bbbb33330000
eeee00000000bbbb33330000
eeee00000000bbbb33230000
eeee00000000bbab33220000
eede00000000abaa23220000
eedd00000000aaaa22220000
dedd00000000aaaa22220000
ddcd00000000aaaa22220000
cdbc00000000aaaa22120000
bcbb00000000aaaa12110000
ab9b00000000aaaa11110000
8a8900000000aaaa11110000
787800000000aaaa11110000
676700000000aaaa11110000
665600000000aaaa11110000
564500000000aaaa11110000
453400000000aaaa11010000
342300000000aaaa01000000
232200000000aaaa00000000
121200000000aaaa00000000
111100000000aaaa00000000
010100000000aa9a00000000
0000000000009a9900000000
000000000000999900000000
000000000000999900000000
000000000000999900000000
000000000000999900000000
000000000000999900000000
000000000000999900000000
000000000000999900000000
000000000000999900000000
000000000000999900000000
000000000000999900000000
000000000000999900000000
000000000000999900000000
000000000000999900000000
000000000000998900000000
000000000000898800000000
000000000000888800000000
000000000000888800000000
000000000000888800000000
000000000000888800000000
000000000000888800000000
000000000000888800000000
000000000000888800000000
000000000000888800000000
000000000000888800000000
000000000000888800000000
000000000000888800000000
000000000000888800000000
000000000000888800000000
000000000000787800000000
000000000000777700000000
000000000000777700000000
000000000000777700000000
000000000000777700000000
000000000000777700000000
212100100000777700000000
223210110000777700000000
323311110000777700000000
434311210000777700000000
545421220000877700000000
656532320000888700000000
767633330000888800000000
878743430000888800000000
989854540000888800000000
a9a955650000888800000000
baba65660000888800000000
cbcb76760000888800000000
dcdc87870000888800000000
eded98980000888800000000
eeee99990000888800000000
eeeea9a90000888800000000
eeeeaaaa0000888800000000
eeeeaaaa0000888800000000
eeeeaaaa0000888800000000
eeeeaaaa0000989800000000
eeeeaaaa0000999900000000
eeeeaaaa0000999900000000
eeeeaaaa0000999900000000
eeeeaaaa0000999900000000
eeeeaaaa1010999900000000
eeeeaaaa1121999900000000
eeeeaaaa2122999900000000
eeeeaaaa3232999900000000
eeeeaaaa4343999900000000
eeeeaaaa4454999900000000
eeeeaaaa5455999900000000
eeeeaaaa5555999900000000
eeeeaaaa5555999900000000
eeeeaaaa5555a99900000000
eeeeaaaa5555aaa900000000
eeeeaaaa5555aaaa00000000
eeeeaaaa5555aaaa00000000
eeeeaaaa5555aaaa00000000
eeeeaaaa5555aaaa10000000
eeeeaaaa5555aaaa11100000
eeeeaaaa5555aaaa11110000
eeeeaaaa5555aaaa11110000
eeeeaaaa5555aaaa11110000
eeeeaaaa5555aaaa11110000
eeeeaaaa5555aaaa21110000
eeeeaaaa5555aaaa22210000
eeeeaaaa5555aaaa22220000
eeeeaaaa5555aaaa22220000
eeeeaaaa5555aaaa22220000
eeeeaaaa5555aaaa22220000
eeeeaaaa5555baaa32220000
eeeeaaaa5555bbaa33220000
eeeeaaaa4555bbba33320000
eeeeaaaa4455bbbb33330000
eeeeaaaa4445bbbb33330000
eeeeaaaa3434bbbb33330000
eeeeaaaa2323bbbb33330000
eeeeaaaa1222bbbb43330000
eeeeaaaa1112bbbb44330000
eeeeaaaa0101bbbb44430000
eeeeaaaa0000bbbb44440000
eeeeaaaa0000bbbb44440000
eeeeaaaa0000bbbb44440000
eeeeaaaa0000bbbb44440000
eeeeaaaa0000bbbb54440000
eeeeaaaa0000bbbb55440000
eeeeaaaa0000bbbb55440000
eeee9a9a0000bbbb55440000
eeee99990000bbbb55440000
dede89890000bbbb55440000
cdcd78780000bbbb55440000
bcbc77770000bbbb55440000
abab67670000bbbb55440000
9a9a56560000bbbb55440000
898945450000bbbb55440000
787834340000bbbb55440000
676733330000bbbb55440000
565623230000bbbb55440000
454522220000bbbb55440000
544412120000bbbb55440000
555411110000bbbb55440000
656501010000bbbb55440000
766600000000bbbb55440000
877600000000bbbb55440000
887700000000bbbb55440000
887700000000bbbb55440000
887700000000bbbb55440000
887700000000bbbb55440000
887700000000bbbb55440000
886700000000bbbb55440000
886600000000bbbb55440000
887600000000bbbb55440000
987700000000bbbb55440000
997700000000bbbb55440000
998700000000bbbb45440000
b99800000000bbbb44440000
cbb900000000bbbb44440000
ccbb00000000bbbb44440000
ccbb00000000bbbb44440000
dccb00000000bbbb44440000
ddcc00000000bbbb44340000
eddc00000000bbbb44330000
eeed00000000bbbb44330000
eeee00000000bbbb34330000
eeee00000000bbbb33330000
eeee00000000bbbb33330000
eeee00000000bbbb33330000
eeee00000000bbab33230000
eeee00000000bbaa33220000
eede00000000abaa23220000
dedd00000000aaaa22220000
ddcd00000000aaaa22220000
cdbc00000000aaaa22120000
acab00000000aaaa22110000
9a8a00000000aaaa12110000
897800000000aaaa11110000
786700000000aaaa11110000
676600000000aaaa11110000
565600000000aaaa11110000
454500000000aaaa11110000
343400000000aaaa11010000
232300000000aaaa01000000
221200000000aaaa00000000
121100000000aaaa00000000
010100000000aaaa00000000
000000000000aa9a00000000
0000000000009a9900000000
000000000000999900000000
000000000000999900000000
000000000000999900000000
000000000000999900000000
000000000000999900000000
000000000000999900000000
000000000000999900000000
000000000000999900000000
000000000000999900000000
000000000000999900000000
000000000000999900000000
000000000000999900000000
000000000000999900000000
000000000000898900000000
000000000000888800000000
000000000000888800000000
000000000000888800000000
000000000000888800000000
000000000000888800000000
000000000000888800000000
000000000000888800000000
000000000000888800000000
000000000000888800000000
000000000000888800000000
000000000000888800000000
000000000000888800000000
000000000000888800000000
000000000000887800000000
000000000000787700000000
000000000000777700000000
000000000000777700000000
000000000000777700000000
000000000000777700000000
112100000000777700000000
212210100000777700000000
323211110000777700000000
434311110000777700000000
445421210000878700000000
546522320000888800000000
657632330000888800000000
868743430000888800000000
989854540000888800000000
a9a955550000888800000000
baba65650000888800000000
cbcb76760000888800000000
dcdc87870000888800000000
dded88980000888800000000
edee98990000888800000000
eeee99a90000888800000000
eeeea9aa0000888800000000
eeeeaaaa0000888800000000
eeeeaaaa0000988800000000
eeeeaaaa0000999800000000
eeeeaaaa0000999900000000
eeeeaaaa0000999900000000
eeeeaaaa0000999900000000
eeeeaaaa0000999900000000
eeeeaaaa1010999900000000
eeeeaaaa1111999900000000
eeeeaaaa2121999900000000
eeeeaaaa3232999900000000
eeeeaaaa3343999900000000
eeeeaaaa4344999900000000
eeeeaaaa5454999900000000
eeeeaaaa5555999900000000
eeeeaaaa5555999900000000
eeeeaaaa5555a9a900000000
eeeeaaaa5555aaaa00000000
eeeeaaaa5555aaaa00000000
eeeeaaaa5555aaaa00000000
eeeeaaaa5555aaaa10000000
eeeeaaaa5555aaaa11100000
eeeeaaaa5555aaaa11110000
eeeeaaaa5555aaaa11110000
eeeeaaaa5555aaaa11110000
eeeeaaaa5555aaaa11110000
eeeeaaaa5555aaaa21110000
eeeeaaaa5555aaaa22210000
eeeeaaaa5555aaaa22220000
eeeeaaaa5555aaaa22220000
eeeeaaaa5555aaaa22220000
eeeeaaaa5555aaaa32220000
eeeeaaaa4555baaa33220000
eeeeaaaa4455bbba33320000
eeeeaaaa4455bbbb33330000
eeeeaaaa4445bbbb33330000
eeeeaaaa3444bbbb33330000
eeeeaaaa3344bbbb43330000
eeeeaaaa2334bbbb44330000
eeeeaaaa2223bbbb44330000
eeeeaaaa1212bbbb44430000
eeeeaaaa1111bbbb44440000
eeeeaaaa0101bbbb44440000
eeeeaaaa0000bbbb44440000
eeeeaaaa0000bbbb54440000
eeeeaaaa0000bbbb55440000
eeeeaaaa0000bbbb55440000
eeeeaaaa0000bbbb55540000
eeeeaaaa0000bbbb55550000
eeeeaaaa0000bbbb55550000
eeeeaa9a0000bbbb55550000
eeee9a990000bbbb55550000
eede99890000bbbb55550000
decd89780000bbbb55550000
cdbc78770000bbbb55550000
bcab67670000bbbb55550000
ab9a56560000bbbb55550000
8a8945450000bbbb55550000
787834340000bbbb55550000
676733330000bbbb55550000
565623230000bbbb55550000
454512220000bbbb55550000
545411120000bbbb55550000
655511110000bbbb55550000
766501010000bbbb55550000
877600000000bbbb55550000
988700000000bbbb55550000
a98800000000bbbb55550000
aa8800000000bbbb55550000
aa8800000000bbbb55550000
9a8800000000bbbb55550000
a98800000000bbbb55550000
9a8800000000bbbb55550000
998800000000bbbb55550000
a98800000000bbbb55550000
aa9800000000bbbb55550000
aa9900000000bbbb55550000
ba9900000000bbbb55450000
cbb900000000bbbb55440000
dccb00000000bbbb55440000
ddcc00000000bbbb55440000
ddcc00000000bbbb45440000
eddc00000000bbbb44440000
eedd00000000bbbb44440000
eeed00000000bbbb44440000
eeee00000000bbbb44440000
eeee00000000bbbb44340000
eeee00000000bbbb44330000
eeee00000000bbbb34330000
eeee00000000bbbb33330000
eeee00000000bbbb33330000
eeee00000000bbbb33330000
eeee00000000bbab33230000
eede00000000abaa23220000
dedd00000000aaaa22220000
cdcd00000000aaaa22220000
bcac00000000aaaa22220000
ab9a00000000aaaa22120000
9a8900000000aaaa12110000
897800000000aaaa11110000
786700000000aaaa11110000
675600000000aaaa11110000
464500000000aaaa11110000
343400000000aaaa11110000
332300000000aaaa01010000
232200000000aaaa00000000
121200000000aaaa00000000
110100000000aaaa00000000
010000000000aaaa00000000
0000000000009a9a00000000
000000000000999900000000
000000000000999900000000
000000000000999900000000
000000000000999900000000
000000000000999900000000
000000000000999900000000
000000000000999900000000
000000000000999900000000
000000000000999900000000
000000000000999900000000
000000000000999900000000
000000000000999900000000
000000000000999900000000
000000000000998900000000
000000000000898800000000
000000000000888800000000
000000000000888800000000
000000000000888800000000
000000000000888800000000
000000000000888800000000
000000000000888800000000
000000000000888800000000
000000000000888800000000
000000000000888800000000
000000000000888800000000
000000000000888800000000
000000000000888800000000
000000000000888800000000
000000000000787800000000
000000000000777700000000
000000000000777700000000
000000000000777700000000
000000000000777700000000
111100000000777700000000
212110100000777700000000
323211110000777700000000
434311110000777700000000
444421210000878700000000
545422220000888800000000
656532320000888800000000
768643430000888800000000
979844540000888800000000
a9a954550000888800000000
baba65650000888800000000
cbcb76760000888800000000
ccdc87870000888800000000
dcdd88880000888800000000
eded98980000888800000000
eeee99990000888800000000
eeeea9a90000888800000000
eeeeaaaa0000888800000000
eeeeaaaa0000989800000000
eeeeaaaa0000999900000000
eeeeaaaa0000999900000000
eeeeaaaa0000999900000000
eeeeaaaa0000999900000000
eeeeaaaa0000999900000000
eeeeaaaa0010999900000000
eeeeaaaa1011999900000000
eeeeaaaa2121999900000000
eeeeaaaa2232999900000000
eeeeaaaa3233999900000000
eeeeaaaa4343999900000000
eeeeaaaa4454999900000000
eeeeaaaa4455999900000000
eeeeaaaa4455a99900000000
eeeeaaaa4455aaa900000000
eeeeaaaa5455aaaa00000000
eeeeaaaa5555aaaa00000000
eeeeaaaa5555aaaa10000000
eeeeaaaa5555aaaa11100000
eeeeaaaa5555aaaa11110000
eeeeaaaa5555aaaa11110000
eeeeaaaa5555aaaa11110000
eeeeaaaa5555aaaa11110000
eeeeaaaa5555aaaa21110000
eeeeaaaa5555aaaa22210000
eeeeaaaa5555aaaa22220000
eeeeaaaa5555aaaa22220000
eeeeaaaa5555aaaa22220000
eeeeaaaa5555aaaa32220000
eeeeaaaa4555baaa33320000
eeeeaaaa3445bbba33330000
eeeeaaaa3344bbbb33330000
eeeeaaaa3344bbbb33330000
eeeeaaaa2344bbbb43330000
eeeeaaaa2234bbbb44330000
eeeeaaaa2233bbbb44430000
eeeeaaaa1223bbbb44440000
eeeeaaaa1122bbbb44440000
eeeeaaaa1112bbbb44440000
eeeeaaaa0111bbbb54440000
eeeeaaaa0001bbbb55440000
eeeeaaaa0000bbbb55440000
eeeeaaaa0000bbbb55540000
eeeeaaaa0000bbbb55550000
eeeeaaaa0000bbbb55550000
eeeeaaaa0000bbbb55550000
eeeeaaaa0000bbbb55550000
eeeeaaaa0000bbbb55550000
eeeeaaaa0000bbbb65550000
eeee9a9a0000bbbb66550000
eeee99990000bbbb66550000
dede89890000bbbb66550000
cdcd78780000bbbb66550000
bcbc67670000bbbb66550000
abab66560000bbbb66550000
9a8a56450000bbbb66550000
897845340000bbbb66550000
686734330000bbbb66550000
565623230000bbbb66550000
454522120000bbbb66550000
645412110000bbbb66550000
766511110000bbbb66550000
877601010000bbbb66550000
988700000000bbbb66550000
a99800000000bbbb66550000
baa900000000bbbb66550000
bbaa00000000bbbb66550000
bbaa00000000bbbb66550000
bb9a00000000bbbb66550000
bba900000000bbbb66550000
bb9a00000000bbbb66550000
ab9900000000bbbb66550000
baa900000000bbbb56550000
bbaa00000000bbbb55550000
bbaa00000000bbbb55550000
cbba00000000bbbb55550000
dccb00000000bbbb55550000
eddc00000000bbbb55550000
eedd00000000bbbb55550000
eedd00000000bbbb55450000
eeed00000000bbbb55440000
eeee00000000bbbb55440000
eeee00000000bbbb45440000
eeee00000000bbbb44440000
eeee00000000bbbb44440000
eeee00000000bbbb44440000
eeee00000000bbbb44340000
eeee00000000bbbb44330000
eeee00000000bbbb34330000
eeee00000000bbbb33330000
eeee00000000bbbb33330000
eeee00000000bbab33230000
dede00000000abaa23220000
cdcd00000000aaaa22220000
bcbc00000000aaaa22220000
bbab00000000aaaa22220000
ab9a00000000aaaa22120000
9a8900000000aaaa12110000
797800000000aaaa11110000
676700000000aaaa11110000
564600000000aaaa11110000
453400000000aaaa11110000
343300000000aaaa11010000
232300000000aaaa01000000
121200000000aaaa00000000
111100000000aaaa00000000
010100000000aaaa00000000
000000000000aa9a00000000
0000000000009a9900000000
000000000000999900000000
000000000000999900000000
000000000000999900000000
000000000000999900000000
000000000000999900000000
000000000000999900000000
000000000000999900000000
000000000000999900000000
000000000000999900000000
000000000000999900000000
000000000000999900000000
000000000000999900000000
000000000000999900000000
000000000000898900000000
000000000000888800000000
000000000000888800000000
000000000000888800000000
000000000000888800000000
000000000000888800000000
000000000000888800000000
000000000000888800000000
000000000000888800000000
000000000000888800000000
000000000000888800000000
000000000000888800000000
000000000000888800000000
000000000000888800000000
000000000000787800000000
000000000000777700000000
000000000000777700000000
000000000000777700000000
000000000000777700000000
111100000000777700000000
212110100000777700000000
323211110000777700000000
334311110000777700000000
434421210000878700000000
545422220000888800000000
656532320000888800000000
767633430000888800000000
879743440000888800000000
98a954540000888800000000
a9ba65650000888800000000
bacb76760000888800000000
cbcc77870000888800000000
dcdc87880000888800000000
eded98980000888800000000
eeee99990000888800000000
eeeea9a90000888800000000
eeeeaaaa0000888800000000
eeeeaaaa0000989800000000
eeeeaaaa0000999900000000
eeeeaaaa0000999900000000
eeeeaaaa0000999900000000
eeeeaaaa0000999900000000
eeeeaaaa0000999900000000
eeeeaaaa0000999900000000
eeeeaaaa1010999900000000
eeeeaaaa1121999900000000
eeeeaaaa2122999900000000
eeeeaaaa2232999900000000
eeeeaaaa3243999900000000
eeeeaaaa3344999900000000
eeeeaaaa2344999900000000
eeeeaaaa3244a9a900000000
eeeeaaaa4344aaaa00000000
eeeeaaaa5454aaaa00000000
eeeeaaaa5555aaaa00000000
eeeeaaaa5555aaaa10100000
eeeeaaaa5555aaaa11110000
eeeeaaaa5555aaaa11110000
eeeeaaaa5555aaaa11110000
eeeeaaaa5555aaaa11110000
eeeeaaaa5555aaaa11110000
eeeeaaaa5555aaaa21210000
eeeeaaaa5555aaaa22220000
eeeeaaaa5555aaaa22220000
eeeeaaaa5555aaaa22220000
eeeeaaaa4555aaaa32220000
eeeeaaaa4455baaa33320000
eeeeaaaa3445bbba33330000
eeeeaaaa2334bbbb33330000
eeeeaaaa2233bbbb43330000
eeeeaaaa1233bbbb44330000
eeeeaaaa1123bbbb44430000
eeeeaaaa1122bbbb44440000
eeeeaaaa1122bbbb44440000
eeeeaaaa1112bbbb44440000
eeeeaaaa0111bbbb54440000
eeeeaaaa0011bbbb55440000
eeeeaaaa0001bbbb55540000
eeeeaaaa0000bbbb55550000
eeeeaaaa0000bbbb55550000
eeeeaaaa0000bbbb55550000
eeeeaaaa0000bbbb55550000
eeeeaaaa0000bbbb65550000
eeeeaaaa0000bbbb66550000
eeeeaaaa0000bbbb66550000
eeeeaaaa0000bbbb66550000
eeee9aaa0000bbbb66650000
eeee999a0000bbbb66660000
deee89990000bbbb66660000
ddde88890000bbbb66660000
cdcd78780000bbbb66660000
bcbc67670000bbbb66660000
abab66660000bbbb66660000
9a9a56560000bbbb66660000
898945450000bbbb66660000
786834340000bbbb66660000
675633230000bbbb66660000
564523220000bbbb66660000
656412120000bbbb66660000
867611110000bbbb66660000
988711010000bbbb66660000
a99801000000bbbb66660000
baa900000000bbbb66660000
cbba00000000bbbb66660000
ccbb00000000bbbb66660000
ccbb00000000bbbb66660000
ccbb00000000bbbb66660000
ccbb00000000bbbb66660000
ccbb00000000bbbb66660000
ccab00000000bbbb66660000
ccba00000000bbbb66560000
ccbb00000000bbbb66550000
ccbb00000000bbbb66550000
dccb00000000bbbb66550000
dddc00000000bbbb56550000
eded00000000bbbb55550000
eeee00000000bbbb55550000
eeee00000000bbbb55550000
eeee00000000bbbb55550000
eeee00000000bbbb55550000
eeee00000000bbbb55450000
eeee00000000bbbb55440000
eeee00000000bbbb45440000
eeee00000000bbbb44440000
eeee00000000bbbb44440000
eeee00000000bbbb44440000
eeee00000000bbbb44340000
eeee00000000bbbb34330000
eeee00000000bbbb33330000
eeee00000000bbbb33330000
eede00000000bbab33230000
decd00000000abaa23220000
cdbc00000000aaaa22220000
bcbb00000000aaaa22220000
bbab00000000aaaa22220000
9b9a00000000aaaa22120000
897900000000aaaa12110000
686700000000aaaa11110000
565600000000aaaa11110000
454500000000aaaa11110000
343400000000aaaa11110000
232300000000aaaa01010000
121200000000aaaa00000000
111100000000aaaa00000000
010100000000aaaa00000000
000000000000aaaa00000000
0000000000009a9a00000000
000000000000999900000000
000000000000999900000000
000000000000999900000000
000000000000999900000000
000000000000999900000000
000000000000999900000000
000000000000999900000000
000000000000999900000000
000000000000999900000000
000000000000999900000000
000000000000999900000000
000000000000999900000000
000000000000999900000000
000000000000898900000000
000000000000888800000000
000000000000888800000000
000000000000888800000000
000000000000888800000000
000000000000888800000000
000000000000888800000000
000000000000888800000000
000000000000888800000000
000000000000888800000000
000000000000888800000000
000000000000888800000000
000000000000888800000000
000000000000888800000000
000000000000787800000000
000000000000777700000000
000000000000777700000000
000000000000777700000000
000000000000777700000000
111100000000777700000000
212100100000777700000000
223210110000777700000000
323311110000877700000000
434321210000888700000000
545422220000888800000000
656532320000888800000000
767633330000888800000000
878743430000888800000000
989854540000888800000000
a9a965650000888800000000
baba66760000888800000000
cbcb76770000888800000000
dcdc87870000888800000000
eded98980000888800000000
eeee99990000888800000000
eeeea9a90000888800000000
eeeeaaaa0000988800000000
eeeeaaaa0000999800000000
eeeeaaaa0000999900000000
eeeeaaaa0000999900000000
eeeeaaaa0000999900000000
eeeeaaaa0000999900000000
eeeeaaaa0000999900000000
eeeeaaaa0000999900000000
eeeeaaaa1010999900000000
eeeeaaaa1111999900000000
eeeeaaaa1121999900000000
eeeeaaaa1122999900000000
eeeeaaaa1132999900000000
eeeeaaaa1133999900000000
eeeeaaaa2123a99900000000
eeeeaaaa3232aaa900000000
eeeeaaaa3343aaaa00000000
eeeeaaaa4354aaaa00000000
eeeeaaaa4455aaaa10000000
eeeeaaaa4455aaaa11100000
eeeeaaaa5455aaaa11110000
eeeeaaaa5555aaaa11110000
eeeeaaaa5555aaaa11110000
eeeeaaaa5555aaaa11110000
eeeeaaaa5555aaaa21110000
eeeeaaaa5555aaaa22210000
eeeeaaaa5555aaaa22220000
eeeeaaaa5555aaaa22220000
eeeeaaaa4555aaaa32220000
eeeeaaaa4445baaa33320000
eeeeaaaa3444bbba33330000
eeeeaaaa3334bbbb33330000
eeeeaaaa2323bbbb43330000
eeeeaaaa1222bbbb44430000
eeeeaaaa1112bbbb44440000
eeeeaaaa0111bbbb44440000
eeeeaaaa0011bbbb44440000
eeeeaaaa0011bbbb54440000
eeeeaaaa0011bbbb55440000
eeeeaaaa0001bbbb55540000
eeeeaaaa0000bbbb55550000
eeeeaaaa0000bbbb55550000
eeeeaaaa0000bbbb55550000
eeeeaaaa0000bbbb55550000
eeeeaaaa0000bbbb65550000
eeeeaaaa0000bbbb66550000
eeeeaaaa0000bbbb66650000
eeeeaaaa0000bbbb66660000
eeeeaaaa0000bbbb66660000
eeeeaaaa0000bbbb66660000
eeee9a9a0000bbbb66660000
eeee99990000bbbb66660000
dede89890000bbbb66660000
dddd88880000cbbb66660000
cdcd78780000ccbb66660000
bcbc67670000ccbb66660000
abab56660000ccbb66660000
9a9a55560000ccbb66660000
898945450000ccbb66660000
787834340000ccbb66660000
676733330000ccbb66660000
665623230000ccbb66660000
766522120000ccbb66660000
878612110000ccbb66660000
a89811110000ccbb66660000
baa901010000ccbb66660000
cbba00000000ccbb66660000
cccb00000000ccbb66660000
dccc00000000ccbb66660000
ddcc00000000ccbb66660000
ddcc00000000ccbb66660000
ddcc00000000ccbb66660000
ddcc00000000bcbb66660000
ddcc00000000bbbb66660000
ddcc00000000bbbb66660000
ddcc00000000bbbb66660000
ddcc00000000bbbb66660000
eddc00000000bbbb66660000
eedd00000000bbbb66560000
eeed00000000bbbb66550000
eeee00000000bbbb66550000
eeee00000000bbbb56550000
eeee00000000bbbb55550000
eeee00000000bbbb55550000
eeee00000000bbbb55550000
eeee00000000bbbb55550000
eeee00000000bbbb55450000
eeee00000000bbbb55440000
eeee00000000bbbb45440000
eeee00000000bbbb44440000
eeee00000000bbbb44440000
eeee00000000bbbb44340000
eeee00000000bbbb34330000
eeee00000000bbbb33330000
eeee00000000bbbb33330000
dede00000000bbab33230000
ddcd00000000abaa23220000
cdbc00000000aaaa22220000
bcbb00000000aaaa22220000
ab9b00000000aaaa22220000
8a8900000000aaaa12120000
786800000000aaaa11110000
675600000000aaaa11110000
464500000000aaaa11110000
343400000000aaaa11110000
232300000000aaaa11010000
121200000000aaaa01000000
111100000000aaaa00000000
010100000000aaaa00000000
000000000000aaaa00000000
000000000000aa9a00000000
0000000000009a9900000000
000000000000999900000000
000000000000999900000000
000000000000999900000000
000000000000999900000000
000000000000999900000000
000000000000999900000000
000000000000999900000000
000000000000999900000000
000000000000999900000000
000000000000999900000000
000000000000999900000000
000000000000999900000000
000000000000998900000000
000000000000898800000000
000000000000888800000000
000000000000888800000000
000000000000888800000000
000000000000888800000000
000000000000888800000000
000000000000888800000000
000000000000888800000000
000000000000888800000000
000000000000888800000000
000000000000888800000000
000000000000888800000000
000000000000888800000000
000000000000887800000000
000000000000787700000000
000000000000777700000000
000000000000777700000000
000000000000777700000000
111100000000777700000000
212100000000777700000000
222210100000777700000000
323211110000878700000000
434311210000888800000000
545421220000888800000000
656532320000888800000000
767633330000888800000000
878743430000888800000000
989854540000888800000000
a9a965650000888800000000
baba66660000888800000000
cbcb76760000888800000000
dcdc87870000888800000000
dded88980000888800000000
edee98990000888800000000
eeee99a90000888800000000
eeeea9aa0000989800000000
eeeeaaaa0000999900000000
eeeeaaaa0000999900000000
eeeeaaaa0000999900000000
eeeeaaaa0000999900000000
eeeeaaaa0000999900000000
eeeeaaaa0000999900000000
eeeeaaaa0000999900000000
eeeeaaaa0010999900000000
eeeeaaaa0011999900000000
eeeeaaaa0011999900000000
eeeeaaaa0011999900000000
eeeeaaaa0011999900000000
eeeeaaaa1011999900000000
eeeeaaaa1121a9a900000000
eeeeaaaa2132aaaa00000000
eeeeaaaa2233aaaa00000000
eeeeaaaa2243aaaa00000000
eeeeaaaa3244aaaa10100000
eeeeaaaa4344aaaa11110000
eeeeaaaa5454aaaa11110000
eeeeaaaa5555aaaa11110000
eeeeaaaa5555aaaa11110000
eeeeaaaa5555aaaa21110000
eeeeaaaa5555aaaa22210000
eeeeaaaa5555aaaa22220000
eeeeaaaa4555aaaa22220000
eeeeaaaa4455aaaa32220000
eeeeaaaa3445baaa33320000
eeeeaaaa3344bbba33330000
eeeeaaaa2334bbbb33330000
eeeeaaaa2233bbbb43330000
eeeeaaaa1223bbbb44430000
eeeeaaaa1112bbbb44440000
eeeeaaaa0111bbbb44440000
eeeeaaaa0001bbbb54440000
eeeeaaaa0000bbbb55440000
eeeeaaaa0000bbbb55540000
eeeeaaaa0000bbbb55550000
eeeeaaaa0000bbbb55550000
eeeeaaaa0000bbbb55550000
eeeeaaaa0000bbbb55550000
eeeeaaaa0000bbbb65550000
eeeeaaaa0000bbbb66550000
eeeeaaaa0000bbbb66650000
eeeeaaaa0000bbbb66660000
eeeeaaaa0000bbbb66660000
eeeeaaaa0000bbbb66660000
eeeeaaaa0000cbbb66660000
eeeeaaaa0000ccbb66660000
eeee9a9a0000ccbb66660000
eeee99990000ccbb66660000
dede89890000ccbb66660000
dddd88880000cccb66660000
cdcd78780000cccc66660000
bcbc67670000cccc66660000
abab56560000cccc66660000
9a9a55550000cccc66660000
898945450000cccc66660000
787834340000cccc66660000
676733330000cccc66660000
766623230000cccc66660000
877622220000cccc66660000
988712120000cccc66660000
a9a811110000cccc66660000
caba01010000cccc66660000
cccb00000000cccc66660000
dccc00000000cccc66660000
eddc00000000cccc66660000
eedd00000000cccc66660000
eedd00000000cccc66660000
eedd00000000cccc66660000
eedd00000000ccbc66660000
eedd00000000ccbb66660000
eedd00000000ccbb66660000
eedd00000000ccbb66660000
eedd00000000ccbb66660000
eeed00000000bcbb66660000
eeee00000000bbbb66660000
eeee00000000bbbb66660000
eeee00000000bbbb66660000
eeee00000000bbbb66560000
eeee00000000bbbb66550000
eeee00000000bbbb66550000
eeee00000000bbbb56550000
eeee00000000bbbb55550000
eeee00000000bbbb55550000
eeee00000000bbbb55550000
eeee00000000bbbb55450000
eeee00000000bbbb45440000
eeee00000000bbbb44440000
eeee00000000bbbb44440000
eeee00000000bbbb44340000
eeee00000000bbbb34330000
eeee00000000bbbb33330000
eede00000000bbbb33330000
dedd00000000bbab33230000
ddcd00000000abaa23220000
bdbc00000000aaaa22220000
abab00000000aaaa22220000
9a8a00000000aaaa22120000
897800000000aaaa12110000
686700000000aaaa11110000
564600000000aaaa11110000
353400000000aaaa11110000
232300000000aaaa11110000
121200000000aaaa01010000
111100000000aaaa00000000
010100000000aaaa00000000
000000000000aaaa00000000
000000000000aaaa00000000
0000000000009a9a00000000
000000000000999900000000
000000000000999900000000
000000000000999900000000
000000000000999900000000
000000000000999900000000
000000000000999900000000
000000000000999900000000
000000000000999900000000
000000000000999900000000
000000000000999900000000
000000000000999900000000
000000000000999900000000
000000000000999900000000
000000000000898900000000
000000000000888800000000
000000000000888800000000
000000000000888800000000
000000000000888800000000
000000000000888800000000
000000000000888800000000
000000000000888800000000
000000000000888800000000
000000000000888800000000
000000000000888800000000
000000000000888800000000
000000000000888800000000
000000000000888800000000
000000000000787800000000
000000000000777700000000
000000000000777700000000
000000000000777700000000
111100000000777700000000
212100000000777700000000
222210100000777700000000
323211110000878700000000
434311110000888800000000
445421210000888800000000
546522320000888800000000
657632330000888800000000
868743430000888800000000
989854540000888800000000
a9a955650000888800000000
baba65660000888800000000
cbcb76760000888800000000
ccdc87870000888800000000
dcdd88880000888800000000
eded98980000888800000000
eeee99990000888800000000
eeeea9a90000989800000000
eeeeaaaa0000999900000000
eeeeaaaa0000999900000000
eeeeaaaa0000999900000000
eeeeaaaa0000999900000000
eeeeaaaa0000999900000000
eeeeaaaa0000999900000000
eeeeaaaa0000999900000000
eeeeaaaa0000999900000000
eeeeaaaa0000999900000000
eeeeaaaa0000999900000000
eeeeaaaa0000999900000000
eeeeaaaa0000999900000000
eeeeaaaa0010a99900000000
eeeeaaaa1011aaa900000000
eeeeaaaa1121aaaa00000000
eeeeaaaa1122aaaa00000000
eeeeaaaa1122aaaa10000000
eeeeaaaa2132aaaa11100000
eeeeaaaa3243aaaa11110000
eeeeaaaa4354aaaa11110000
eeeeaaaa4455aaaa11110000
eeeeaaaa4455aaaa11110000
eeeeaaaa4455aaaa21210000
eeeeaaaa4455aaaa22220000
eeeeaaaa4455aaaa22220000
eeeeaaaa3445aaaa22220000
eeeeaaaa3344baaa32320000
eeeeaaaa2334bbba33330000
eeeeaaaa2233bbbb33330000
eeeeaaaa2223bbbb43330000
eeeeaaaa1222bbbb44430000
eeeeaaaa1112bbbb44440000
eeeeaaaa0111bbbb44440000
eeeeaaaa0001bbbb54440000
eeeeaaaa0000bbbb55540000
eeeeaaaa0000bbbb55550000
eeeeaaaa0000bbbb55550000
eeeeaaaa0000bbbb55550000
eeeeaaaa0000bbbb65550000
eeeeaaaa0000bbbb66550000
eeeeaaaa0000bbbb66550000
eeeeaaaa0000bbbb66650000
eeeeaaaa0000bbbb66660000
eeeeaaaa0000bbbb66660000
eeeeaaaa0000bbbb66660000
eeeeaaaa0000cbbb66660000
eeeeaaaa0000ccbb66660000
eeee9aaa0000cccb66660000
eeee99aa0000cccc66660000
eeee999a0000cccc66660000
deee89990000cccc66660000
ddde88890000cccc66660000
cddd78880000cccc66660000
cccd77780000cccc76660000
bcbc67670000cccc77660000
abab56560000cccc77660000
8a9a45550000cccc77660000
788944450000cccc77660000
677834340000cccc77660000
666723330000cccc77660000
767622230000cccc77660000
978712220000cccc77660000
a99811120000cccc77660000
baa911110000cccc77660000
cbca01010000cccc77660000
dccc00000000cccc77660000
eddc00000000cccc77660000
eeed00000000cccc77660000
eeee00000000cccc77660000
eeee00000000cccc77660000
eeee00000000cccc67660000
eeee00000000cccc66660000
eeee00000000cccc66660000
eeee00000000cccc66660000
eeee00000000cccc66660000
eeee00000000cccc66660000
eeee00000000ccbc66660000
eeee00000000ccbb66660000
eeee00000000bcbb66660000
eeee00000000bbbb66660000
eeee00000000bbbb66660000
eeee00000000bbbb66660000
eeee00000000bbbb66660000
eeee00000000bbbb66560000
eeee00000000bbbb66550000
eeee00000000bbbb56550000
eeee00000000bbbb55550000
eeee00000000bbbb55550000
eeee00000000bbbb55450000
eeee00000000bbbb45440000
eeee00000000bbbb44440000
eeee00000000bbbb44440000
eeee00000000bbbb44340000
eeee00000000bbbb34330000
eeee00000000bbbb33330000
eede00000000bbbb33330000
dedd00000000bbab23230000
cdbd00000000abaa22220000
bcab00000000aaaa22220000
9b9a00000000aaaa22220000
898900000000aaaa12120000
686800000000aaaa11110000
565600000000aaaa11110000
353500000000aaaa11110000
232300000000aaaa11110000
121200000000aaaa11010000
111100000000aaaa01000000
110100000000aaaa00000000
010000000000aaaa00000000
000000000000aaaa00000000
000000000000aa9a00000000
0000000000009a9900000000
000000000000999900000000
000000000000999900000000
000000000000999900000000
000000000000999900000000
000000000000999900000000
000000000000999900000000
000000000000999900000000
000000000000999900000000
000000000000999900000000
000000000000999900000000
000000000000999900000000
000000000000999900000000
000000000000898900000000
000000000000888800000000
000000000000888800000000
000000000000888800000000
000000000000888800000000
000000000000888800000000
000000000000888800000000
000000000000888800000000
000000000000888800000000
000000000000888800000000
000000000000888800000000
000000000000888800000000
000000000000888800000000
000000000000888800000000
000000000000787800000000
000000000000777700000000
000000000000777700000000
000000000000777700000000
111100000000777700000000
112100000000777700000000
212210100000777700000000
323211110000878700000000
334311110000888800000000
434421210000888800000000
545422220000888800000000
656532320000888800000000
768643430000888800000000
879844540000888800000000
98a954550000888800000000
a9ba65650000888800000000
bacb66760000888800000000
cbcc76870000888800000000
dcdc87880000888800000000
dded88980000888800000000
edee98990000988800000000
eeee99a90000999800000000
eeeea9aa0000999900000000
eeeeaaaa0000999900000000
eeeeaaaa0000999900000000
eeeeaaaa0000999900000000
eeeeaaaa0000999900000000
eeeeaaaa0000999900000000
eeeeaaaa0000999900000000
eeeeaaaa0000999900000000
eeeeaaaa0000999900000000
eeeeaaaa0000999900000000
eeeeaaaa0000999900000000
eeeeaaaa0000999900000000
eeeeaaaa0000a9a900000000
eeeeaaaa0010aaaa00000000
eeeeaaaa0011aaaa00000000
eeeeaaaa0011aaaa00000000
eeeeaaaa1011aaaa10100000
eeeeaaaa2121aaaa11110000
eeeeaaaa2232aaaa11110000
eeeeaaaa3243aaaa11110000
eeeeaaaa3344aaaa11110000
eeeeaaaa3344aaaa21110000
eeeeaaaa3344aaaa22210000
eeeeaaaa3344aaaa22220000
eeeeaaaa3344aaaa22220000
eeeeaaaa2334aaaa32220000
eeeeaaaa2233baba33320000
eeeeaaaa1223bbbb33330000
eeeeaaaa1122bbbb43330000
eeeeaaaa1122bbbb44430000
eeeeaaaa1112bbbb44440000
eeeeaaaa0111bbbb44440000
eeeeaaaa0001bbbb54440000
eeeeaaaa0000bbbb55540000
eeeeaaaa0000bbbb55550000
eeeeaaaa0000bbbb55550000
eeeeaaaa0000bbbb55550000
eeeeaaaa0000bbbb65550000
eeeeaaaa0000bbbb66650000
eeeeaaaa0000bbbb66660000
eeeeaaaa0000bbbb66660000
eeeeaaaa0000bbbb66660000
eeeeaaaa0000bbbb66660000
eeeeaaaa0000cbbb66660000
eeeeaaaa0000ccbb66660000
eeee9aaa0000cccb66660000
eeee99aa0000cccc66660000
eeee999a0000cccc66660000
deee89990000cccc66660000
ddee88990000cccc76660000
ddde88890000cccc77660000
cddd78880000cccc77660000
cccd77780000cccc77660000
bccc67770000cccc77760000
abbc66670000cccc77770000
9aab56560000cccc77770000
898a45450000cccc77770000
787844440000cccc77770000
676734340000cccc77770000
766623230000cccc77770000
877622220000cccc77770000
989712120000cccc77770000
b9a911110000cccc77770000
bbba11110000cccc77770000
cbcb01010000cccc77770000
ecdc00000000cccc77770000
eeed00000000cccc77770000
eeee00000000cccc77770000
eeee00000000cccc77770000
eeee00000000cccc77770000
eeee00000000cccc77670000
eeee00000000cccc77660000
eeee00000000cccc77660000
eeee00000000cccc77660000
eeee00000000cccc67660000
eeee00000000cccc66660000
eeee00000000cccc66660000
eeee00000000cccc66660000
eeee00000000ccbc66660000
eeee00000000ccbb66660000
eeee00000000bcbb66660000
eeee00000000bbbb66660000
eeee00000000bbbb66660000
eeee00000000bbbb66660000
eeee00000000bbbb66660000
eeee00000000bbbb66560000
eeee00000000bbbb56550000
eeee00000000bbbb55550000
eeee00000000bbbb55550000
eeee00000000bbbb55450000
eeee00000000bbbb45440000
eeee00000000bbbb44440000
eeee00000000bbbb44440000
eeee00000000bbbb44340000
eeee00000000bbbb34330000
eeee00000000bbbb33330000
dede00000000bbbb33230000
cdcd00000000abab23220000
bcbc00000000aaaa22220000
ab9b00000000aaaa22220000
8a8900000000aaaa22120000
686800000000aaaa12110000
565600000000aaaa11110000
453500000000aaaa11110000
342300000000aaaa11110000
231200000000aaaa11110000
121100000000aaaa01010000
111100000000aaaa00000000
010100000000aaaa00000000
000000000000aaaa00000000
000000000000aaaa00000000
0000000000009a9a00000000
000000000000999900000000
000000000000999900000000
000000000000999900000000
000000000000999900000000
000000000000999900000000
000000000000999900000000
000000000000999900000000
000000000000999900000000
000000000000999900000000
000000000000999900000000
000000000000999900000000
000000000000999900000000
000000000000998900000000
000000000000898800000000
000000000000888800000000
000000000000888800000000
000000000000888800000000
000000000000888800000000
000000000000888800000000
000000000000888800000000
000000000000888800000000
000000000000888800000000
000000000000888800000000
000000000000888800000000
000000000000888800000000
000000000000888800000000
000000000000787800000000
000000000000777700000000
000000000000777700000000
000000000000777700000000
111100000000777700000000
111100000000777700000000
212110100000777700000000
223211110000878700000000
323311110000888800000000
434321210000888800000000
545422220000888800000000
656532320000888800000000
767633430000888800000000
878743440000888800000000
989854540000888800000000
a9a955650000888800000000
baba65660000888800000000
cbcb76760000888800000000
ccdc87870000888800000000
dcdd88880000888800000000
eded98980000989800000000
eeee99990000999900000000
eeeea9a90000999900000000
eeeeaaaa0000999900000000
eeeeaaaa0000999900000000
eeeeaaaa0000999900000000
eeeeaaaa0000999900000000
eeeeaaaa0000999900000000
eeeeaaaa0000999900000000
eeeeaaaa0000999900000000
eeeeaaaa0000999900000000
eeeeaaaa0000999900000000
eeeeaaaa0000999900000000
eeeeaaaa0000999900000000
eeeeaaaa0000a9a900000000
eeeeaaaa0000aaaa00000000
eeeeaaaa0000aaaa00000000
eeeeaaaa0000aaaa10000000
eeeeaaaa1010aaaa11100000
eeeeaaaa1121aaaa11110000
eeeeaaaa2122aaaa11110000
eeeeaaaa2232aaaa11110000
eeeeaaaa2233aaaa11110000
eeeeaaaa2233aaaa21210000
eeeeaaaa2233aaaa22220000
eeeeaaaa2233aaaa22220000
eeeeaaaa2233aaaa32220000
eeeeaaaa1223baaa33320000
eeeeaaaa1122bbba33330000
eeeeaaaa1112bbbb33330000
eeeeaaaa1111bbbb43430000
eeeeaaaa0111bbbb44440000
eeeeaaaa0011bbbb44440000
eeeeaaaa0001bbbb54440000
eeeeaaaa0000bbbb55540000
eeeeaaaa0000bbbb55550000
eeeeaaaa0000bbbb55550000
eeeeaaaa0000bbbb55550000
eeeeaaaa0000bbbb65550000
eeeeaaaa0000bbbb66650000
eeeeaaaa0000bbbb66660000
eeeeaaaa0000bbbb66660000
eeeeaaaa0000bbbb66660000
eeeeaaaa0000cbbb66660000
eeee9aaa0000ccbb66660000
eeee99aa0000cccb66660000
eeee99aa0000cccc66660000
eeee999a0000cccc66660000
deee89990000cccc76660000
ddee88990000cccc77660000
ddde88890000cccc77660000
cddd78880000cccc77760000
ccdd77880000cccc77770000
bccd67780000cccc77770000
bbcc66770000cccc77770000
abbc66670000cccc77770000
9aab56660000cccc77770000
999a55560000cccc77770000
898945450000cccc77770000
787834440000cccc77770000
776733340000cccc77770000
877623230000cccc77770000
988722220000cccc77770000
a99812120000cccc77770000
bab911110000cccc77770000
cbbb11110000cccc77770000
dccb01010000cccc77770000
edec00000000cccc77770000
eeee00000000cccc77770000
eeee00000000cccc77770000
eeee00000000cccc77770000
eeee00000000cccc77770000
eeee00000000cccc77770000
eeee00000000cccc77770000
eeee00000000cccc77770000
eeee00000000cccc77770000
eeee00000000cccc77670000
eeee00000000cccc77660000
eeee00000000cccc77660000
eeee00000000cccc67660000
eeee00000000cccc66660000
eeee00000000cccc66660000
eeee00000000ccbc66660000
eeee00000000ccbb66660000
eeee00000000bcbb66660000
eeee00000000bbbb66660000
eeee00000000bbbb66660000
eeee00000000bbbb66660000
eeee00000000bbbb66560000
eeee00000000bbbb56550000
eeee00000000bbbb55550000
eeee00000000bbbb55550000
eeee00000000bbbb55450000
eeee00000000bbbb45440000
eeee00000000bbbb44440000
eeee00000000bbbb44440000
eeee00000000bbbb44340000
eeee00000000bbbb34330000
dede00000000bbbb33330000
ddcd00000000bbab33230000
bdbc00000000abaa23220000
abab00000000aaaa22220000
8a8a00000000aaaa22220000
786800000000aaaa12120000
575600000000aaaa11110000
454500000000aaaa11110000
343400000000aaaa11110000
232300000000aaaa11110000
121200000000aaaa01010000
111100000000aaaa00000000
010100000000aaaa00000000
000000000000aaaa00000000
000000000000aaaa00000000
0000000000009a9a00000000
000000000000999900000000
000000000000999900000000
000000000000999900000000
000000000000999900000000
000000000000999900000000
000000000000999900000000
000000000000999900000000
000000000000999900000000
000000000000999900000000
000000000000999900000000
000000000000999900000000
000000000000999900000000
000000000000999900000000
000000000000898900000000
000000000000888800000000
000000000000888800000000
000000000000888800000000
000000000000888800000000
000000000000888800000000
000000000000888800000000
000000000000888800000000
000000000000888800000000
000000000000888800000000
000000000000888800000000
000000000000888800000000
000000000000888800000000
000000000000787800000000
000000000000777700000000
000000000000777700000000
000000000000777700000000
101100000000777700000000
111100000000777700000000
212100100000877700000000
222210110000888700000000
323211110000888800000000
434311210000888800000000
545421220000888800000000
556522320000888800000000
657632330000888800000000
768743430000888800000000
879844540000888800000000
98a954550000888800000000
a9ba65650000888800000000
bacb76760000888800000000
cbcc77870000888800000000
dcdc87880000888800000000
eded98980000989800000000
eeee99990000999900000000
eeee99a90000999900000000
eeeea9aa0000999900000000
eeeeaaaa0000999900000000
eeeeaaaa0000999900000000
eeeeaaaa0000999900000000
eeeeaaaa0000999900000000
eeeeaaaa0000999900000000
eeeeaaaa0000999900000000
eeeeaaaa0000999900000000
eeeeaaaa0000999900000000
eeeeaaaa0000999900000000
eeeeaaaa0000a99900000000
eeeeaaaa0000aaa900000000
eeeeaaaa0000aaaa00000000
eeeeaaaa0000aaaa00000000
eeeeaaaa0000aaaa10100000
eeeeaaaa0010aaaa11110000
eeeeaaaa1011aaaa11110000
eeeeaaaa1121aaaa11110000
eeeeaaaa1122aaaa11110000
eeeeaaaa1122aaaa21110000
eeeeaaaa1122aaaa22210000
eeeeaaaa1122aaaa22220000
eeeeaaaa1122aaaa22220000
eeeeaaaa1122aaaa32320000
eeeeaaaa1112baba33330000
eeeeaaaa0111bbbb33330000
eeeeaaaa0011bbbb43330000
eeeeaaaa0011bbbb44430000
eeeeaaaa0001bbbb44440000
eeeeaaaa0000bbbb54440000
eeeeaaaa0000bbbb55540000
eeeeaaaa0000bbbb55550000
eeeeaaaa0000bbbb55550000
eeeeaaaa0000bbbb55550000
eeeeaaaa0000bbbb65550000
eeeeaaaa0000bbbb66650000
eeeeaaaa0000bbbb66660000
eeee9aaa0000bbbb66660000
eeee99aa0000bbbb66660000
eeee99aa0000cbbb66660000
eeee99aa0000cccb66660000
eeee999a0000cccc66660000
deee89990000cccc66660000
ddee88990000cccc76660000
ddee88990000cccc77660000
ddde88890000cccc77760000
cddd78880000cccc77770000
ccdd77880000cccc77770000
bccd67780000cccc77770000
abcc66770000cccc77770000
aabc56670000cccc77770000
9abb55660000cccc77770000
99ab55660000cccc77770000
899a45560000cccc77770000
889944550000cccc77770000
788934450000cccc77770000
677833340000cccc77770000
767723330000cccc77770000
978722230000cccc77770000
a99822220000cccc77770000
baa912120000cccc77770000
cbba11110000cccc77770000
dccb11110000cccc77770000
eddc01010000cccc77770000
eeed00000000cccc77770000
eeee00000000cccc77770000
eeee00000000cccc77770000
eeee00000000cccc77770000
eeee00000000cccc77770000
eeee00000000cccc77770000
eeee00000000cccc77770000
eeee00000000cccc77770000
eeee00000000cccc77770000
eeee00000000cccc77770000
eeee00000000cccc77770000
eeee00000000cccc77770000
eeee00000000cccc77670000
eeee00000000cccc77660000
eeee00000000cccc67660000
eeee00000000cccc66660000
eeee00000000cccc66660000
eeee00000000ccbc66660000
eeee00000000bcbb66660000
eeee00000000bbbb66660000
eeee00000000bbbb66660000
eeee00000000bbbb66660000
eeee00000000bbbb66560000
eeee00000000bbbb56550000
eeee00000000bbbb55550000
eeee00000000bbbb55550000
eeee00000000bbbb55450000
eeee00000000bbbb45440000
eeee00000000bbbb44440000
eeee00000000bbbb44440000
eeee00000000bbbb34340000
eede00000000bbbb33330000
dedd00000000bbbb33330000
cdbd00000000abab23230000
acab00000000aaaa22220000
8a8a00000000aaaa22220000
787800000000aaaa22120000
675700000000aaaa12110000
464500000000aaaa11110000
343400000000aaaa11110000
232300000000aaaa11110000
221200000000aaaa11010000
121100000000aaaa01000000
110100000000aaaa00000000
010000000000aaaa00000000
000000000000aaaa00000000
000000000000aa9a00000000
0000000000009a9900000000
000000000000999900000000
000000000000999900000000
000000000000999900000000
000000000000999900000000
000000000000999900000000
000000000000999900000000
000000000000999900000000
000000000000999900000000
000000000000999900000000
000000000000999900000000
000000000000999900000000
000000000000999900000000
000000000000898900000000
000000000000888800000000
000000000000888800000000
000000000000888800000000
000000000000888800000000
000000000000888800000000
000000000000888800000000
000000000000888800000000
000000000000888800000000
000000000000888800000000
000000000000888800000000
000000000000888800000000
000000000000888800000000
000000000000887800000000
000000000000787700000000
000000000000777700000000
000000000000777700000000
101000000000777700000000
111100000000777700000000
212100000000878700000000
222210100000888800000000
323211110000888800000000
334311110000888800000000
435421210000888800000000
545522220000888800000000
656532320000888800000000
767633430000888800000000
878743440000888800000000
989854540000888800000000
a9a965650000888800000000
baba76760000888800000000
cbcb77770000888800000000
dcdc87870000888800000000
dded88980000989800000000
edee98990000999900000000
eeee99990000999900000000
eeee99a90000999900000000
eeee99aa0000999900000000
eeee99aa0000999900000000
eeee99aa0000999900000000
eeee99aa0000999900000000
eeee99aa0000999900000000
eeeea9aa0000999900000000
eeeeaaaa0000999900000000
eeeeaaaa0000999900000000
eeeeaaaa0000999900000000
eeeeaaaa0000a9a900000000
eeeeaaaa0000aaaa00000000
eeeeaaaa0000aaaa00000000
eeeeaaaa0000aaaa00000000
eeeeaaaa0000aaaa10100000
eeeeaaaa0000aaaa11110000
eeeeaaaa0010aaaa11110000
eeeeaaaa1011aaaa11110000
eeeeaaaa1111aaaa11110000
eeeeaaaa1111aaaa21210000
eeeeaaaa0111aaaa22220000
eeeeaaaa0011aaaa22220000
eeeeaaaa0011aaaa22220000
eeeeaaaa0011baaa32320000
eeeeaaaa0011bbba33330000
eeeeaaaa0001bbbb43330000
eeeeaaaa0000bbbb44430000
eeeeaaaa0000bbbb44440000
eeeeaaaa0000bbbb44440000
eeeeaaaa0000bbbb54540000
eeeeaaaa0000bbbb55550000
eeeeaaaa0000bbbb55550000
eeeeaaaa0000bbbb55550000
eeeeaaaa0000bbbb65550000
eeeeaaaa0000bbbb66650000
eeeeaaaa0000bbbb66660000
eeee9aaa0000bbbb66660000
eeee999a0000bbbb66660000
deee89990000cbbb66660000
ddee88990000cccb66660000
cdee78990000cccc66660000
ccee77990000cccc76660000
ccde77890000cccc77660000
ccdd77880000cccc77760000
ccdd77880000cccc77770000
bcdd77880000cccc77770000
bbcd67780000cccc77770000
abcc66770000cccc77770000
aabc56670000cccc77770000
9aab55660000cccc77770000
99aa55560000cccc77770000
899a45550000cccc77770000
789944550000cccc77770000
778934450000cccc77770000
678833440000cccc77770000
667833340000cccc77770000
766723330000cccc77770000
877622230000cccc77770000
989722220000cccc77770000
a9a912220000cccc77770000
baba11120000cccc77770000
cbcb11110000cccc77770000
dcdc01110000cccc77770000
eded00010000cccc77770000
eeee00000000cccc77770000
eeee00000000cccc77770000
eeee00000000cccc77770000
eeee00000000cccc77770000
eeee00000000cccc77770000
eeee00000000cccc77770000
eeee00000000cccc77770000
eeee00000000cccc77770000
eeee00000000cccc77770000
eeee00000000cccc77770000
eeee00000000cccc77770000
eeee00000000cccc77770000
eeee00000000cccc77770000
eeee00000000cccc77770000
eeee00000000cccc77670000
eeee00000000cccc77660000
eeee00000000cccc67660000
eeee00000000cccc66660000
eeee00000000ccbc66660000
eeee00000000bcbb66660000
eeee00000000bbbb66660000
eeee00000000bbbb66660000
eeee00000000bbbb66660000
eeee00000000bbbb66560000
eeee00000000bbbb56550000
eeee00000000bbbb55550000
eeee00000000bbbb55550000
eeee00000000bbbb55450000
eeee00000000bbbb45440000
eeee00000000bbbb44440000
eeee00000000bbbb44340000
eeee00000000bbbb34330000
dede00000000bbbb33330000
cdcd00000000bbab33230000
acac00000000abaa23220000
9a8a00000000aaaa22220000
797800000000aaaa22220000
676700000000aaaa12120000
564600000000aaaa11110000
453400000000aaaa11110000
342300000000aaaa11110000
232200000000aaaa11110000
221200000000aaaa01010000
121100000000aaaa00000000
110100000000aaaa00000000
010000000000aaaa00000000
000000000000aaaa00000000
0000000000009a9a00000000
000000000000999900000000
000000000000999900000000
000000000000999900000000
000000000000999900000000
000000000000999900000000
000000000000999900000000
000000000000999900000000
000000000000999900000000
000000000000999900000000
000000000000999900000000
000000000000999900000000
000000000000999900000000
000000000000898900000000
000000000000888800000000
000000000000888800000000
000000000000888800000000
000000000000888800000000
000000000000888800000000
000000000000888800000000
000000000000888800000000
000000000000888800000000
000000000000888800000000
000000000000888800000000
000000000000888800000000
000000000000888800000000
000000000000888800000000
000000000000787800000000
000000000000777700000000
000000000000777700000000
101000000000777700000000
111100000000777700000000
112100000000878700000000
212200100000888800000000
223210110000888800000000
323311110000888800000000
434311210000888800000000
445421220000888800000000
546522320000888800000000
657632330000888800000000
868743430000888800000000
989854540000888800000000
a9a965650000888800000000
baba66760000888800000000
cbcb76770000888800000000
ccdc77870000888800000000
ccdd87880000989800000000
dced88980000999900000000
ddee88990000999900000000
ddee88990000999900000000
ddee88990000999900000000
ddee88990000999900000000
ddee88990000999900000000
ddee88990000999900000000
edee98990000999900000000
eeee99a90000999900000000
eeeea9aa0000999900000000
eeeeaaaa0000999900000000
eeeeaaaa0000999900000000
eeeeaaaa0000a9a900000000
eeeeaaaa0000aaaa00000000
eeeeaaaa0000aaaa00000000
eeeeaaaa0000aaaa10000000
eeeeaaaa0000aaaa11100000
eeeeaaaa0000aaaa11110000
eeeeaaaa0000aaaa11110000
eeeeaaaa0010aaaa11110000
eeeeaaaa0011aaaa11110000
eeeeaaaa0011aaaa21210000
eeeeaaaa0001aaaa22220000
eeeeaaaa0000aaaa22220000
eeeeaaaa0000aaaa32220000
eeeeaaaa0000baba33320000
eeeeaaaa0000bbbb33330000
eeeeaaaa0000bbbb43430000
eeeeaaaa0000bbbb44440000
eeeeaaaa0000bbbb44440000
eeeeaaaa0000bbbb54440000
eeeeaaaa0000bbbb55540000
eeeeaaaa0000bbbb55550000
eeeeaaaa0000bbbb55550000
eeeeaaaa0000bbbb65550000
eeeeaaaa0000bbbb66650000
eeeeaaaa0000bbbb66660000
eeeeaaaa0000bbbb66660000
eeee9a9a0000bbbb66660000
deee89990000cbbb66660000
ddde88890000cccb66660000
cddd78880000cccc66660000
bccd67780000cccc76660000
abcc66770000cccc77760000
aacc66770000cccc77770000
aacc66770000cccc77770000
aacc66770000cccc77770000
aabc56770000cccc77770000
aabb55670000cccc77770000
9aab55660000cccc77770000
99aa45560000cccc77770000
899a44550000cccc77770000
789944550000cccc77770000
778934450000cccc77770000
677833440000cccc77770000
667723340000cccc77770000
766722330000cccc77770000
876622330000cccc77770000
887622230000cccc77770000
988712220000cccc77770000
a99811220000cccc77770000
baa911120000cccc77770000
cbba11110000cccc77770000
dccb11110000cccc77770000
eddc01010000cccc77770000
eeed00000000cccc77770000
eeee00000000cccc77770000
eeee00000000cccc77770000
eeee00000000cccc77770000
eeee00000000cccc77770000
eeee00000000cccc77770000
eeee00000000cccc77770000
eeee00000000cccc77770000
eeee00000000cccc77770000
eeee00000000cccc77770000
eeee00000000cccc77770000
eeee00000000cccc77770000
eeee00000000cccc77770000
eeee00000000cccc77770000
eeee00000000cccc77770000
eeee00000000cccc77770000
eeee00000000cccc77770000
eeee00000000cccc77670000
eeee00000000cccc67660000
eeee00000000cccc66660000
eeee00000000ccbc66660000
eeee00000000bcbb66660000
eeee00000000bbbb66660000
eeee00000000bbbb66660000
eeee00000000bbbb66660000
eeee00000000bbbb66560000
eeee00000000bbbb56550000
eeee00000000bbbb55550000
eeee00000000bbbb55550000
eeee00000000bbbb55450000
eeee00000000bbbb45440000
eeee00000000bbbb44440000
eeee00000000bbbb44340000
dede00000000bbbb34330000
cdcd00000000bbbb33330000
bcac00000000abab23230000
9b9a00000000aaaa22220000
897900000000aaaa22220000
786700000000aaaa12120000
575600000000aaaa11110000
454500000000aaaa11110000
443400000000aaaa11110000
342300000000aaaa11110000
232200000000aaaa01010000
221200000000aaaa00000000
121100000000aaaa00000000
010100000000aaaa00000000
000000000000aaaa00000000
0000000000009a9a00000000
000000000000999900000000
000000000000999900000000
000000000000999900000000
000000000000999900000000
000000000000999900000000
000000000000999900000000
000000000000999900000000
000000000000999900000000
000000000000999900000000
000000000000999900000000
000000000000999900000000
000000000000999900000000
000000000000898900000000
000000000000888800000000
000000000000888800000000
000000000000888800000000
000000000000888800000000
000000000000888800000000
000000000000888800000000
000000000000888800000000
000000000000888800000000
000000000000888800000000
000000000000888800000000
000000000000888800000000
000000000000888800000000
000000000000888800000000
000000000000787800000000
000000000000777700000000
000000000000777700000000
001000000000777700000000
101100000000777700000000
111100000000878700000000
112100000000888800000000
212210100000888800000000
323211110000888800000000
334311110000888800000000
434421210000888800000000
545422220000888800000000
656532320000888800000000
868643430000888800000000
989854540000888800000000
a9a955650000888800000000
aaba65660000888800000000
bacb66760000888800000000
bbcc66770000988800000000
bbcc76870000999800000000
cbdc77880000999900000000
ccdd77880000999900000000
ccdd77880000999900000000
ccdd77880000999900000000
ccdd77880000999900000000
ccdd77880000999900000000
dcdd87880000999900000000
dded88980000999900000000
edee98990000999900000000
eeeea9a90000999900000000
eeeeaaaa0000999900000000
eeeeaaaa0000a99900000000
eeeeaaaa0000aaa900000000
eeeeaaaa0000aaaa00000000
eeeeaaaa0000aaaa00000000
eeeeaaaa0000aaaa10100000
eeeeaaaa0000aaaa11110000
eeeeaaaa0000aaaa11110000
eeeeaaaa0000aaaa11110000
eeeeaaaa0000aaaa11110000
eeeeaaaa0000aaaa21110000
eeeeaaaa0000aaaa22210000
eeeeaaaa0000aaaa22220000
eeeeaaaa0000aaaa22220000
eeeeaaaa0000baaa32320000
eeeeaaaa0000bbba33330000
eeeeaaaa0000bbbb33330000
eeeeaaaa0000bbbb43430000
eeeeaaaa0000bbbb44440000
eeeeaaaa0000bbbb54440000
eeeeaaaa0000bbbb55540000
eeeeaaaa0000bbbb55550000
eeeeaaaa0000bbbb55550000
eeeeaaaa0000bbbb65550000
eeeeaaaa0000bbbb66650000
eeeeaaaa0000bbbb66660000
eeeeaaaa0000bbbb66660000
eeee9aaa0000bbbb66660000
eeee999a0000cbbb66660000
dede89890000cccb66660000
cddd78880000cccc66660000
bccd67780000cccc76660000
abbc66670000cccc77760000
9aab56660000cccc77770000
89aa45660000cccc77770000
88aa44660000cccc77770000
88aa44660000cccc77770000
88aa44560000cccc77770000
88aa44550000cccc77770000
789a44550000cccc77770000
779944450000cccc77770000
778934440000cccc77770000
677833440000cccc77770000
667733340000cccc77770000
666723330000cccc77770000
766622230000cccc77770000
877622220000cccc77770000
988712220000cccc77770000
a98811220000cccc77770000
aa9811120000cccc77770000
baa911110000cccc77770000
cbba11110000cccc77770000
dccb01110000cccc77770000
dddc00110000cccc77770000
eded00010000cccc77770000
eeee00000000cccc77770000
eeee00000000cccc77770000
eeee00000000cccc77770000
eeee00000000cccc77770000
eeee00000000cccc77770000
eeee00000000cccc77770000
eeee00000000cccc77770000
eeee00000000cccc77770000
eeee00000000cccc77770000
eeee00000000cccc77770000
eeee00000000cccc77770000
eeee00000000cccc77770000
eeee00000000cccc77770000
eeee00000000cccc77770000
eeee00000000cccc77770000
eeee00000000cccc77770000
eeee00000000cccc77770000
eeee00000000cccc77770000
eeee00000000cccc77670000
eeee00000000cccc67660000
eeee00000000cccc66660000
eeee00000000ccbc66660000
eeee00000000bcbb66660000
eeee00000000bbbb66660000
eeee00000000bbbb66660000
eeee00000000bbbb66660000
eeee00000000bbbb56560000
eeee00000000bbbb55550000
eeee00000000bbbb55550000
eeee00000000bbbb55550000
eeee00000000bbbb45450000
eeee00000000bbbb44440000
eeee00000000bbbb44440000
dede00000000bbbb34340000
cdcd00000000bbbb33330000
bcbc00000000bbab33230000
ab9b00000000abaa23220000
8a8900000000aaaa22220000
787800000000aaaa22120000
675700000000aaaa12110000
564500000000aaaa11110000
454400000000aaaa11110000
343400000000aaaa11110000
332300000000aaaa01010000
232200000000aaaa00000000
121200000000aaaa00000000
010100000000aaaa00000000
000000000000aaaa00000000
000000000000aa9a00000000
0000000000009a9900000000
000000000000999900000000
000000000000999900000000
000000000000999900000000
000000000000999900000000
000000000000999900000000
000000000000999900000000
000000000000999900000000
000000000000999900000000
000000000000999900000000
000000000000999900000000
000000000000999900000000
000000000000998900000000
000000000000898800000000
000000000000888800000000
000000000000888800000000
000000000000888800000000
000000000000888800000000
000000000000888800000000
000000000000888800000000
000000000000888800000000
000000000000888800000000
000000000000888800000000
000000000000888800000000
000000000000888800000000
000000000000888800000000
000000000000787800000000
000000000000777700000000
000000000000777700000000
000000000000777700000000
101000000000777700000000
111100000000878700000000
111100000000888800000000
212100100000888800000000
223210110000888800000000
323311110000888800000000
434321210000888800000000
545422220000888800000000
656532320000888800000000
768643430000888800000000
879844540000888800000000
88a944550000888800000000
98aa54650000888800000000
99ba55660000888800000000
a9bb55660000989800000000
aabb65760000999900000000
aacb66770000999900000000
aacc66770000999900000000
aacc56770000999900000000
aacc55770000999900000000
aacc65770000999900000000
bacc66770000999900000000
cbdc76870000999900000000
dcdd87880000999900000000
eded98980000999900000000
eeee99a90000999900000000
eeee99aa0000999900000000
eeee99aa0000a9a900000000
eeee99aa0000aaaa00000000
eeeea9aa0000aaaa00000000
eeeeaaaa0000aaaa00000000
eeeeaaaa0000aaaa10100000
eeeeaaaa0000aaaa11110000
eeeeaaaa0000aaaa11110000
eeeeaaaa0000aaaa11110000
eeeeaaaa0000aaaa11110000
eeeeaaaa0000aaaa21210000
eeeeaaaa0000aaaa22220000
eeeeaaaa0000aaaa22220000
eeeeaaaa0000aaaa32220000
eeeeaaaa0000baba33320000
eeeeaaaa0000bbbb33330000
eeeeaaaa0000bbbb43330000
eeeeaaaa0000bbbb44430000
eeeeaaaa0000bbbb44440000
eeeeaaaa0000bbbb54540000
eeeeaaaa0000bbbb55550000
eeeeaaaa0000bbbb55550000
eeeeaaaa0000bbbb55550000
eeeeaaaa0000bbbb65650000
eeeeaaaa0000bbbb66660000
eeee9aaa0000bbbb66660000
eeee99aa0000bbbb66660000
eeee999a0000cbbb66660000
deee89990000cccb66660000
ddde88890000cccc66660000
bdcd68780000cccc76660000
abbc56670000cccc77760000
9aab55660000cccc77770000
899a45560000cccc77770000
788934450000cccc77770000
678833440000cccc77770000
668833440000cccc77770000
668833440000cccc77770000
668833440000cccc77770000
667833440000cccc77770000
667733440000cccc77770000
667723340000cccc77770000
766722330000cccc77770000
776622330000cccc77770000
876622230000cccc77770000
887612220000cccc77770000
988711220000cccc77770000
a99811120000cccc77770000
baa911110000cccc77770000
cbaa11110000cccc77770000
ccba01110000cccc77770000
dccb00110000cccc77770000
dddc00010000cccc77770000
eddd00000000cccc77770000
eeed00000000cccc77770000
eeee00000000cccc77770000
eeee00000000cccc77770000
eeee00000000cccc77770000
eeee00000000cccc77770000
eeee00000000cccc77770000
eeee00000000cccc77770000
eeee00000000cccc77770000
eeee00000000cccc77770000
eeee00000000cccc77770000
eeee00000000cccc77770000
eeee00000000cccc77770000
eeee00000000cccc77770000
eeee00000000cccc77770000
eeee00000000cccc77770000
eeee00000000cccc77770000
eeee00000000cccc77770000
eeee00000000cccc77770000
eeee00000000cccc77770000
eeee00000000cccc77770000
eeee00000000cccc77670000
eeee00000000cccc67660000
eeee00000000cccc66660000
eeee00000000ccbc66660000
eeee00000000bcbb66660000
eeee00000000bbbb66660000
eeee00000000bbbb66660000
eeee00000000bbbb66560000
eeee00000000bbbb56550000
eeee00000000bbbb55550000
eeee00000000bbbb55550000
eeee00000000bbbb55450000
eeee00000000bbbb45440000
eeee00000000bbbb44440000
dede00000000bbbb34340000
ddcd00000000bbbb33330000
cdbc00000000bbbb33330000
acab00000000abab23230000
9a8a00000000aaaa22220000
897800000000aaaa22220000
786700000000aaaa12120000
675600000000aaaa11110000
564500000000aaaa11110000
453400000000aaaa11110000
243300000000aaaa11010000
122300000000aaaa01000000
011200000000aaaa00000000
000100000000aaaa00000000
000000000000aaaa00000000
000000000000aaaa00000000
0000000000009a9a00000000
000000000000999900000000
000000000000999900000000
000000000000999900000000
000000000000999900000000
000000000000999900000000
000000000000999900000000
000000000000999900000000
000000000000999900000000
000000000000999900000000
000000000000999900000000
000000000000999900000000
000000000000999900000000
000000000000898900000000
000000000000888800000000
000000000000888800000000
000000000000888800000000
000000000000888800000000
000000000000888800000000
000000000000888800000000
000000000000888800000000
000000000000888800000000
000000000000888800000000
000000000000888800000000
000000000000888800000000
000000000000888800000000
000000000000787800000000
000000000000777700000000
000000000000777700000000
000000000000777700000000
001000000000777700000000
101100000000878700000000
111100000000888800000000
212100000000888800000000
222210100000888800000000
323211110000888800000000
434321210000888800000000
545422220000888800000000
656532320000888800000000
667633430000888800000000
768733440000888800000000
778833440000888800000000
779843540000888800000000
879944550000888800000000
88a944550000989800000000
88aa44650000999900000000
88aa44660000999900000000
88aa44660000999900000000
88aa44560000999900000000
88aa44550000999900000000
98aa54650000999900000000
a9ba65660000999900000000
bacb76760000999900000000
dbdc87870000999900000000
dded88980000999900000000
ddee88990000999900000000
edee98990000999900000000
eeee99990000a9a900000000
eeee99990000aaaa00000000
eeee99a90000aaaa00000000
eeeea9aa0000aaaa00000000
eeeeaaaa0000aaaa10100000
eeeeaaaa0000aaaa11110000
eeeeaaaa0000aaaa11110000
eeeeaaaa0000aaaa11110000
eeeeaaaa0000aaaa11110000
eeeeaaaa0000aaaa21210000
eeeeaaaa0000aaaa22220000
eeeeaaaa0000aaaa22220000
eeeeaaaa0000aaaa32320000
eeeeaaaa0000baba33330000
eeeeaaaa0000bbbb33330000
eeeeaaaa0000bbbb43430000
eeeeaaaa0000bbbb44440000
eeeeaaaa0000bbbb44440000
eeeeaaaa0000bbbb54540000
eeeeaaaa0000bbbb55550000
eeeeaaaa0000bbbb55550000
eeeeaaaa0000bbbb65550000
eeeeaaaa0000bbbb66650000
eeee9aaa0000bbbb66660000
eeee999a0000bbbb66660000
deee89990000cbbb66660000
ddee88990000cccb66660000
ddde88890000cccc66660000
cddd78880000cccc76660000
bcbd67680000cccc77760000
9bab56560000cccc77770000
899a45550000cccc77770000
788934450000cccc77770000
677833340000cccc77770000
566723330000cccc77770000
456622330000cccc77770000
446622330000cccc77770000
446622330000cccc77770000
546622330000cccc77770000
656622330000cccc77770000
766622230000cccc77770000
877612220000cccc77770000
987711220000cccc77770000
998711220000cccc77770000
a98811120000dccc87770000
aa9811110000ddcc88771000
baa911110000ddcc88771100
cbba01110000ddcc88771100
dccb00110000ddcc88771100
ddcc00010000ddcc88771100
eddc00000000ddcc88771100
eedd00000000ddcc88771100
eeed00000000ddcc88771100
eeee00000000ddcc88771100
eeee00000000ddcc88771100
eeee00000000ddcc88771100
eeee00000000ddcc88771100
eeee00000000ddcc88771100
eeee00000000ddcc88770100
eeee00000000cdcc78770000
eeee00000000cccc77770000
eeee00000000cccc77770000
eeee00000000cccc77770000
eeee00000000cccc77770000
eeee00000000cccc77770000
eeee00000000cccc77770000
eeee00000000cccc77770000
eeee00000000cccc77770000
eeee00000000cccc77770000
eeee00000000cccc77770000
eeee00000000cccc77770000
eeee00000000cccc77770000
eeee00000000cccc77770000
eeee00000000cccc77770000
eeee00000000cccc77670000
eeee00000000cccc67660000
eeee00000000cccc66660000
eeee00000000ccbc66660000
eeee00000000bcbb66660000
eeee00000000bbbb66660000
eeee00000000bbbb66660000
eeee00000000bbbb66560000
eeee00000000bbbb56550000
eeee00000000bbbb55550000
eeee00000000bbbb55550000
eeee00000000bbbb45450000
eeee00000000bbbb44440000
eede00000000bbbb44340000
dedd00000000bbbb34330000
cdcd00000000bbbb33330000
bcac00000000abab23230000
ab9a00000000aaaa22220000
9a8900000000aaaa22220000
897800000000aaaa12120000
786700000000aaaa11110000
575600000000aaaa11110000
354500000000aaaa11110000
232400000000aaaa11110000
121200000000aaaa01010000
010100000000aaaa00000000
000000000000aaaa00000000
000000000000aaaa00000000
000000000000aaaa00000000
0000000000009a9a00000000
000000000000999900000000
000000000000999900000000
000000000000999900000000
000000000000999900000000
000000000000999900000000
000000000000999900000000
000000000000999900000000
000000000000999900000000
000000000000999900000000
000000000000999900000000
000000000000999900000000
000000000000999900000000
000000000000898900000000
000000000000888800000000
000000000000888800000000
000000000000888800000000
000000000000888800000000
000000000000888800000000
000000000000888800000000
000000000000888800000000
000000000000888800000000
000000000000888800000000
000000000000888800000000
000000000000888800000000
000000000000888800000000
000000000000787800000000
000000000000777700000000
000000000000777700000000
000000000000777700000000
000000000000777700000000
101000000000878700000000
111100000000888800000000
212100000000888800000000
222210100000888800000000
323211110000888800000000
434321210000888800000000
445422220000888800000000
546522320000888800000000
556622330000888800000000
557622330000888800000000
657732330000888800000000
667733430000888800000000
668733440000888800000000
668833440000989800000000
668833440000999900000000
668833440000999900000000
668833440000999900000000
668833440000999900000000
768843440000999900000000
879844540000999900000000
a8a954650000999900000000
baba65760000999900000000
cbdb76870000999900000000
ccdd77880000999900000000
ccdd87880000999900000000
dced88980000999900000000
cdee88990000a9a900000000
dcee88990000aaaa00000000
edee98990000aaaa00000000
eeee99a90000aaaa10000000
eeeea9aa0000aaaa11100000
eeeeaaaa0000aaaa11110000
eeeeaaaa0000aaaa11110000
eeeeaaaa0000aaaa11110000
eeeeaaaa0000aaaa11110000
eeeeaaaa0000aaaa21210000
eeeeaaaa0000aaaa22220000
eeeeaaaa0000aaaa22220000
eeeeaaaa0000baaa32320000
eeeeaaaa0000bbba33330000
eeeeaaaa0000bbbb33330000
eeeeaaaa0000bbbb43430000
eeeeaaaa0000bbbb44440000
eeeeaaaa0000bbbb44440000
eeeeaaaa0000bbbb54540000
eeeeaaaa0000bbbb55550000
eeee9aaa0000bbbb55550000
eeee99aa0000bbbb65650000
eeee99aa0000bbbb66660000
eeee999a0000bbbb66660000
deee89990000bbbb66660000
ddde88890000cbcb66660000
cddd78880000cccc66660000
ccdd77880000cccc66660000
bccd67780000cccc76760000
abbc66670000cccc77770000
9a9b56560000cccc77770000
798945450000cccc77770000
677834340000cccc77770000
566723330000cccc77770000
455622230000cccc77770000
344512220000cccc77770000
334411220000cccc77770000
434411220000cccc77770000
545411220000cccc77770000
656511220000cccc77770000
767611220000cccc77770000
978711120000dccc87771000
a99811110000ddcc88771100
ba9911110000ddcc88771100
bba901110000dddc88871100
cbaa00110000dddd88881110
ccba00110000dddd88881111
dccb00010000dddd88881111
dddc00000000dddd88881111
eddd00000000dddd88881111
eeed00000000dddd88881111
eeee00000000dddd88881111
eeee00000000dddd88881111
eeee00000000dddd88881111
eeee00000000dddd88881111
eeee00000000dddd88881111
eeee00000000dddd88881111
eeee00000000dddd88881111
eeee00000000dddd88881101
eeee00000000ddcd88781100
eeee00000000ddcc88771100
eeee00000000ddcc88770100
eeee00000000cdcc78770000
eeee00000000cccc77770000
eeee00000000cccc77770000
eeee00000000cccc77770000
eeee00000000cccc77770000
eeee00000000cccc77770000
eeee00000000cccc77770000
eeee00000000cccc77770000
eeee00000000cccc77770000
eeee00000000cccc77770000
eeee00000000cccc77770000
eeee00000000cccc77770000
eeee00000000cccc77770000
eeee00000000cccc67670000
eeee00000000cccc66660000
eeee00000000cccc66660000
eeee00000000bcbc66660000
eeee00000000bbbb66660000
eeee00000000bbbb66660000
eeee00000000bbbb66660000
eeee00000000bbbb56560000
eeee00000000bbbb55550000
eeee00000000bbbb55550000
eeee00000000bbbb55450000
eeee00000000bbbb45440000
eeee00000000bbbb44440000
dede00000000bbbb34340000
ddcd00000000bbbb33330000
cdbc00000000bbab33230000
bcab00000000abaa23220000
ab9a00000000aaaa22220000
8a8900000000aaaa22120000
687800000000aaaa12110000
465700000000aaaa11110000
243500000000aaaa11110000
122300000000aaaa11110000
011200000000aaaa01010000
000100000000aaaa00000000
000000000000aaaa00000000
000000000000aaaa00000000
000000000000aaaa00000000
0000000000009a9a00000000
000000000000999900000000
000000000000999900000000
000000000000999900000000
000000000000999900000000
000000000000999900000000
000000000000999900000000
000000000000999900000000
000000000000999900000000
000000000000999900000000
000000000000999900000000
000000000000999900000000
000000000000999900000000
000000000000898900000000
000000000000888800000000
000000000000888800000000
000000000000888800000000
000000000000888800000000
000000000000888800000000
000000000000888800000000
000000000000888800000000
000000000000888800000000
000000000000888800000000
000000000000888800000000
000000000000888800000000
000000000000888800000000
000000000000787800000000
000000000000777700000000
000000000000777700000000
000000000000777700000000
000000000000777700000000
101000000000878700000000
111100000000888800000000
212100000000888800000000
222210100000888800000000
323211110000888800000000
334311210000888800000000
334411220000888800000000
335411220000888800000000
435521220000888800000000
445522220000888800000000
546522320000888800000000
556622330000888800000000
556622330000888800000000
456622330000989800000000
446622330000999900000000
446622330000999900000000
546622330000999900000000
656632330000999900000000
767633430000999900000000
878743440000999900000000
98a854540000999900000000
a9ba65650000999900000000
bacb66760000999900000000
bbcc66770000999900000000
bbcc76870000999900000000
bbdc67880000999900000000
bbcd76880000a9a900000000
cbdc77880000aaaa00000000
dced87980000aaaa00000000
edee98990000aaaa10100000
eeee99a90000aaaa11110000
eeeea9aa0000aaaa11110000
eeeeaaaa0000aaaa11110000
eeeeaaaa0000aaaa11110000
eeeeaaaa0000aaaa21110000
eeeeaaaa0000aaaa22210000
eeeeaaaa0000aaaa22220000
eeeeaaaa0000aaaa22220000
eeeeaaaa0000baba32320000
eeeeaaaa0000bbbb33330000
eeeeaaaa0000bbbb43330000
eeeeaaaa0000bbbb44430000
eeeeaaaa0000bbbb44440000
eeee9aaa0000bbbb54440000
eeee99aa0000bbbb55540000
eeee99aa0000bbbb55550000
eeee999a0000bbbb65550000
deee89990000bbbb66650000
ddee88990000bbbb66660000
ddee88990000bbbb66660000
ddde88890000cbbb66660000
cddd78880000cccb66660000
bccd67780000cccc66660000
abcc66770000cccc76660000
aabc56670000cccc77760000
9aab55660000cccc77770000
899a45560000cccc77770000
787934450000cccc77770000
576723340000cccc77770000
455622230000cccc77770000
344512220000cccc77770000
333411120000cccc77770000
333311110000cccc77770000
434301110000cccc77770000
545400110000cccc77770000
656500110000dccc87771000
767600110000ddcc88771100
979700110000dddc88871110
a9a900110000dddd88881111
baba00110000dddd88881111
cbbb00010000dddd88881111
dccb00000000dddd88881111
ddcc00000000dddd88881111
eddc00000000dddd88881111
eedd00000000dddd88881111
eeed00000000dddd88881111
eeee00000000dddd88881111
eeee00000000dddd88881111
eeee00000000dddd88881111
eeee00000000dddd88881111
eeee00000000dddd88881111
eeee00000000dddd88881111
eeee00000000dddd88881111
eeee00000000dddd88881111
eeee00000000dddd88881111
eeee00000000dddd88881111
eeee00000000dddd88881111
eeee00000000dddd88881101
eeee00000000ddcd88781100
eeee00000000ddcc88770100
eeee00000000cdcc78770000
eeee00000000cccc77770000
eeee00000000cccc77770000
eeee00000000cccc77770000
eeee00000000cccc77770000
eeee00000000cccc77770000
eeee00000000cccc77770000
eeee00000000cccc77770000
eeee00000000cccc77770000
eeee00000000cccc77770000
eeee00000000cccc77770000
eeee00000000cccc77670000
eeee00000000cccc67660000
eeee00000000cccc66660000
eeee00000000ccbc66660000
eeee00000000bcbb66660000
eeee00000000bbbb66660000
eeee00000000bbbb66660000
eeee00000000bbbb66560000
eeee00000000bbbb56550000
eeee00000000bbbb55550000
eeee00000000bbbb55550000
eeee00000000bbbb45450000
eeee00000000bbbb44440000
eede00000000bbbb34340000
dedd00000000bbbb33330000
ddcd00000000bbbb33330000
bdbc00000000abab23230000
9bab00000000aaaa22220000
798a00000000aaaa22220000
576800000000aaaa12120000
354600000000aaaa11110000
232400000000aaaa11110000
121200000000aaaa11110000
010100000000aaaa01010000
000000000000aaaa00000000
000000000000aaaa00000000
000000000000aaaa00000000
000000000000aaaa00000000
0000000000009a9a00000000
000000000000999900000000
000000000000999900000000
000000000000999900000000
000000000000999900000000
000000000000999900000000
000000000000999900000000
000000000000999900000000
000000000000999900000000
000000000000999900000000
000000000000999900000000
000000000000999900000000
000000000000999900000000
000000000000898900000000
000000000000888800000000
000000000000888800000000
000000000000888800000000
000000000000888800000000
000000000000888800000000
000000000000888800000000
000000000000888800000000
000000000000888800000000
000000000000888800000000
000000000000888800000000
000000000000888800000000
000000000000888800000000
000000000000787800000000
000000000000777700000000
000000000000777700000000
000000000000777700000000
000000000000877700000000
101000000000888700000000
111100000000888800000000
112100000000888800000000
212200100000888800000000
223210110000888800000000
223311110000888800000000
223311110000888800000000
323311110000888800000000
334311210000888800000000
334411220000888800000000
335411220000888800000000
335511220000888800000000
335511220000888800000000
334511220000989800000000
334411220000999900000000
334411220000999900000000
435421220000999900000000
546522320000999900000000
657632330000999900000000
768743430000999900000000
879844540000999900000000
98a954650000999900000000
99ba55660000999900000000
a9bb55660000999900000000
aabb55760000999900000000
aabb55670000a99900000000
babb65760000aaa900000000
cbcb76770000aaaa00000000
dcdc87870000aaaa00000000
dded88980000aaaa10100000
edee98990000aaaa11110000
eeee99a90000aaaa11110000
eeeea9aa0000aaaa11110000
eeeeaaaa0000aaaa11110000
eeeeaaaa0000aaaa21210000
eeeeaaaa0000aaaa22220000
eeee9aaa0000aaaa22220000
eeee99aa0000aaaa32220000
eeeea9aa0000baba33320000
eeee9aaa0000bbbb33330000
eeee99aa0000bbbb43430000
eeee99aa0000bbbb44440000
eeee99aa0000bbbb44440000
eeee999a0000bbbb54540000
eeee99990000bbbb55550000
deee99990000bbbb55550000
ddee89990000bbbb65650000
cdde88890000bbbb66660000
ccdd88880000bbbb66660000
ccdd78880000bbbb66660000
ccdd77880000cbcb66660000
bccd67780000cccc66660000
abbc56670000cccc66660000
9aab55660000cccc76760000
89aa45560000cccc77770000
889a44550000cccc77770000
888944450000cccc77770000
687834340000cccc77770000
565723230000cccc77770000
454512220000cccc77770000
343411120000cccc77770000
233311110000cccc77770000
323301110000cccc77770000
434300010000cccc77771000
545400000000dccc87771100
656500000000dddc88871110
767600000000dddd88881111
979700000000dddd88881111
a9a900000000dddd88881111
baba00000000dddd88881111
cbcb00000000dddd88881111
dcdc00000000dddd88881111
eddd00000000dddd88881111
eeed00000000dddd88881111
eeee00000000dddd88881111
eeee00000000dddd88881111
eeee00000000dddd88881111
eeee00000000dddd88881111
eeee00000000dddd88881111
eeee00000000dddd88881111
eeee00000000dddd88881111
eeee00000000dddd88881111
eeee00000000dddd88881111
eeee00000000dddd88881111
eeee00000000dddd88881111
eeee00000000dddd88881111
eeee00000000dddd88881111
eeee00000000dddd88881111
eeee00000000dddd88881111
eeee00000000dddd88881101
eeee00000000ddcd88780100
eeee00000000cdcc78770000
eeee00000000cccc77770000
eeee00000000cccc77770000
eeee00000000cccc77770000
eeee00000000cccc77770000
eeee00000000cccc77770000
eeee00000000cccc77770000
eeee00000000cccc77770000
eeee00000000cccc77770000
eeee00000000cccc77770000
eeee00000000cccc77770000
eeee00000000cccc67670000
eeee00000000cccc66660000
eeee00000000cccc66660000
eeee00000000bcbc66660000
eeee00000000bbbb66660000
eeee00000000bbbb66660000
eeee00000000bbbb66660000
eeee00000000bbbb56560000
eeee00000000bbbb55550000
eeee00000000bbbb55550000
eeee00000000bbbb45450000
eeee00000000bbbb44440000
eeee00000000bbbb44340000
eede00000000bbbb34330000
cedd00000000bbbb33330000
acbd00000000abab23230000
8a9b00000000aaaa22220000
687900000000aaaa22220000
465700000000aaaa12120000
343500000000aaaa11110000
232300000000aaaa11110000
121200000000aaaa11110000
110100000000aaaa11010000
010000000000aaaa01000000
000000000000aaaa00000000
000000000000aaaa00000000
000000000000aaaa00000000
000000000000aa9a00000000
0000000000009a9900000000
000000000000999900000000
000000000000999900000000
000000000000999900000000
000000000000999900000000
000000000000999900000000
000000000000999900000000
000000000000999900000000
000000000000999900000000
000000000000999900000000
000000000000999900000000
000000000000999900000000
000000000000898900000000
000000000000888800000000
000000000000888800000000
000000000000888800000000
000000000000888800000000
000000000000888800000000
000000000000888800000000
000000000000888800000000
000000000000888800000000
000000000000888800000000
000000000000888800000000
000000000000888800000000
000000000000888800000000
000000000000887800000000
000000000000787700000000
000000000000777700000000
000000000000777700000000
000000000000878700000000
101000000000888800000000
111100000000888800000000
111100000000888800000000
112100000000888800000000
112200100000888800000000
112200110000888800000000
212200110000888800000000
223200110000888800000000
223310110000888800000000
223311110000888800000000
223311110000888800000000
223301110000888800000000
223300110000888800000000
223300110000989800000000
323310110000999900000000
333311110000999900000000
334311210000999900000000
435421220000999900000000
546522320000999900000000
757632430000999900000000
778743440000999900000000
879844540000999900000000
889944550000999900000000
88a944550000999900000000
88aa44550000999900000000
88aa44550000a9a900000000
a8ba54650000aaaa00000000
bacb65760000aaaa00000000
cbdc76870000aaaa00000000
dcdd87880000aaaa10100000
dded88980000aaaa11110000
edee98990000aaaa11110000
eeee99a90000aaaa11110000
eeee99aa0000aaaa11110000
eeee99aa0000aaaa21210000
eeee99aa0000aaaa22220000
eeee999a0000aaaa22220000
eeee99990000aaaa32320000
eeee99a90000baba33330000
eeee999a0000bbbb33330000
eeee99990000bbbb43430000
eeee99990000bbbb44440000
eeee99990000bbbb44440000
deee89990000bbbb54540000
ddee88990000bbbb55550000
ddde88990000bbbb55550000
cddd78890000bbbb65650000
bccd77880000bbbb66660000
bbcc67880000bbbb66660000
cbcc66780000bbbb66660000
cccc66770000cbcb66660000
bcbc66670000cccc66660000
bbab56560000cccc76660000
9b9a45550000cccc77760000
998934450000cccc77770000
898833440000cccc77770000
888833440000cccc77770000
786833340000cccc77770000
575623230000cccc77770000
454512120000cccc77770000
343411110000cccc77770000
232301110000cccc77770000
323200010000cccc77770000
434300000000dccc87771010
545400000000dddc88871111
656500000000dddd88881111
767600000000dddd88881111
979700000000dddd88881111
a9a900000000dddd88881111
baba00000000dddd88881111
cbcb00000000dddd88881111
dcdc00000000dddd88881111
eded00000000dddd88881111
eeee00000000dddd88881111
eeee00000000dddd88881111
eeee00000000dddd88881111
eeee00000000dddd88881111
eeee00000000dddd88881111
eeee00000000dddd88881111
eeee00000000dddd88881111
eeee00000000dddd88881111
eeee00000000dddd88881111
eeee00000000dddd88881111
eeee00000000dddd88881111
eeee00000000dddd88881111
eeee00000000dddd88881111
eeee00000000dddd88881111
eeee00000000dddd88881111
eeee00000000dddd88881111
eeee00000000dddd88881111
eeee00000000dddd88881101
eeee00000000ddcd88780100
eeee00000000cdcc78770000
eeee00000000cccc77770000
eeee00000000cccc77770000
eeee00000000cccc77770000
eeee00000000cccc77770000
eeee00000000cccc77770000
eeee00000000cccc77770000
eeee00000000cccc77770000
eeee00000000cccc77770000
eeee00000000cccc77770000
eeee00000000cccc77670000
eeee00000000cccc67660000
eeee00000000cccc66660000
eeee00000000bcbc66660000
eeee00000000bbbb66660000
eeee00000000bbbb66660000
eeee00000000bbbb66660000
eeee00000000bbbb56560000
eeee00000000bbbb55550000
eeee00000000bbbb55550000
eeee00000000bbbb55450000
eeee00000000bbbb45440000
eeee00000000bbbb44440000
deee00000000bbbb34340000
bdce00000000bbbb33330000
9bac00000000abab23230000
798a00000000aaaa22220000
576800000000aaaa22220000
454600000000aaaa12120000
343400000000aaaa11110000
232300000000aaaa11110000
221200000000aaaa11110000
121100000000aaaa11110000
110100000000aaaa01010000
010000000000aaaa00000000
000000000000aaaa00000000
000000000000aaaa00000000
000000000000aaaa00000000
0000000000009a9a00000000
000000000000999900000000
000000000000999900000000
000000000000999900000000
000000000000999900000000
000000000000999900000000
000000000000999900000000
000000000000999900000000
000000000000999900000000
000000000000999900000000
000000000000999900000000
000000000000999900000000
000000000000898900000000
000000000000888800000000
000000000000888800000000
000000000000888800000000
000000000000888800000000
000000000000888800000000
000000000000888800000000
000000000000888800000000
000000000000888800000000
000000000000888800000000
000000000000888800000000
000000000000888800000000
000000000000888800000000
000000000000888800000000
000000000000787800000000
000000000000777700000000
000000000000777700000000
000000000000878700000000
001000000000888800000000
001100000000888800000000
001100000000888800000000
101100000000888800000000
111100000000888800000000
111100000000888800000000
112100000000888800000000
112200000000888800000000
112200100000888800000000
112200110000888800000000
112200110000888800000000
212200010000888800000000
222200000000888800000000
322200000000989800000000
333200100000999900000000
433310110000999900000000
443311110000999900000000
444311210000999900000000
545421220000999900000000
657532320000999900000000
667733430000999900000000
668733440000999900000000
768833440000999900000000
678833440000999900000000
768833440000999900000000
878843440000a9a900000000
a8a854540000aaaa00000000
baba65650000aaaa00000000
cbcb66760000aaaa10000000
ccdc76870000aaaa11100000
dcdd87880000aaaa11110000
dded88980000aaaa11110000
edee98990000aaaa11110000
eeee99990000aaaa21110000
eeee99990000aaaa22210000
deee89990000aaaa22220000
ddee88990000aaaa22220000
ddee88990000baaa32320000
ddee88990000bbba33330000
ddee88990000bbbb33330000
ddee88990000bbbb43430000
ddee88990000bbbb44440000
edee88990000bbbb44440000
dede88890000bbbb54540000
dddd78880000bbbb55550000
cddd77880000bbbb55550000
cccd77780000bbbb65650000
ccbc67770000bbbb66660000
dcbb56670000bbbb66660000
ddcb55660000cbbb66660000
ddcc55660000cccb66660000
cdbc55660000cccc66660000
bcbb45560000cccc76760000
ab9b34450000cccc77770000
aa9933340000cccc77770000
9a8923330000cccc77770000
898822330000cccc77770000
787822330000cccc77770000
575722230000cccc77770000
454512120000cccc77770000
343411110000cccc77770000
232301010000cccc77770000
323200000000dccc87771000
434300000000dddc88871110
545400000000dddd88881111
656500000000dddd88881111
767600000000dddd88881111
979700000000dddd88881111
a9a900000000dddd88881111
baba00000000dddd88881111
cbcb00000000dddd88881111
dcdc00000000dddd88881111
eded00000000dddd88881111
eeee00000000dddd88882111
eeee00000000dddd88882211
eeee00000000dddd88882211
eeee00000000dddd88882211
eeee00000000dddd88882211
eeee00000000dddd88882211
eeee00000000dddd88882211
eeee00000000dddd88882211
eeee00000000dddd88882211
eeee00000000dddd88882211
eeee00000000dddd88881211
eeee00000000dddd88881111
eeee00000000dddd88881111
eeee00000000dddd88881111
eeee00000000dddd88881111
eeee00000000dddd88881111
eeee00000000dddd88881111
eeee00000000dddd88881111
eeee00000000dddd88881101
eeee00000000ddcd88780100
eeee00000000cdcc78770000
eeee00000000cccc77770000
eeee00000000cccc77770000
eeee00000000cccc77770000
eeee00000000cccc77770000
eeee00000000cccc77770000
eeee00000000cccc77770000
eeee00000000cccc77770000
eeee00000000cccc77770000
eeee00000000cccc77770000
eeee00000000cccc67670000
eeee00000000cccc66660000
eeee00000000ccbc66660000
eeee00000000bcbb66660000
eeee00000000bbbb66660000
eeee00000000bbbb66660000
eeee00000000bbbb66560000
eeee00000000bbbb56550000
eeee00000000bbbb55550000
eeee00000000bbbb55550000
eeee00000000bbbb45450000
deee00000000bbbb44440000
cdde00000000bbbb34340000
acbd00000000bbbb33330000
9a9b00000000bbab33230000
897900000000abaa23220000
685700000000aaaa22220000
564500000000aaaa22120000
453400000000aaaa12110000
342300000000aaaa11110000
232200000000aaaa11110000
221200000000aaaa11110000
121100000000aaaa01010000
110100000000aaaa00000000
110000000000aaaa00000000
010000000000aaaa00000000
000000000000aaaa00000000
0000000000009a9a00000000
000000000000999900000000
000000000000999900000000
000000000000999900000000
000000000000999900000000
000000000000999900000000
000000000000999900000000
000000000000999900000000
000000000000999900000000
000000000000999900000000
000000000000999900000000
000000000000999900000000
000000000000898900000000
000000000000888800000000
000000000000888800000000
000000000000888800000000
000000000000888800000000
000000000000888800000000
000000000000888800000000
000000000000888800000000
000000000000888800000000
000000000000888800000000
000000000000888800000000
000000000000888800000000
000000000000888800000000
000000000000888800000000
000000000000787800000000
000000000000777700000000
000000000000777700000000
000000000000878700000000
000000000000888800000000
000000000000888800000000
000000000000888800000000
001000000000888800000000
001100000000888800000000
001100000000888800000000
001100000000888800000000
001100000000888800000000
001100000000888800000000
101100000000888800000000
111100000000888800000000
212100000000888800000000
322200000000888800000000
333200000000989800000000
433300000000999900000000
544300100000999900000000
654410110000999900000000
664411110000999900000000
565421210000999900000000
656522320000999900000000
666622330000999900000000
766622330000999900000000
777622330000999900000000
876722330000999900000000
887622330000999900000000
988732430000a9a900000000
a9a843540000aaaa00000000
caba54650000aaaa00000000
dccb55660000aaaa10100000
ddcc65760000aaaa11110000
dddc76870000aaaa11110000
dddd87880000aaaa11110000
dded88980000aaaa11110000
ddee88990000aaaa21210000
ddee88990000aaaa22220000
ddde88890000aaaa22220000
dddd78880000aaaa22220000
dddd77880000baba32320000
dddd77880000bbbb33330000
eddd77880000bbbb33330000
eedd77880000bbbb43430000
eedd77880000bbbb44440000
eeed77880000bbbb44440000
eede77880000bbbb54540000
dedd67780000bbbb55550000
ddcd66770000bbbb55550000
ddcc66770000bbbb65650000
ddcc56670000bbbb66660000
eddc45560000bbbb66660000
eedd44550000cbcb66660000
dedd44550000cccc66660000
ddcd44550000cccc66660000
cdbc44450000cccc76760000
ccab34340000cccc77770000
bcaa23330000cccc77770000
ab9a22230000cccc77770000
9a8922220000cccc77770000
797812220000cccc77770000
575711220000cccc77770000
454511120000cccc77770000
443401110000cccc77770000
342300010000dccc87770000
233200000000dddc88871010
324300000000dddd88881111
435400000000dddd88881111
646500000000dddd88881111
767600000000dddd88881111
979700000000dddd88881111
a9a900000000dddd88881111
baba00000000dddd88881111
cbcb00000000dddd88881111
dcdc00000000dddd88882111
eded00000000dddd88882211
eeee00000000dddd88882221
eeee00000000dddd88882222
eeee00000000dddd88882222
eeee00000000dddd88882222
eeee00000000dddd88882222
eeee00000000dddd88882222
eeee00000000dddd88882222
eeee00000000dddd88882222
eeee00000000dddd88882222
eeee00000000dddd88882222
eeee00000000dddd88882212
eeee00000000dddd88882211
eeee00000000dddd88881211
eeee00000000dddd88881111
eeee00000000dddd88881111
eeee00000000dddd88881111
eeee00000000dddd88881111
eeee00000000dddd88881111
eeee00000000dddd88881111
eeee00000000dddd88881101
eeee00000000ddcd88780100
eeee00000000cdcc78770000
eeee00000000cccc77770000
eeee00000000cccc77770000
eeee00000000cccc77770000
eeee00000000cccc77770000
eeee00000000cccc77770000
eeee00000000cccc77770000
eeee00000000cccc77770000
eeee00000000cccc77770000
eeee00000000cccc67670000
eeee00000000cccc66660000
eeee00000000cccc66660000
eeee00000000bcbc66660000
eeee00000000bbbb66660000
eeee00000000bbbb66660000
eeee00000000bbbb66660000
eeee00000000bbbb56560000
eeee00000000bbbb55550000
eeee00000000bbbb55550000
eeee00000000bbbb45450000
dede00000000bbbb44440000
cdcd00000000bbbb34340000
bcac00000000bbbb33330000
ab9a00000000bbbb33330000
9a8900000000abab23230000
896800000000aaaa22220000
685600000000aaaa22220000
564500000000aaaa12120000
553400000000aaaa11110000
452300000000aaaa11110000
342200000000aaaa11110000
231200000000aaaa01010000
121100000000aaaa00000000
111100000000aaaa00000000
110100000000aaaa00000000
010000000000aaaa00000000
0000000000009a9a00000000
000000000000999900000000
000000000000999900000000
000000000000999900000000
000000000000999900000000
000000000000999900000000
000000000000999900000000
000000000000999900000000
000000000000999900000000
000000000000999900000000
000000000000999900000000
000000000000999900000000
000000000000898900000000
000000000000888800000000
000000000000888800000000
000000000000888800000000
000000000000888800000000
000000000000888800000000
000000000000888800000000
000000000000888800000000
000000000000888800000000
000000000000888800000000
000000000000888800000000
000000000000888800000000
000000000000888800000000
000000000000888800000000
000000000000787800000000
000000000000777700000000
000000000000777700000000
000000000000878700000000
000000000000888800000000
000000000000888800000000
000000000000888800000000
000000000000888800000000
000000000000888800000000
000000000000888800000000
000000000000888800000000
000000000000888800000000
100000000000888800000000
111000000000888800000000
211100000000888800000000
222100000000888800000000
323200000000988800000000
433300000000999800000000
544300000000999900000000
655400000000999900000000
766510100000999900000000
776611110000999900000000
775611210000999900000000
776511220000999900000000
776611220000999900000000
877621220000999900000000
987712220000999900000000
998711220000999900000000
a98821220000999900000000
aa9832320000a9a900000000
baa943430000aaaa00000000
dbca44540000aaaa00000000
eddc54550000aaaa10100000
eedd65650000aaaa11110000
eedd76760000aaaa11110000
eedd77870000aaaa11110000
eedd77880000aaaa11110000
eedd77880000aaaa21210000
eedd77880000aaaa22220000
eedd77880000aaaa22220000
eedd67780000aaaa32220000
eedd76770000baba33320000
eedd77770000bbbb33330000
eeed67770000bbbb33330000
eeee66770000bbbb43430000
eeee66770000bbbb44440000
eeee66770000bbbb44440000
eeee66770000bbbb54540000
eede56670000bbbb55550000
eedd55660000bbbb55550000
eedd55660000bbbb65650000
eedd45560000bbbb66660000
eeed44450000bbbb66660000
eeee34440000cbcb66660000
eede33440000cccc66660000
dedd33440000cccc76660000
ddcd33440000cccc77760000
cdcc23340000cccc77770000
ccbc22230000cccc77770000
bcab12220000cccc77770000
9b9a11220000cccc77770000
797911120000cccc77770000
675711110000cccc77770000
564511110000cccc77770000
454401010000cccc77770000
443400000000dcdc87871000
342300000000dddd88881110
333200000000dddd88881111
434300000000dddd88881111
546400000000dddd88881111
757600000000dddd88881111
879700000000dddd88881111
a8a900000000dddd88881111
baba00000000dddd88882111
cbcb00000000dddd88882211
dcdc00000000dddd88882221
eded00000000dddd88882222
eeee00000000dddd98882222
eeee00000000dddd99882222
eeee00000000dddd99882222
eeee00000000dddd99882222
eeee00000000dddd99882222
eeee00000000dddd99882222
eeee00000000dddd99882222
eeee00000000dddd99882222
eeee00000000dddd99882222
eeee00000000dddd89882222
eeee00000000dddd88882222
eeee00000000dddd88882222
eeee00000000dddd88882212
eeee00000000dddd88882211
eeee00000000dddd88881211
eeee00000000dddd88881111
eeee00000000dddd88881111
eeee00000000dddd88881111
eeee00000000dddd88881111
eeee00000000dddd88881111
eeee00000000dddd88881101
eeee00000000cdcd78780100
eeee00000000cccc77770000
eeee00000000cccc77770000
eeee00000000cccc77770000
eeee00000000cccc77770000
eeee00000000cccc77770000
eeee00000000cccc77770000
eeee00000000cccc77770000
eeee00000000cccc77770000
eeee00000000cccc77670000
eeee00000000cccc67660000
eeee00000000cccc66660000
eeee00000000bcbc66660000
eeee00000000bbbb66660000
eeee00000000bbbb66660000
eeee00000000bbbb66660000
eeee00000000bbbb56560000
eeee00000000bbbb55550000
eeee00000000bbbb55550000
eeee00000000bbbb45450000
eede00000000bbbb44440000
decd00000000bbbb44340000
cdbc00000000bbbb34330000
bcab00000000bbbb33330000
ab9a00000000abab23230000
9a8900000000aaaa22220000
896800000000aaaa22220000
785600000000aaaa12120000
675500000000aaaa11110000
564500000000aaaa11110000
453400000000aaaa11110000
342300000000aaaa01010000
231200000000aaaa00000000
121100000000aaaa00000000
111100000000aaaa00000000
010100000000aaaa00000000
0000000000009a9a00000000
000000000000999900000000
000000000000999900000000
000000000000999900000000
000000000000999900000000
000000000000999900000000
000000000000999900000000
000000000000999900000000
000000000000999900000000
000000000000999900000000
000000000000999900000000
000000000000999900000000
000000000000998900000000
000000000000898800000000
000000000000888800000000
000000000000888800000000
000000000000888800000000
000000000000888800000000
000000000000888800000000
000000000000888800000000
000000000000888800000000
000000000000888800000000
000000000000888800000000
000000000000888800000000
000000000000888800000000
000000000000888800000000
000000000000787800000000
000000000000777700000000
000000000000777700000000
000000000000878700000000
000000000000888800000000
000000000000888800000000
000000000000888800000000
000000000000888800000000
000000000000888800000000
000000000000888800000000
000000000000888800000000
000000000000888800000000
101000000000888800000000
111100000000888800000000
212100000000888800000000
322200000000888800000000
433200000000989800000000
544300000000999900000000
655400000000999900000000
766500000000999900000000
877600100000999900000000
987710110000999900000000
997711110000999900000000
997711110000999900000000
997711110000999900000000
998711210000999900000000
a99811120000999900000000
ba9911110000999900000000
bba921210000999900000000
bbaa22320000a9a900000000
cbba32430000aaaa00000000
dcdb33440000aaaa00000000
eded43540000aaaa10100000
eeee54650000aaaa11110000
eeee65760000aaaa11110000
eeee66770000aaaa11110000
eeee66770000aaaa11110000
eeee66770000aaaa21210000
eeee66770000aaaa22220000
eeee66770000aaaa22220000
eeee56670000aaaa32320000
eeee65760000baba33330000
eeee66770000bbbb33330000
eeee66670000bbbb33330000
eeee56660000bbbb43430000
eeee55660000bbbb44440000
eeee55660000bbbb44440000
eeee55660000bbbb54540000
eeee45560000bbbb55550000
eeee44550000bbbb55550000
eeee44550000bbbb65650000
eeee34450000bbbb66660000
eeee33440000bbbb66660000
eeee23340000cbcb66660000
eeee22330000cccc66660000
eede22330000cccc76760000
eedd22330000cccc77770000
decd22230000cccc77770000
cdcc12220000cccc77770000
bcbc11120000cccc77770000
9b9b11110000cccc77770000
897901110000cccc77770000
786700110000cccc77770000
675600110000cccc77770000
564500010000dccc87770000
454400000000dddc88871010
343400000000dddd88881111
333300000000dddd88881111
434300000000dddd88881111
545400000000dddd88881111
657500000000dddd88881111
868700000000dddd88881111
98a800000000dddd88882111
b9ba00000000dddd88882221
cbcb00000000dddd88882222
dcdc00000000dddd98882222
eded00000000dddd99882222
eeee00000000dddd99982222
eeee00000000dddd99992222
eeee00000000dddd99992222
eeee00000000dddd99993222
eeee00000000dddd99993322
eeee00000000dddd99993322
eeee00000000dddd99993322
eeee00000000dddd99992322
eeee00000000dddd99992222
eeee00000000dddd99892222
eeee00000000dddd99882222
eeee00000000dddd89882222
eeee00000000dddd88882222
eeee00000000dddd88882222
eeee00000000dddd88882212
eeee00000000dddd88881211
eeee00000000dddd88881111
eeee00000000dddd88881111
eeee00000000dddd88881111
eeee00000000dddd88881111
eeee00000000dddd88881111
eeee00000000ddcd88780101
eeee00000000cdcc78770000
eeee00000000cccc77770000
eeee00000000cccc77770000
eeee00000000cccc77770000
eeee00000000cccc77770000
eeee00000000cccc77770000
eeee00000000cccc77770000
eeee00000000cccc77770000
eeee00000000cccc77770000
eeee00000000cccc67670000
eeee00000000cccc66660000
eeee00000000bcbc66660000
eeee00000000bbbb66660000
eeee00000000bbbb66660000
eeee00000000bbbb66660000
eeee00000000bbbb56560000
eeee00000000bbbb55550000
eeee00000000bbbb55550000
eeee00000000bbbb45450000
eeee00000000bbbb44440000
eede00000000bbbb44440000
decd00000000bbbb34340000
ddbc00000000bbbb33330000
cdab00000000abab23230000
bc9a00000000aaaa22220000
9b8900000000aaaa22220000
897800000000aaaa12120000
686700000000aaaa11110000
565600000000aaaa11110000
454500000000aaaa11110000
343400000000aaaa11010000
232300000000aaaa01000000
121200000000aaaa00000000
011100000000aaaa00000000
000100000000aaaa00000000
0000000000009a9a00000000
000000000000999900000000
000000000000999900000000
000000000000999900000000
000000000000999900000000
000000000000999900000000
000000000000999900000000
000000000000999900000000
000000000000999900000000
000000000000999900000000
000000000000999900000000
000000000000999900000000
000000000000999900000000
000000000000898900000000
000000000000888800000000
000000000000888800000000
000000000000888800000000
000000000000888800000000
000000000000888800000000
000000000000888800000000
000000000000888800000000
000000000000888800000000
000000000000888800000000
000000000000888800000000
000000000000888800000000
000000000000888800000000
000000000000787800000000
000000000000777700000000
000000000000777700000000
000000000000878700000000
000000000000888800000000
000000000000888800000000
000000000000888800000000
000000000000888800000000
000000000000888800000000
000000000000888800000000
100000000000888800000000
110000000000888800000000
111000000000888800000000
211100000000888800000000
222100000000888800000000
323200000000888800000000
434300000000989800000000
545400000000999900000000
656500000000999900000000
867600000000999900000000
988700000000999900000000
a99800100000999900000000
ba9900110000999900000000
bb9900110000999900000000
bb9900110000999900000000
bb9900110000999900000000
bba900110000999900000000
cbba10110000999900000000
ccbb11210000999900000000
dcbb21220000a9a900000000
ddcb22320000aaaa00000000
eddc32330000aaaa10000000
eeed43430000aaaa11100000
eeee44540000aaaa11110000
eeee54650000aaaa11110000
eeee55660000aaaa11110000
eeee55660000aaaa11110000
eeee55660000aaaa21210000
eeee55660000aaaa22220000
eeee55660000aaaa22220000
eeee45560000aaaa32320000
eeee54650000baba33330000
eeee55660000bbbb33330000
eeee55660000bbbb33330000
eeee45560000bbbb43430000
eeee44550000bbbb44440000
eeee44550000bbbb44440000
eeee44550000bbbb54540000
eeee44450000bbbb55550000
eeee34440000bbbb65550000
eeee33440000bbbb66650000
eeee33340000bbbb66660000
eeee23330000cbbb66660000
eeee22230000cccb66660000
eeee22220000cccc66660000
eeee22220000cccc76760000
eeee22220000cccc77770000
dede12220000cccc77770000
cdcd11120000cccc77770000
bcbc11110000cccc77770000
ab9b01110000cccc77770000
9a8900010000cccc77770000
897800000000cccc77770000
786700000000cccc77770000
575600000000dcdc87870000
454500000000dddd88881010
343400000000dddd88881111
333300000000dddd88881111
434300000000dddd88881111
545400000000dddd88881111
656500000000dddd88881111
868600000000dddd88882111
989800000000dddd88882221
b9b900000000dddd98882222
cbcb00000000dddd99882222
dcdc00000000dddd99982222
eded00000000dddd99992222
eeee00000000dddd99993222
eeee00000000dddd99993322
eeee00000000dddd99993322
eeee00000000dddd99993332
eeee00000000eddd99993333
eeee00000000dedd99993333
eeee00000000dddd99993333
eeee00000000dddd99993323
eeee00000000dddd99993322
eeee00000000dddd99993322
eeee00000000dddd99992322
eeee00000000dddd99892222
eeee00000000dddd99882222
eeee00000000dddd89882222
eeee00000000dddd88882222
eeee00000000dddd88881212
eeee00000000dddd88881111
eeee00000000dddd88881111
eeee00000000dddd88881111
eeee00000000dddd88881111
eeee00000000dddd88881111
eeee00000000dddd88881101
eeee00000000cdcd78780100
eeee00000000cccc77770000
eeee00000000cccc77770000
eeee00000000cccc77770000
eeee00000000cccc77770000
eeee00000000cccc77770000
eeee00000000cccc77770000
eeee00000000cccc77770000
eeee00000000cccc77770000
eeee00000000cccc67670000
eeee00000000cccc66660000
eeee00000000ccbc66660000
eeee00000000bcbb66660000
eeee00000000bbbb66660000
eeee00000000bbbb66660000
eeee00000000bbbb56560000
eeee00000000bbbb55550000
eeee00000000bbbb55550000
eeee00000000bbbb45450000
eeee00000000bbbb44440000
eeee00000000bbbb44440000
eede00000000bbbb34340000
dedd00000000bbbb33330000
cdcd00000000abab23230000
bcbc00000000aaaa22220000
9b9b00000000aaaa22220000
798900000000aaaa12120000
676800000000aaaa11110000
465600000000aaaa11110000
344500000000aaaa11110000
233400000000aaaa11110000
122300000000aaaa01010000
111200000000aaaa00000000
010100000000aaaa00000000
000000000000aaaa00000000
0000000000009a9a00000000
000000000000999900000000
000000000000999900000000
000000000000999900000000
000000000000999900000000
000000000000999900000000
000000000000999900000000
000000000000999900000000
000000000000999900000000
000000000000999900000000
000000000000999900000000
000000000000999900000000
000000000000999900000000
000000000000898900000000
000000000000888800000000
000000000000888800000000
000000000000888800000000
000000000000888800000000
000000000000888800000000
000000000000888800000000
000000000000888800000000
000000000000888800000000
000000000000888800000000
000000000000888800000000
000000000000888800000000
000000000000888800000000
000000000000787800000000
000000000000777700000000
000000000000777700000000
000000000000878700000000
000000000000888800000000
000000000000888800000000
000000000000888800000000
000000000000888800000000
000000000000888800000000
000000000000888800000000
101000000000888800000000
111100000000888800000000
211100000000888800000000
222100000000888800000000
322200000000888800000000
433200000000888800000000
544300000000989800000000
655400000000999900000000
766500000000999900000000
878600000000999900000000
a89800000000999900000000
baa900000000999900000000
cbba00000000999900000000
ccbb00000000999900000000
dcbb00000000999900000000
ddbb00000000999900000000
ddbb00000000999900000000
ddcb10100000999900000000
ddcc11110000999900000000
eddc11210000a9a900000000
eedd21220000aaaa00000000
eeed22320000aaaa10100000
eeee32430000aaaa11110000
eeee43440000aaaa11110000
eeee44540000aaaa11110000
eeee44550000aaaa11110000
eeee44550000aaaa11110000
eeee44550000aaaa21210000
eeee44550000aaaa22220000
eeee44550000aaaa22220000
eeee44450000aaaa32320000
eeee44540000baba33330000
eeee44550000bbbb33330000
eeee44550000bbbb33330000
eeee34450000bbbb43430000
eeee33440000bbbb44440000
eeee33440000bbbb44440000
eeee33440000bbbb54540000
eeee33440000bbbb55550000
eeee23340000bbbb65650000
eeee22330000bbbb66660000
eeee22330000bbbb66660000
eeee22230000cbcb66660000
eeee12220000cccc66660000
eeee11220000cccc66660000
eeee11220000cccc76760000
eeee11220000cccc77770000
dede11120000cccc77770000
cdcd11110000cccc77770000
bcbc01110000cccc77770000
bbab00010000cccc77770000
ab9a00000000cccc77770000
8a8900000000cccc77770000
787800000000cccc77770000
575700000000dcdc87870000
454500000000dddd88881010
443400000000dddd88881111
343300000000dddd88881111
434300000000dddd88881111
545400000000dddd88881111
656500000000dddd88881111
868600000000dddd88882121
989800000000dddd88882222
a9b900000000dddd98982222
cacb00000000dddd99992222
dcdc00000000dddd99993222
eded00000000eddd99993322
eeee00000000eedd99993332
eeee00000000eedd99993333
eeee00000000eedd99993333
eeee00000000eedd99993333
eeee00000000eeed99993333
eeee00000000eede99993333
eeee00000000eedd99993333
eeee00000000eedd99993333
eeee00000000eedd99993333
eeee00000000eedd99993333
eeee00000000dedd99993323
eeee00000000dddd99992322
eeee00000000dddd99992222
eeee00000000dddd89892222
eeee00000000dddd88882222
eeee00000000dddd88882212
eeee00000000dddd88881211
eeee00000000dddd88881111
eeee00000000dddd88881111
eeee00000000dddd88881111
eeee00000000dddd88881111
eeee00000000dddd88881111
eeee00000000cdcd78780101
eeee00000000cccc77770000
eeee00000000cccc77770000
eeee00000000cccc77770000
eeee00000000cccc77770000
eeee00000000cccc77770000
eeee00000000cccc77770000
eeee00000000cccc77770000
eeee00000000cccc77770000
eeee00000000cccc67670000
eeee00000000cccc66660000
eeee00000000cccc66660000
eeee00000000bcbc66660000
eeee00000000bbbb66660000
eeee00000000bbbb66660000
eeee00000000bbbb56560000
eeee00000000bbbb55550000
eeee00000000bbbb55550000
eeee00000000bbbb45450000
eeee00000000bbbb44440000
eeee00000000bbbb44440000
eeee00000000bbbb34340000
dede00000000bbbb33330000
bdcd00000000abab23230000
abbc00000000aaaa22220000
8a9b00000000aaaa22220000
787900000000aaaa22120000
576700000000aaaa12110000
454600000000aaaa11110000
343400000000aaaa11110000
232300000000aaaa11110000
121200000000aaaa01010000
111100000000aaaa00000000
010100000000aaaa00000000
000000000000aaaa00000000
0000000000009a9a00000000
000000000000999900000000
000000000000999900000000
000000000000999900000000
000000000000999900000000
000000000000999900000000
000000000000999900000000
000000000000999900000000
000000000000999900000000
000000000000999900000000
000000000000999900000000
000000000000999900000000
000000000000999900000000
000000000000898900000000
000000000000888800000000
000000000000888800000000
000000000000888800000000
000000000000888800000000
000000000000888800000000
000000000000888800000000
000000000000888800000000
000000000000888800000000
000000000000888800000000
000000000000888800000000
000000000000888800000000
000000000000888800000000
000000000000787800000000
000000000000777700000000
000000000000777700000000
000000000000878700000000
000000000000888800000000
000000000000888800000000
000000000000888800000000
000000000000888800000000
000000000000888800000000
000000000000888800000000
101000000000888800000000
111100000000888800000000
212100000000888800000000
322200000000888800000000
433200000000888800000000
444300000000888800000000
545400000000989800000000
656500000000999900000000
867600000000999900000000
988700000000999900000000
a9a800000000999900000000
baba00000000999900000000
cbcb00000000999900000000
dccc00000000999900000000
eddc00000000999900000000
eedd00000000999900000000
eedd00000000999900000000
eedd00100000999900000000
eedd10110000999900000000
eeed11110000a9a900000000
eeee11210000aaaa00000000
eeee21220000aaaa10100000
eeee32320000aaaa11110000
eeee33430000aaaa11110000
eeee33440000aaaa11110000
eeee43440000aaaa11110000
eeee44440000aaaa11110000
eeee34440000aaaa21210000
eeee33440000aaaa22220000
eeee33440000aaaa22220000
eeee33440000aaaa22320000
eeee33440000baba32330000
eeee33440000bbbb33330000
eeee33440000bbbb33330000
eeee33340000bbbb43430000
eeee23330000bbbb44440000
eeee32330000bbbb44440000
eeee33330000bbbb54540000
eeee23330000bbbb55550000
eeee22230000bbbb65650000
eeee22220000bbbb66660000
eeee12220000bbbb66660000
eeee11220000cbcb66660000
eeee11120000cccc66660000
eeee11110000cccc66660000
eeee11110000cccc76760000
eeee11110000cccc77770000
eede11110000cccc77770000
decd01110000cccc77770000
cdbc00010000cccc77770000
bcbb00000000cccc77770000
abab00000000cccc77770000
8a8a00000000cccc77770000
787800000000dccc87770000
675700000000dddc88871000
564500000000dddd88881110
454400000000dddd88881111
443400000000dddd88881111
544300000000dddd88881111
655400000000dddd88881111
766500000000dddd88882111
878600000000dddd88882221
989800000000dddd98882222
b9a900000000dddd99982222
cbca00000000dddd99993222
dcdc00000000eddd99993332
eded00000000eeed99993333
eeee00000000eeee99993333
eeee00000000eeee99993333
eeee00000000eeee99993333
eeee00000000eeee99994333
eeee00000000eeee99994433
eeee00000000eeee99994433
eeee00000000eeee99993433
eeee00000000eeee99993333
eeee00000000eeee99993333
eeee00000000eeee99993333
eeee00000000eede99993333
eeee00000000dedd99993323
eeee00000000dddd99992322
eeee00000000dddd99892222
eeee00000000dddd89882222
eeee00000000dddd88882222
eeee00000000dddd88881212
eeee00000000dddd88881111
eeee00000000dddd88881111
eeee00000000dddd88881111
eeee00000000dddd88881111
eeee00000000dddd88881111
eeee00000000ddcd88780101
eeee00000000cdcc78770000
eeee00000000cccc77770000
eeee00000000cccc77770000
eeee00000000cccc77770000
eeee00000000cccc77770000
eeee00000000cccc77770000
eeee00000000cccc77770000
eeee00000000cccc77770000
eeee00000000cccc67670000
eeee00000000cccc66660000
eeee00000000cccc66660000
eeee00000000bcbc66660000
eeee00000000bbbb66660000
eeee00000000bbbb66660000
eeee00000000bbbb66560000
eeee00000000bbbb56550000
eeee00000000bbbb55550000
eeee00000000bbbb45450000
eeee00000000bbbb44440000
eeee00000000bbbb44440000
deee00000000bbbb34340000
cdde00000000bbbb33330000
bcbd00000000abab33230000
abab00000000aaaa23220000
8a8a00000000aaaa22220000
787800000000aaaa22220000
575700000000aaaa12120000
454500000000aaaa11110000
343400000000aaaa11110000
232300000000aaaa11110000
121200000000aaaa01010000
111100000000aaaa00000000
010100000000aaaa00000000
000000000000aaaa00000000
0000000000009a9a00000000
000000000000999900000000
000000000000999900000000
000000000000999900000000
000000000000999900000000
000000000000999900000000
000000000000999900000000
000000000000999900000000
000000000000999900000000
000000000000999900000000
000000000000999900000000
000000000000999900000000
000000000000999900000000
000000000000898900000000
000000000000888800000000
000000000000888800000000
000000000000888800000000
000000000000888800000000
000000000000888800000000
000000000000888800000000
000000000000888800000000
000000000000888800000000
000000000000888800000000
000000000000888800000000
000000000000888800000000
000000000000888800000000
000000000000787800000000
000000000000777700000000
000000000000777700000000
000000000000878700000000
000000000000888800000000
000000000000888800000000
000000000000888800000000
000000000000888800000000
000000000000888800000000
000000000000888800000000
101000000000888800000000
111100000000888800000000
212100000000888800000000
423200000000888800000000
544300000000888800000000
554400000000888800000000
655400000000989800000000
766500000000999900000000
878600000000999900000000
a89800000000999900000000
baa900000000999900000000
cbba00000000999900000000
dccb00000000999900000000
eddc00000000999900000000
eeed00000000999900000000
eeee00000000999900000000
eeee00000000999900000000
eeee00000000999900000000
eeee00100000999900000000
eeee10110000a9a900000000
eeee11110000aaaa00000000
eeee11210000aaaa00100000
eeee21320000aaaa10110000
eeee22330000aaaa11110000
eeee32330000aaaa11110000
eeee33430000aaaa11110000
eeee33440000aaaa11110000
eeee33340000aaaa21210000
eeee23330000aaaa22220000
eeee22330000aaaa22220000
eeee22330000aaaa22220000
eeee22330000baba32320000
eeee22330000bbbb33330000
eeee22330000bbbb33330000
eeee22330000bbbb43430000
eeee22230000bbbb44440000
eeee22320000bbbb44440000
eeee22330000bbbb54540000
eeee22230000bbbb55550000
eeee12220000bbbb65650000
eeee11220000bbbb66660000
eeee11120000bbbb66660000
eeee11110000cbcb66660000
eeee11110000cccc66660000
eeee01110000cccc66660000
eeee00110000cccc76760000
eeee00110000cccc77770000
eeee00110000cccc77770000
dede00010000cccc77770000
ddcd00000000cccc77770000
cdbc00000000cccc77770000
acab00000000cccc77770000
9a8a00000000cccc77770000
897800000000dcdc87870000
786700000000dddd88881010
675600000000dddd88881111
564500000000dddd88881111
454400000000dddd88881111
545400000000dddd88881111
656500000000dddd88881111
867600000000dddd88882121
988700000000dddd88882222
a99800000000dddd98982222
cab900000000dddd99992222
dccb00000000dddd99993232
dddc00000000eded99993333
eded00000000eeee99993333
eeee00000000eeee99993333
eeee00000000eeee99994333
eeee00000000eeee99994433
eeee00000000eeee99994443
eeee00000000eeee99994444
eeee00000000eeee99994444
eeee00000000eeee99994434
eeee00000000eeee99994433
eeee00000000eeee99993433
eeee00000000eeee99993333
eeee00000000eeee99993333
eeee00000000dede99993333
eeee00000000dddd99993323
eeee00000000dddd99992322
eeee00000000dddd89892222
eeee00000000dddd88882222
eeee00000000dddd88882212
eeee00000000dddd88881211
eeee00000000dddd88881111
eeee00000000dddd88881111
eeee00000000dddd88881111
eeee00000000dddd88881111
eeee00000000dddd88880101
eeee00000000cdcd78780000
eeee00000000cccc77770000
eeee00000000cccc77770000
eeee00000000cccc77770000
eeee00000000cccc77770000
eeee00000000cccc77770000
eeee00000000cccc77770000
eeee00000000cccc77770000
eeee00000000cccc67670000
eeee00000000cccc66660000
eeee00000000cccc66660000
eeee00000000bcbc66660000
eeee00000000bbbb66660000
eeee00000000bbbb66660000
eeee00000000bbbb66660000
eeee00000000bbbb56560000
eeee00000000bbbb55550000
eeee00000000bbbb45450000
eeee00000000bbbb44440000
eeee00000000bbbb44440000
dede00000000bbbb34340000
ddcd00000000bbbb33330000
bdbc00000000abab33330000
abab00000000aaaa23230000
8a8a00000000aaaa22220000
787800000000aaaa22220000
675700000000aaaa12120000
464500000000aaaa11110000
343400000000aaaa11110000
232300000000aaaa11110000
121200000000aaaa11010000
111100000000aaaa01000000
010100000000aaaa00000000
000000000000aaaa00000000
0000000000009a9a00000000
000000000000999900000000
000000000000999900000000
000000000000999900000000
000000000000999900000000
000000000000999900000000
000000000000999900000000
000000000000999900000000
000000000000999900000000
000000000000999900000000
000000000000999900000000
000000000000999900000000
000000000000999900000000
000000000000898900000000
000000000000888800000000
000000000000888800000000
000000000000888800000000
000000000000888800000000
000000000000888800000000
000000000000888800000000
000000000000888800000000
000000000000888800000000
000000000000888800000000
000000000000888800000000
000000000000888800000000
000000000000888800000000
000000000000787800000000
000000000000777700000000
000000000000777700000000
000000000000878700000000
000000000000888800000000
000000000000888800000000
000000000000888800000000
000000000000888800000000
000000000000888800000000
100000000000888800000000
111000000000888800000000
211100000000888800000000
222100000000888800000000
324200000000888800000000
535400000000888800000000
655500000000888800000000
766500000000989800000000
877600000000999900000000
988700000000999900000000
a9a800000000999900000000
baba00000000999900000000
cbcb00000000999900000000
dcdc00000000999900000000
eded00000000999900000000
eeee00000000999900000000
eeee00000000999900000000
eeee00000000999900000000
eeee00000000999900000000
eeee00000000999900000000
eeee00100000a9a900000000
eeee10110000aaaa00000000
eeee11110000aaaa00000000
eeee21210000aaaa10100000
eeee22220000aaaa11110000
eeee22320000aaaa11110000
eeee22330000aaaa11110000
eeee22330000aaaa11110000
eeee22330000aaaa21210000
eeee22230000aaaa22220000
eeee12220000aaaa22220000
eeee11220000aaaa22220000
eeee21220000baba32320000
eeee22220000bbbb33330000
eeee22220000bbbb33330000
eeee12220000bbbb43430000
eeee11220000bbbb44440000
eeee11220000bbbb44440000
eeee11220000bbbb54540000
eeee11220000bbbb55550000
eeee11120000bbbb65650000
eeee11110000bbbb66660000
eeee11110000bbbb66660000
eeee01110000cbcb66660000
eeee00110000cccc66660000
eeee00010000cccc66660000
eeee00000000cccc76760000
eeee00000000cccc77770000
eeee00000000cccc77770000
eede00000000cccc77770000
dedd00000000cccc77770000
cdcd00000000cccc77770000
bcac00000000cccc77770000
ab9a00000000cccc77770000
9a8900000000dcdc87870000
897800000000dddd88881010
786700000000dddd88881111
675600000000dddd88881111
564500000000dddd88881111
555400000000dddd88881111
756500000000dddd88881111
878600000000dddd88882121
989800000000dddd98882222
b9a900000000dddd99982222
cbca00000000dddd99992222
dcdc00000000eddd99993232
eddd00000000eeed99993333
eeed00000000eeee99993333
eeee00000000eeee99994333
eeee00000000eeee99994443
eeee00000000eeee99994444
eeee00000000eeee99994444
eeee00000000eeee99994444
eeee00000000eeee99994444
eeee00000000eeee99994444
eeee00000000eeee99994444
eeee00000000eeee99994434
eeee00000000eeee99993433
eeee00000000eeee99993333
eeee00000000eede99993333
eeee00000000dedd99993333
eeee00000000dddd99992323
eeee00000000dddd99892222
eeee00000000dddd89882222
eeee00000000dddd88882222
eeee00000000dddd88881212
eeee00000000dddd88881111
eeee00000000dddd88881111
eeee00000000dddd88881111
eeee00000000dddd88881111
eeee00000000dddd88881101
eeee00000000cdcd78780100
eeee00000000cccc77770000
eeee00000000cccc77770000
eeee00000000cccc77770000
eeee00000000cccc77770000
eeee00000000cccc77770000
eeee00000000cccc77770000
eeee00000000cccc77770000
eeee00000000cccc67670000
eeee00000000cccc66660000
eeee00000000cccc66660000
eeee00000000bcbc66660000
eeee00000000bbbb66660000
eeee00000000bbbb66660000
eeee00000000bbbb66660000
eeee00000000bbbb56560000
eeee00000000bbbb55550000
eeee00000000bbbb55450000
eeee00000000bbbb45440000
eeee00000000bbbb44440000
eede00000000bbbb34340000
dedd00000000bbbb33330000
cdbd00000000abab33330000
bcab00000000aaaa23230000
ab8a00000000aaaa22220000
8a7800000000aaaa22220000
786700000000aaaa12120000
574600000000aaaa11110000
453400000000aaaa11110000
342300000000aaaa11110000
231200000000aaaa11110000
121100000000aaaa01010000
110100000000aaaa00000000
010000000000aaaa00000000
0000000000009a9a00000000
000000000000999900000000
000000000000999900000000
000000000000999900000000
000000000000999900000000
000000000000999900000000
000000000000999900000000
000000000000999900000000
000000000000999900000000
000000000000999900000000
000000000000999900000000
000000000000999900000000
000000000000999900000000
000000000000898900000000
000000000000888800000000
000000000000888800000000
000000000000888800000000
000000000000888800000000
000000000000888800000000
000000000000888800000000
000000000000888800000000
000000000000888800000000
000000000000888800000000
000000000000888800000000
000000000000888800000000
000000000000888800000000
000000000000787800000000
000000000000777700000000
000000000000777700000000
000000000000878700000000
000000000000888800000000
000000000000888800000000
000000000000888800000000
000000000000888800000000
000000000000888800000000
101000000000888800000000
111100000000888800000000
212100000000888800000000
322200000000888800000000
433200000000888800000000
545300000000888800000000
656500000000888800000000
867600000000989800000000
988700000000999900000000
a99800000000999900000000
baa900000000999900000000
cbba00000000999900000000
dccb00000000999900000000
eddc00000000999900000000
eeed00000000999900000000
eeee00000000999900000000
eeee00000000999900000000
eeee00000000999900000000
eeee00000000999900000000
eeee00000000999900000000
eeee00000000a9a900000000
eeee00100000aaaa00000000
eeee10110000aaaa00000000
eeee11210000aaaa10100000
eeee11220000aaaa11110000
eeee11220000aaaa11110000
eeee21220000aaaa11110000
eeee12220000aaaa11110000
eeee11220000aaaa21210000
eeee11220000aaaa22220000
eeee11120000aaaa22220000
eeee11110000aaaa22220000
eeee11210000baba32320000
eeee11220000bbbb33330000
eeee11220000bbbb33330000
eeee11120000bbbb43430000
eeee11110000bbbb44440000
eeee11110000bbbb54440000
eeee11110000bbbb55540000
eeee11110000bbbb55550000
eeee11110000bbbb65650000
eeee01110000bbbb66660000
eeee00110000bbbb66660000
eeee00010000cbcb66660000
eeee00000000cccc66660000
eeee00000000cccc66660000
eeee00000000cccc76760000
eeee00000000cccc77770000
eeee00000000cccc77770000
eeee00000000cccc77770000
dede00000000cccc77770000
cdcd00000000cccc77770000
ccbc00000000cccc77770000
bcab00000000cccc77770000
ab9a00000000dcdc87870000
9a8900000000dddd88881010
897800000000dddd88881111
786700000000dddd88881111
675600000000dddd88881111
765500000000dddd88881111
977500000000dddd88881111
a98700000000dddd88882121
ba9800000000dddd98982222
cbb900000000dddd99992222
dccb00000000dddd99993222
eddc00000000eded99993332
eeed00000000eeee99993333
eeee00000000eeee99994333
eeee00000000eeee99994443
eeee00000000eeee99994444
eeee00000000eeee99994444
eeee00000000eeeea9994444
eeee00000000eeeeaa994444
eeee00000000eeeeaa994444
eeee00000000eeee9a994444
eeee00000000eeee99994444
eeee00000000eeee99994444
eeee00000000eeee99994434
eeee00000000eeee99993433
eeee00000000eeee99993333
eeee00000000dede99993333
eeee00000000dddd99992323
eeee00000000dddd99992222
eeee00000000dddd89892222
eeee00000000dddd88882222
eeee00000000dddd88881212
eeee00000000dddd88881111
eeee00000000dddd88881111
eeee00000000dddd88881111
eeee00000000dddd88881111
eeee00000000dddd88881111
eeee00000000cdcd78780101
eeee00000000cccc77770000
eeee00000000cccc77770000
eeee00000000cccc77770000
eeee00000000cccc77770000
eeee00000000cccc77770000
eeee00000000cccc77770000
eeee00000000cccc77770000
eeee00000000cccc67670000
eeee00000000cccc66660000
eeee00000000cccc66660000
eeee00000000bcbc66660000
eeee00000000bbbb66660000
eeee00000000bbbb66660000
eeee00000000bbbb66660000
eeee00000000bbbb56560000
eeee00000000bbbb55550000
eeee00000000bbbb55550000
eeee00000000bbbb45450000
eeee00000000bbbb44440000
eeee00000000bbbb34340000
eede00000000bbbb33330000
decd00000000abab33330000
cdbc00000000aaaa23230000
bcab00000000aaaa22220000
9b8a00000000aaaa22220000
897800000000aaaa12120000
785700000000aaaa11110000
574500000000aaaa11110000
453400000000aaaa11110000
342300000000aaaa11110000
231200000000aaaa01010000
121100000000aaaa00000000
110100000000aaaa00000000
0100000000009a9a00000000
000000000000999900000000
000000000000999900000000
000000000000999900000000
000000000000999900000000
000000000000999900000000
000000000000999900000000
000000000000999900000000
000000000000999900000000
000000000000999900000000
000000000000999900000000
000000000000999900000000
000000000000999900000000
000000000000898900000000
000000000000888800000000
000000000000888800000000
000000000000888800000000
000000000000888800000000
000000000000888800000000
000000000000888800000000
000000000000888800000000
000000000000888800000000
000000000000888800000000
000000000000888800000000
000000000000888800000000
000000000000888800000000
000000000000787800000000
000000000000777700000000
000000000000777700000000
000000000000878700000000
000000000000888800000000
000000000000888800000000
000000000000888800000000
100000000000888800000000
110000000000888800000000
111000000000888800000000
211100000000888800000000
222100000000888800000000
323200000000888800000000
434300000000888800000000
545400000000888800000000
756500000000888800000000
878600000000989800000000
a89800000000999900000000
baa900000000999900000000
cbba00000000999900000000
dccb00000000999900000000
dddc00000000999900000000
eded00000000999900000000
eeee00000000999900000000
eeee00000000999900000000
eeee00000000999900000000
eeee00000000999900000000
eeee00000000999900000000
eeee00000000999900000000
eeee00000000a9a900000000
eeee00000000aaaa00000000
eeee10100000aaaa00000000
eeee11110000aaaa10100000
eeee11110000aaaa11110000
eeee11110000aaaa11110000
eeee11210000aaaa11110000
eeee11120000aaaa11110000
eeee11110000aaaa21210000
eeee11110000aaaa22220000
eeee11110000aaaa22220000
eeee11110000aaaa22220000
eeee11110000baba32320000
eeee11110000bbbb33330000
eeee11110000bbbb33330000
eeee11110000bbbb43430000
eeee01110000bbbb44440000
eeee00110000bbbb54540000
eeee10110000bbbb55550000
eeee01110000bbbb55550000
eeee00110000bbbb65650000
eeee00010000bbbb66660000
eeee00000000bbbb66660000
eeee00000000cbcb66660000
eeee00000000cccc66660000
eeee00000000cccc66660000
eeee00000000cccc76760000
eeee00000000cccc77770000
eeee00000000cccc77770000
eeee00000000cccc77770000
eede00000000cccc77770000
decd00000000cccc77770000
cdcc00000000cccc77770000
bcbc00000000cccc77770000
bbab00000000dcdc87870000
ab9a00000000dddd88881010
9a8900000000dddd88881111
897800000000dddd88881111
786700000000dddd88881111
777600000000dddd88881111
879700000000dddd88881111
a8a900000000dddd88882121
baba00000000dddd98982222
cbcb00000000dddd99992222
dcdc00000000dddd99993232
eded00000000eded99993333
eeee00000000eeee99993333
eeee00000000eeee99994343
eeee00000000eeee99994444
eeee00000000eeee99994444
eeee00000000eeeea9994444
eeee00000000eeeeaaa95444
eeee00000000eeeeaaaa5544
eeee00000000eeeeaaaa5544
eeee00000000eeeeaa9a4544
eeee00000000eeee9a994444
eeee00000000eeee99994444
eeee00000000eeee99994444
eeee00000000eeee99993434
eeee00000000eeee99993333
eeee00000000dede99993333
eeee00000000dddd99992323
eeee00000000dddd99992222
eeee00000000dddd89892222
eeee00000000dddd88881222
eeee00000000dddd88881112
eeee00000000dddd88881111
eeee00000000dddd88881111
eeee00000000dddd88881111
eeee00000000dddd88881111
eeee00000000dddd88880111
eeee00000000cdcd78780001
eeee00000000cccc77770000
eeee00000000cccc77770000
eeee00000000cccc77770000
eeee00000000cccc77770000
eeee00000000cccc77770000
eeee00000000cccc77770000
eeee00000000cccc77770000
eeee00000000cccc67670000
eeee00000000cccc66660000
eeee00000000cccc66660000
eeee00000000bcbc66660000
eeee00000000bbbb66660000
eeee00000000bbbb66660000
eeee00000000bbbb66660000
eeee00000000bbbb56560000
eeee00000000bbbb55550000
eeee00000000bbbb55550000
eeee00000000bbbb45450000
eeee00000000bbbb44440000
eeee00000000bbbb34340000
eeee00000000bbbb33330000
eede00000000abab33330000
decd00000000aaaa23230000
cdbc00000000aaaa22220000
ac9b00000000aaaa22220000
9a8900000000aaaa12120000
797800000000aaaa11110000
675700000000aaaa11110000
564500000000aaaa11110000
453400000000aaaa11110000
342300000000aaaa01010000
231200000000aaaa00000000
121100000000aaaa00000000
1101000000009a9a00000000
010000000000999900000000
000000000000999900000000
000000000000999900000000
000000000000999900000000
000000000000999900000000
000000000000999900000000
000000000000999900000000
000000000000999900000000
000000000000999900000000
000000000000999900000000
000000000000999900000000
000000000000999900000000
000000000000898900000000
000000000000888800000000
000000000000888800000000
000000000000888800000000
000000000000888800000000
000000000000888800000000
000000000000888800000000
000000000000888800000000
000000000000888800000000
000000000000888800000000
000000000000888800000000
000000000000888800000000
000000000000888800000000
000000000000787800000000
000000000000777700000000
000000000000777700000000
000000000000878700000000
000000000000888800000000
000000000000888800000000
100000000000888800000000
111000000000888800000000
111100000000888800000000
211100000000888800000000
222100000000888800000000
322200000000888800000000
333200000000888800000000
434300000000888800000000
545400000000888800000000
757500000000888800000000
878700000000989800000000
a8a800000000999900000000
baba00000000999900000000
cbcb00000000999900000000
ecdc00000000999900000000
eedd00000000999900000000
eeed00000000999900000000
eeee00000000999900000000
eeee00000000999900000000
eeee00000000999900000000
eeee00000000999900000000
eeee00000000999900000000
eeee00000000999900000000
eeee00000000a9a900000000
eeee00000000aaaa00000000
eeee00100000aaaa00000000
eeee00110000aaaa10100000
eeee10110000aaaa11110000
eeee11110000aaaa11110000
eeee11110000aaaa11110000
eeee11110000aaaa11110000
eeee11110000aaaa21210000
eeee01110000aaaa22220000
eeee00110000aaaa22220000
eeee00110000aaaa22220000
eeee00110000baba32320000
eeee00110000bbbb33330000
eeee00110000bbbb33330000
eeee00110000bbbb43430000
eeee00010000bbbb44440000
eeee00000000bbbb54540000
eeee00100000bbbb55550000
eeee00010000bbbb55550000
eeee00000000bbbb65650000
eeee00000000bbbb66660000
eeee00000000bbbb66660000
eeee00000000cbcb66660000
eeee00000000cccc66660000
eeee00000000cccc66660000
eeee00000000cccc76760000
eeee00000000cccc77770000
eeee00000000cccc77770000
eeee00000000cccc77770000
eeee00000000cccc77770000
eede00000000cccc77770000
decd00000000cccc77770000
cdbc00000000cccc77770000
ccbb00000000dcdc87870000
bcab00000000dddd88881010
ab9a00000000dddd88881111
8a8900000000dddd88881111
787800000000dddd88881111
677700000000dddd88881111
768700000000dddd88881111
97a800000000dddd88882121
a9ba00000000dddd98982222
bacb00000000dddd99992222
cbdc00000000dddd99992232
dced00000000eded99993233
edee00000000eeee99993333
eeee00000000eeee99994343
eeee00000000eeee99994444
eeee00000000eeee99994444
eeee00000000eeeea9a94444
eeee00000000eeeeaaaa5454
eeee00000000eeeeaaaa5555
eeee00000000eeeeaaaa5555
eeee00000000eeeeaaaa4545
eeee00000000eeee9a9a4444
eeee00000000eeee99994444
eeee00000000eeee99994444
eeee00000000eeee99993434
eeee00000000eeee99993333
eeee00000000dede99993333
eeee00000000dddd99992323
eeee00000000dddd99992222
eeee00000000dddd89892222
eeee00000000dddd88881212
eeee00000000dddd88881111
eeee00000000dddd88881111
eeee00000000dddd88881111
eeee00000000dddd88881111
eeee00000000dddd88881111
eeee00000000dddd88880101
eeee00000000cdcd78780000
eeee00000000cccc77770000
eeee00000000cccc77770000
eeee00000000cccc77770000
eeee00000000cccc77770000
eeee00000000cccc77770000
eeee00000000cccc77770000
eeee00000000cccc77770000
eeee00000000cccc67670000
eeee00000000cccc66660000
eeee00000000cccc66660000
eeee00000000bcbc66660000
eeee00000000bbbb66660000
eeee00000000bbbb66660000
eeee00000000bbbb66660000
eeee00000000bbbb56560000
eeee00000000bbbb55550000
eeee00000000bbbb55550000
eeee00000000bbbb45450000
eeee00000000bbbb44440000
eeee00000000bbbb34340000
eeee00000000bbbb33330000
eeee00000000abab33330000
dede00000000aaaa23230000
cdcd00000000aaaa22220000
bcac00000000aaaa22220000
9b9a00000000aaaa12120000
897900000000aaaa11110000
786700000000aaaa11110000
575600000000aaaa11110000
454500000000aaaa11110000
343400000000aaaa01010000
232300000000aaaa00000000
121200000000aaaa00000000
1111000000009a9a00000000
010100000000999900000000
000000000000999900000000
000000000000999900000000
000000000000999900000000
000000000000999900000000
000000000000999900000000
000000000000999900000000
000000000000999900000000
000000000000999900000000
000000000000999900000000
000000000000999900000000
000000000000999900000000
000000000000898900000000
000000000000888800000000
000000000000888800000000
000000000000888800000000
000000000000888800000000
000000000000888800000000
000000000000888800000000
000000000000888800000000
000000000000888800000000
000000000000888800000000
000000000000888800000000
000000000000888800000000
000000000000888800000000
000000000000787800000000
000000000000777700000000
000000000000777700000000
000000000000878700000000
000000000000888800000000
100000000000888800000000
111000000000888800000000
111100000000888800000000
211100000000888800000000
222100000000888800000000
322200000000888800000000
333200000000888800000000
433300000000888800000000
544300000000888800000000
555400000000888800000000
757500000000888800000000
878700000000989800000000
a8a800000000999900000000
caba00000000999900000000
dccb00000000999900000000
edec00000000999900000000
eeee00000000999900000000
eeee00000000999900000000
eeee00000000999900000000
eeee00000000999900000000
eeee00000000999900000000
eeee00000000999900000000
eeee00000000999900000000
eeee00000000999900000000
eeee00000000a9a900000000
eeee00000000aaaa00000000
eeee00000000aaaa00000000
eeee00000000aaaa10100000
eeee00100000aaaa11110000
eeee00110000aaaa11110000
eeee00110000aaaa11110000
eeee00110000aaaa11110000
eeee00110000aaaa21210000
eeee00010000aaaa22220000
eeee00000000aaaa22220000
eeee00000000aaaa22220000
eeee00000000baba32320000
eeee00000000bbbb33330000
eeee00000000bbbb33330000
eeee00000000bbbb43430000
eeee00000000bbbb44440000
eeee00000000bbbb54540000
eeee00000000bbbb55550000
eeee00000000bbbb55550000
eeee00000000bbbb65650000
eeee00000000bbbb66660000
eeee00000000bbbb66660000
eeee00000000cbcb66660000
eeee00000000cccc66660000
eeee00000000cccc66660000
eeee00000000cccc76760000
eeee00000000cccc77770000
eeee00000000cccc77770000
eeee00000000cccc77770000
eeee00000000cccc77770000
eeee00000000cccc77770000
eede00000000cccc77770000
decd00000000cccc77770000
cdcc00000000dcdc87870000
bcbc00000000dddd88881010
abab00000000dddd88881111
9a8a00000000dddd88881111
897800000000dddd88881111
786700000000dddd88881111
777600000000dddd88881111
879700000000dddd88882121
98a900000000dddd98982222
a9ba00000000dddd99992222
cacb00000000dddd99993222
dcdc00000000eded99993332
dded00000000eeee99993333
edee00000000eeee99994343
eeee00000000eeee99994444
eeee00000000eeee99994444
eeee00000000eeeea9a94444
eeee00000000eeeeaaaa5454
eeee00000000eeeeaaaa5555
eeee00000000eeeeaaaa5555
eeee00000000eeeeaaaa4545
eeee00000000eeee9a9a4444
eeee00000000eeee99994444
eeee00000000eeee99994444
eeee00000000eeee99993434
eeee00000000eeee99993333
eeee00000000dede99993333
eeee00000000dddd99992323
eeee00000000dddd99992222
eeee00000000dddd89892222
eeee00000000dddd88881212
eeee00000000dddd88881111
eeee00000000dddd88881111
eeee00000000dddd88881111
eeee00000000dddd88881111
eeee00000000dddd88881111
eeee00000000dddd88880101
eeee00000000cdcd78780000
eeee00000000cccc77770000
eeee00000000cccc77770000
eeee00000000cccc77770000
eeee00000000cccc77770000
eeee00000000cccc77770000
eeee00000000cccc77770000
eeee00000000cccc77770000
eeee00000000cccc67670000
eeee00000000cccc66660000
eeee00000000cccc66660000
eeee00000000bcbc66660000
eeee00000000bbbb66660000
eeee00000000bbbb66660000
eeee00000000bbbb66660000
eeee00000000bbbb56560000
eeee00000000bbbb55550000
eeee00000000bbbb55550000
eeee00000000bbbb45450000
eeee00000000bbbb44440000
eeee00000000bbbb34340000
eeee00000000bbbb33330000
eeee00000000abab33330000
dede00000000aaaa23230000
bdcd00000000aaaa22220000
abbc00000000aaaa22220000
9a9b00000000aaaa12120000
898900000000aaaa11110000
687800000000aaaa11110000
565700000000aaaa11110000
454500000000aaaa11110000
343400000000aaaa01010000
232300000000aaaa00000000
121200000000aaaa00000000
1111000000009a9a00000000
010100000000999900000000
000000000000999900000000
000000000000999900000000
000000000000999900000000
000000000000999900000000
000000000000999900000000
000000000000999900000000
000000000000999900000000
000000000000999900000000
000000000000999900000000
000000000000999900000000
000000000000999900000000
000000000000898900000000
000000000000888800000000
000000000000888800000000
000000000000888800000000
000000000000888800000000
000000000000888800000000
000000000000888800000000
000000000000888800000000
000000000000888800000000
000000000000888800000000
000000000000888800000000
000000000000888800000000
000000000000888800000000
000000000000787800000000
000000000000777700000000
000000000000777700000000
000000000000878700000000
100000000000888800000000
111000000000888800000000
111100000000888800000000
211100000000888800000000
322100000000888800000000
332200000000888800000000
333200000000888800000000
433300000000888800000000
544300000000888800000000
655400000000888800000000
665500000000888800000000
767500000000888800000000
878700000000989800000000
a8a800000000999900000000
baca00000000999900000000
dbdc00000000999900000000
eded00000000999900000000
eeee00000000999900000000
eeee00000000999900000000
eeee00000000999900000000
eeee00000000999900000000
eeee00000000999900000000
eeee00000000999900000000
eeee00000000999900000000
eeee00000000999900000000
eeee00000000a9a900000000
eeee00000000aaaa00000000
eeee00000000aaaa00000000
eeee00000000aaaa10100000
eeee00000000aaaa11110000
eeee00000000aaaa11110000
eeee00000000aaaa11110000
eeee00000000aaaa11110000
eeee00000000aaaa21210000
eeee00000000aaaa22220000
eeee00000000aaaa22220000
eeee00000000aaaa22220000
eeee00000000baba32320000
eeee00000000bbbb33330000
eeee00000000bbbb33330000
eeee00000000bbbb43430000
eeee00000000bbbb44440000
eeee00000000bbbb54540000
eeee00000000bbbb55550000
eeee00000000bbbb55550000
eeee00000000bbbb65650000
eeee00000000bbbb66660000
eeee00000000bbbb66660000
eeee00000000cbcb66660000
eeee00000000cccc66660000
eeee00000000cccc66660000
eeee00000000cccc76760000
eeee00000000cccc77770000
eeee00000000cccc77770000
eeee00000000cccc77770000
eeee00000000cccc77770000
eeee00000000cccc77770000
eeee00000000cccc77770000
dede00000000cccc77770000
ddcd00000000dcdc87870000
cdbc00000000dddd88881010
bcab00000000dddd88881111
9b9a00000000dddd88881111
898900000000dddd88881111
787800000000dddd88881111
677700000000dddd88881111
768700000000dddd88882121
979800000000dddd98982222
a9a900000000dddd99992222
baca00000000dddd99993232
cbdc00000000eded99993333
dcdd00000000eeee99993333
eded00000000eeee99994343
eeee00000000eeee99994444
eeee00000000eeee99994444
eeee00000000eeee99a94444
eeee00000000eeeea9aa4454
eeee00000000eeeeaaaa4455
eeee00000000eeeeaaaa4455
eeee00000000eeee9aaa4445
eeee00000000eeee999a4444
eeee00000000eeee99994444
eeee00000000eeee99994444
eeee00000000eeee99993434
eeee00000000eeee99993333
eeee00000000dede99993333
eeee00000000dddd99992323
eeee00000000dddd99992222
eeee00000000dddd89892222
eeee00000000dddd88881212
eeee00000000dddd88881111
eeee00000000dddd88881111
eeee00000000dddd88881111
eeee00000000dddd88881111
eeee00000000dddd88881111
eeee00000000dddd88881101
eeee00000000cdcd78780100
eeee00000000cccc77770000
eeee00000000cccc77770000
eeee00000000cccc77770000
eeee00000000cccc77770000
eeee00000000cccc77770000
eeee00000000cccc77770000
eeee00000000cccc77770000
eeee00000000cccc67670000
eeee00000000cccc66660000
eeee00000000cccc66660000
eeee00000000bcbc66660000
eeee00000000bbbb66660000
eeee00000000bbbb66660000
eeee00000000bbbb66660000
eeee00000000bbbb56560000
eeee00000000bbbb55550000
eeee00000000bbbb55550000
eeee00000000bbbb45450000
eeee00000000bbbb44440000
eeee00000000bbbb34340000
eeee00000000bbbb33330000
eeee00000000abab33330000
dede00000000aaaa23230000
cdbd00000000aaaa22220000
bcab00000000aaaa22220000
9b9a00000000aaaa12120000
898900000000aaaa11110000
686800000000aaaa11110000
565600000000aaaa11110000
454500000000aaaa11110000
343400000000aaaa01010000
232300000000aaaa00000000
121200000000aaaa00000000
1111000000009a9a00000000
010100000000999900000000
000000000000999900000000
000000000000999900000000
000000000000999900000000
000000000000999900000000
000000000000999900000000
000000000000999900000000
000000000000999900000000
000000000000999900000000
000000000000999900000000
000000000000999900000000
000000000000999900000000
000000000000898900000000
000000000000888800000000
000000000000888800000000
000000000000888800000000
000000000000888800000000
000000000000888800000000
000000000000888800000000
000000000000888800000000
000000000000888800000000
000000000000888800000000
000000000000888800000000
000000000000888800000000
000000000000888800000000
000000000000787800000000
000000000000777700000000
000000000000777700000000
100000000000878700000000
111000000000888800000000
111100000000888800000000
211100000000888800000000
222100000000888800000000
323200000000888800000000
433300000000888800000000
443300000000888800000000
544300000000888800000000
655400000000888800000000
766500000000888800000000
876600000000888800000000
887600000000888800000000
988700000000989800000000
a9a800000000999900000000
baba00000000999900000000
dbdb00000000999900000000
eded00000000999900000000
eeee00000000999900000000
eeee00000000999900000000
eeee00000000999900000000
eeee00000000999900000000
eeee00000000999900000000
eeee00000000999900000000
eeee00000000999900000000
eeee00000000999900000000
eeee00000000a9a900000000
eeee00000000aaaa00000000
eeee00000000aaaa00000000
eeee00000000aaaa10100000
eeee00000000aaaa11110000
eeee00000000aaaa11110000
eeee00000000aaaa11110000
eeee00000000aaaa11110000
eeee00000000aaaa21210000
eeee00000000aaaa22220000
eeee00000000aaaa22220000
eeee00000000aaaa22220000
eeee00000000baba32320000
eeee00000000bbbb33330000
eeee00000000bbbb33330000
eeee00000000bbbb43430000
eeee00000000bbbb44440000
eeee00000000bbbb54540000
eeee00000000bbbb55550000
eeee00000000bbbb55550000
eeee00000000bbbb65650000
eeee00000000bbbb66660000
eeee00000000bbbb66660000
eeee00000000cbcb66660000
eeee00000000cccc66660000
eeee00000000cccc66660000
eeee00000000cccc76760000
eeee00000000cccc77770000
eeee00000000cccc77770000
eeee00000000cccc77770000
eeee00000000cccc77770000
eeee00000000cccc77770000
eeee00000000cccc77770000
eede00000000cccc77770000
dedd00000000dcdc87870000
cdcd00000000dddd88881010
bcbc00000000dddd88881111
ab9b00000000dddd88881111
8a8900000000dddd88881111
787800000000dddd88881111
676700000000dddd88881111
767600000000dddd88882121
879700000000dddd98982222
98a900000000dddd99992222
a9ba00000000dddd99992232
bacb00000000eded99993233
cbdc00000000eeee99993333
dced00000000eeee99993343
edee00000000eeee99994344
eeee00000000eeee99994444
eeee00000000eeee99994444
eeee00000000eeee99a94444
eeee00000000eeee99aa4444
eeee00000000eeee99aa4444
eeee00000000eeee999a4444
eeee00000000eeee99994444
eeee00000000eeee99994444
eeee00000000eeee99993444
eeee00000000eeee99993334
eeee00000000eeee99993333
eeee00000000dede99993333
eeee00000000dddd99992323
eeee00000000dddd99992222
eeee00000000dddd89892222
eeee00000000dddd88882212
eeee00000000dddd88881211
eeee00000000dddd88881111
eeee00000000dddd88881111
eeee00000000dddd88881111
eeee00000000dddd88881111
eeee00000000dddd88881111
eeee00000000cdcd78780101
eeee00000000cccc77770000
eeee00000000cccc77770000
eeee00000000cccc77770000
eeee00000000cccc77770000
eeee00000000cccc77770000
eeee00000000cccc77770000
eeee00000000cccc77770000
eeee00000000cccc67670000
eeee00000000cccc66660000
eeee00000000cccc66660000
eeee00000000bcbc66660000
eeee00000000bbbb66660000
eeee00000000bbbb66660000
eeee00000000bbbb66660000
eeee00000000bbbb56560000
eeee00000000bbbb55550000
eeee00000000bbbb55550000
eeee00000000bbbb45450000
eeee00000000bbbb44440000
eeee00000000bbbb34340000
eeee00000000bbbb33330000
eeee00000000abab33330000
eede00000000aaaa23230000
decd00000000aaaa22220000
cdbc00000000aaaa22220000
ac9b00000000aaaa12120000
9a8900000000aaaa11110000
796800000000aaaa11110000
675600000000aaaa11110000
464500000000aaaa11110000
343400000000aaaa01010000
232300000000aaaa00000000
121200000000aaaa00000000
1111000000009a9a00000000
010100000000999900000000
000000000000999900000000
000000000000999900000000
000000000000999900000000
000000000000999900000000
000000000000999900000000
000000000000999900000000
000000000000999900000000
000000000000999900000000
000000000000999900000000
000000000000999900000000
000000000000999900000000
000000000000898900000000
000000000000888800000000
000000000000888800000000
000000000000888800000000
000000000000888800000000
000000000000888800000000
000000000000888800000000
000000000000888800000000
000000000000888800000000
000000000000888800000000
000000000000888800000000
000000000000888800000000
000000000000888800000000
000000000000787800000000
000000000000777700000000
110000000000777700000000
111000000000878700000000
111100000000888800000000
211100000000888800000000
222100000000888800000000
322200000000888800000000
433200000000888800000000
544300000000888800000000
554400000000888800000000
655400000000888800000000
766500000000888800000000
877600000000888800000000
988700000000888800000000
998800000000888800000000
a99800000000989800000000
baa900000000999900000000
cbba00000000999900000000
dcdb00000000999900000000
eded00000000999900000000
eeee00000000999900000000
eeee00000000999900000000
eeee00000000999900000000
eeee00000000999900000000
eeee00000000999900000000
eeee00000000999900000000
eeee00000000999900000000
eeee00000000999900000000
eeee00000000a9a900000000
eeee00000000aaaa00000000
eeee00000000aaaa00000000
eeee00000000aaaa10100000
eeee00000000aaaa11110000
eeee00000000aaaa11110000
eeee00000000aaaa11110000
eeee00000000aaaa11110000
eeee00000000aaaa21210000
eeee00000000aaaa22220000
eeee00000000aaaa22220000
eeee00000000aaaa22220000
eeee00000000baba32320000
eeee00000000bbbb33330000
eeee00000000bbbb33330000
eeee00000000bbbb43430000
eeee00000000bbbb44440000
eeee00000000bbbb44540000
eeee00000000bbbb54550000
eeee00000000bbbb55550000
eeee00000000bbbb65650000
eeee00000000bbbb66660000
eeee00000000bbbb66660000
eeee00000000cbcb66660000
eeee00000000cccc66660000
eeee00000000cccc66660000
eeee00000000cccc76760000
eeee00000000cccc77770000
eeee00000000cccc77770000
eeee00000000cccc77770000
eeee00000000cccc77770000
eeee00000000cccc77770000
eeee00000000cccc77770000
eeee00000000cccc77770000
dede00000000dcdc87870000
cdcd00000000dddd88881010
bcbc00000000dddd88881111
abab00000000dddd88881111
9a8a00000000dddd88881111
797800000000dddd88881111
676700000000dddd88881111
667600000000dddd88882121
768700000000dddd88982222
879800000000dddd98992222
98a900000000dddd99992222
a9ba00000000dded99993232
cacb00000000edee99993333
dcdc00000000eeee99993333
dded00000000eeee99994343
edee00000000eeee99994444
eeee00000000eeee99994444
eeee00000000eeee99994444
eeee00000000eeee99994444
eeee00000000eeee99994444
eeee00000000eeee99994444
eeee00000000eeee99994444
eeee00000000eeee99994444
eeee00000000eeee99993434
eeee00000000eeee99993333
eeee00000000deee99993333
eeee00000000ddde99992333
eeee00000000dddd99992223
eeee00000000dddd89992222
eeee00000000dddd88892222
eeee00000000dddd88882222
eeee00000000dddd88881212
eeee00000000dddd88881111
eeee00000000dddd88881111
eeee00000000dddd88881111
eeee00000000dddd88881111
eeee00000000dddd88881111
eeee00000000cdcd78780101
eeee00000000cccc77770000
eeee00000000cccc77770000
eeee00000000cccc77770000
eeee00000000cccc77770000
eeee00000000cccc77770000
eeee00000000cccc77770000
eeee00000000cccc77770000
eeee00000000cccc67670000
eeee00000000cccc66660000
eeee00000000cccc66660000
eeee00000000bcbc66660000
eeee00000000bbbb66660000
eeee00000000bbbb66660000
eeee00000000bbbb66660000
eeee00000000bbbb56560000
eeee00000000bbbb55550000
eeee00000000bbbb55550000
eeee00000000bbbb45450000
eeee00000000bbbb44440000
eeee00000000bbbb34340000
eeee00000000bbbb33330000
eeee00000000abab33330000
eeee00000000aaaa23230000
dede00000000aaaa22220000
cdcd00000000aaaa22220000
bcac00000000aaaa12120000
9b9a00000000aaaa11110000
897900000000aaaa11110000
686700000000aaaa11110000
564600000000aaaa11110000
453400000000aaaa01010000
342300000000aaaa00000000
231200000000aaaa00000000
1211000000009a9a00000000
110100000000999900000000
010000000000999900000000
000000000000999900000000
000000000000999900000000
000000000000999900000000
000000000000999900000000
000000000000999900000000
000000000000999900000000
000000000000999900000000
000000000000999900000000
000000000000999900000000
000000000000999900000000
000000000000898900000000
000000000000888800000000
000000000000888800000000
000000000000888800000000
000000000000888800000000
000000000000888800000000
000000000000888800000000
000000000000888800000000
000000000000888800000000
000000000000888800000000
000000000000888800000000
000000000000888800000000
000000000000888800000000
000000000000787800000000
000000000000777700000000
111100000000777700000000
111100000000878700000000
211100000000888800000000
222100000000888800000000
322200000000888800000000
433200000000888800000000
444300000000888800000000
545400000000888800000000
655500000000888800000000
766500000000888800000000
877600000000888800000000
888700000000888800000000
a89800000000888800000000
aa9900000000888800000000
baa900000000989800000000
cbba00000000999900000000
cccb00000000999900000000
dcdc00000000999900000000
eded00000000999900000000
eeee00000000999900000000
eeee00000000999900000000
eeee00000000999900000000
eeee00000000999900000000
eeee00000000999900000000
eeee00000000999900000000
eeee00000000999900000000
eeee00000000999900000000
eeee00000000a9a900000000
eeee00000000aaaa00000000
eeee00000000aaaa00000000
eeee00000000aaaa10100000
eeee00000000aaaa11110000
eeee00000000aaaa11110000
eeee00000000aaaa11110000
eeee00000000aaaa11110000
eeee00000000aaaa21210000
eeee00000000aaaa22220000
eeee00000000aaaa22220000
eeee00000000aaaa22220000
eeee00000000baba32320000
eeee00000000bbbb33330000
eeee00000000bbbb33330000
eeee00000000bbbb43430000
eeee00000000bbbb44440000
eeee00000000bbbb44440000
eeee00000000bbbb54540000
eeee00000000bbbb55550000
eeee00000000bbbb55650000
eeee00000000bbbb65660000
eeee00000000bbbb66660000
eeee00000000cbcb66660000
eeee00000000cccc66660000
eeee00000000cccc66660000
eeee00000000cccc76760000
eeee00000000cccc77770000
eeee00000000cccc77770000
eeee00000000cccc77770000
eeee00000000cccc77770000
eeee00000000cccc77770000
eeee00000000cccc77770000
eeee00000000cccc77770000
dede00000000dcdc87870000
cdcd00000000dddd88881010
bcbc00000000dddd88881111
abab00000000dddd88881111
9a9a00000000dddd88881111
797900000000dddd88881111
676700000000dddd88881111
566600000000dddd88882121
657600000000dddd88882222
768700000000dddd98982222
979800000000dddd99992222
a9a900000000dddd99993232
baca00000000eded99993333
cbdc00000000eeee99993333
dcdd00000000eeee99993343
eded00000000eeee99993344
eeee00000000eeee99993344
eeee00000000eeee99994344
eeee00000000eeee99994444
eeee00000000eeee99994444
eeee00000000eeee99994444
eeee00000000eeee99993444
eeee00000000eeee99993344
eeee00000000eeee99993334
eeee00000000eeee99993333
eeee00000000dede99993333
eeee00000000dddd99992323
eeee00000000dddd99992222
eeee00000000dddd89892222
eeee00000000dddd88882222
eeee00000000dddd88881222
eeee00000000dddd88881112
eeee00000000dddd88881111
eeee00000000dddd88881111
eeee00000000dddd88881111
eeee00000000dddd88881111
eeee00000000dddd88881111
eeee00000000cdcd78780101
eeee00000000cccc77770000
eeee00000000cccc77770000
eeee00000000cccc77770000
eeee00000000cccc77770000
eeee00000000cccc77770000
eeee00000000cccc77770000
eeee00000000cccc77770000
eeee00000000cccc67670000
eeee00000000cccc66660000
eeee00000000cccc66660000
eeee00000000bcbc66660000
eeee00000000bbbb66660000
eeee00000000bbbb66660000
eeee00000000bbbb66660000
eeee00000000bbbb56560000
eeee00000000bbbb55550000
eeee00000000bbbb55550000
eeee00000000bbbb45450000
eeee00000000bbbb44440000
eeee00000000bbbb34340000
eeee00000000bbbb33330000
eeee00000000abab33330000
deee00000000aaaa23230000
ddde00000000aaaa22220000
cdcd00000000aaaa22220000
acbc00000000aaaa12120000
9a9b00000000aaaa11110000
898900000000aaaa11110000
786800000000aaaa11110000
575600000000aaaa11110000
454500000000aaaa01010000
343400000000aaaa00000000
232300000000aaaa00000000
1212000000009a9a00000000
111100000000999900000000
010100000000999900000000
000000000000999900000000
000000000000999900000000
000000000000999900000000
000000000000999900000000
000000000000999900000000
000000000000999900000000
000000000000999900000000
000000000000999900000000
000000000000999900000000
000000000000999900000000
000000000000898900000000
000000000000888800000000
000000000000888800000000
000000000000888800000000
000000000000888800000000
000000000000888800000000
000000000000888800000000
000000000000888800000000
000000000000888800000000
000000000000888800000000
000000000000888800000000
000000000000888800000000
000000000000888800000000
000000000000787800000000
000000000000777700000000
221100000000777700000000
221100000000878700000000
322100000000888800000000
332200000000888800000000
433200000000888800000000
444300000000888800000000
544400000000888800000000
655400000000888800000000
766500000000888800000000
877600000000888800000000
988700000000888800000000
998800000000888800000000
a9a800000000888800000000
baaa00000000888800000000
cbba00000000989800000000
dccb00000000999900000000
ddcc00000000999900000000
dddc00000000999900000000
eded00000000999900000000
eeee00000000999900000000
eeee00000000999900000000
eeee00000000999900000000
eeee00000000999900000000
eeee00000000999900000000
eeee00000000999900000000
eeee00000000999900000000
eeee00000000999900000000
eeee00000000a9a900000000
eeee00000000aaaa00000000
eeee00000000aaaa00000000
eeee00000000aaaa00100000
eeee00000000aaaa10110000
eeee00000000aaaa11110000
eeee00000000aaaa11110000
eeee00000000aaaa11110000
eeee00000000aaaa11210000
eeee00000000aaaa21220000
eeee00000000aaaa22220000
eeee00000000aaaa22220000
eeee00000000baba32320000
eeee00000000bbbb33330000
eeee00000000bbbb33330000
eeee00000000bbbb43430000
eeee00000000bbbb44440000
eeee00000000bbbb44440000
eeee00000000bbbb54540000
eeee00000000bbbb55550000
eeee00000000bbbb55550000
eeee00000000bbbb65650000
eeee00000000bbbb66660000
eeee00000000cbcb66660000
eeee00000000cccc66660000
eeee00000000cccc66660000
eeee00000000cccc76760000
eeee00000000cccc77770000
eeee00000000cccc77770000
eeee00000000cccc77770000
eeee00000000cccc77770000
eeee00000000cccc77770000
eeee00000000cccc77770000
eeee00000000cccc77770000
dede00000000ccdc77870000
ddcd00000000dcdd87880010
bdbc00000000dddd88881011
abab00000000dddd88881111
9a9a00000000dddd88881111
897900000000dddd88881111
686700000000dddd88881111
565600000000dddd88881121
656500000000dddd88882122
767600000000dddd88982222
879700000000dddd98992222
a8a900000000dddd99992232
baba00000000dded99993233
cbcb00000000edee99993333
dcdc00000000eeee99993333
eded00000000eeee99993333
eeee00000000eeee99993333
eeee00000000eeee99993343
eeee00000000eeee99993344
eeee00000000eeee99993344
eeee00000000eeee99993344
eeee00000000eeee99993334
eeee00000000eeee99993333
eeee00000000eeee99993333
eeee00000000deee99993333
eeee00000000ddde99993333
eeee00000000dddd99992323
eeee00000000dddd89992222
eeee00000000dddd88892222
eeee00000000dddd88882222
eeee00000000dddd88881212
eeee00000000dddd88881111
eeee00000000dddd88881111
eeee00000000dddd88881111
eeee00000000dddd88881111
eeee00000000dddd88881111
eeee00000000cddd78881111
eeee00000000cccd77780101
eeee00000000cccc77770000
eeee00000000cccc77770000
eeee00000000cccc77770000
eeee00000000cccc77770000
eeee00000000cccc77770000
eeee00000000cccc77770000
eeee00000000cccc77770000
eeee00000000cccc67670000
eeee00000000cccc66660000
eeee00000000cccc66660000
eeee00000000bcbc66660000
eeee00000000bbbb66660000
eeee00000000bbbb66660000
eeee00000000bbbb66660000
eeee00000000bbbb56560000
eeee00000000bbbb55550000
eeee00000000bbbb55550000
eeee00000000bbbb45450000
eeee00000000bbbb44440000
eeee00000000bbbb34340000
deee00000000bbbb33330000
ddee00000000abab33330000
cdde00000000aaaa23230000
ccdd00000000aaaa22220000
bccd00000000aaaa22220000
abac00000000aaaa12120000
9a9a00000000aaaa11110000
898900000000aaaa11110000
687800000000aaaa11110000
565700000000aaaa11110000
454500000000aaaa01010000
343400000000aaaa00000000
232300000000aaaa00000000
2212000000009a9a00000000
121100000000999900000000
110100000000999900000000
010000000000999900000000
000000000000999900000000
000000000000999900000000
000000000000999900000000
000000000000999900000000
000000000000999900000000
000000000000999900000000
000000000000999900000000
000000000000999900000000
000000000000999900000000
000000000000898900000000
000000000000888800000000
000000000000888800000000
000000000000888800000000
000000000000888800000000
000000000000888800000000
000000000000888800000000
000000000000888800000000
000000000000888800000000
000000000000888800000000
000000000000888800000000
000000000000888800000000
000000000000888800000000
000000000000787800000000
000000000000777700000000
322200000000777700000000
332200000000878700000000
333200000000888800000000
433300000000888800000000
544300000000888800000000
554400000000888800000000
655400000000888800000000
766500000000888800000000
877600000000888800000000
988700000000888800000000
a99800000000888800000000
ba9900000000888800000000
bba900000000888800000000
cbba00000000888800000000
dccb00000000989800000000
dddc00000000999900000000
eddd00000000999900000000
eedd00000000999900000000
eeed00000000999900000000
eeee00000000999900000000
eeee00000000999900000000
eeee00000000999900000000
eeee00000000999900000000
eeee00000000999900000000
eeee00000000999900000000
eeee00000000999900000000
eeee00000000999900000000
eeee00000000a9a900000000
eeee00000000aaaa00000000
eeee00000000aaaa00000000
eeee00000000aaaa00000000
eeee00000000aaaa10100000
eeee00000000aaaa11110000
eeee00000000aaaa11110000
eeee00000000aaaa11110000
eeee00000000aaaa11110000
eeee00000000aaaa21210000
eeee00000000aaaa22220000
eeee00000000aaaa22220000
eeee00000000baba32320000
eeee00000000bbbb33330000
eeee00000000bbbb33330000
eeee00000000bbbb43430000
eeee00000000bbbb44440000
eeee00000000bbbb44440000
eeee00000000bbbb54540000
eeee00000000bbbb55550000
eeee00000000bbbb55550000
eeee00000000bbbb65650000
eeee00000000bbbb66660000
eeee00000000cbcb66660000
eeee00000000cccc66660000
eeee00000000cccc66660000
eeee00000000cccc76760000
eeee00000000cccc77770000
eeee00000000cccc77770000
eeee00000000cccc77770000
eeee00000000cccc77770000
eeee00000000cccc77770000
eeee00000000cccc77770000
eeee00000000cccc77770000
eede00000000cccc77770000
dedd00000000dcdc87870000
cdbd00000000dddd88881010
acab00000000dddd88881111
9a9a00000000dddd88881111
898900000000dddd88881111
786800000000dddd88881111
575600000000dddd88881111
556500000000dddd88882121
757600000000dddd88882222
878700000000dddd98982222
a8a800000000dddd99992222
baba00000000dddd99992232
dbcb00000000dded99993233
dddc00000000ddee99993333
eded00000000ddee99993333
eeee00000000ddee99993333
eeee00000000ddee99993333
eeee00000000edee99993333
eeee00000000deee99993333
eeee00000000ddee99993333
eeee00000000ddee99993333
eeee00000000ddee99993333
eeee00000000ddee99993333
eeee00000000ddde99993333
eeee00000000dddd99992333
eeee00000000dddd99992223
eeee00000000dddd89892222
eeee00000000dddd88882222
eeee00000000dddd88882222
eeee00000000dddd88881212
eeee00000000dddd88881111
eeee00000000dddd88881111
eeee00000000dddd88881111
eeee00000000dddd88881111
eeee00000000dddd88881111
eeee00000000cdcd78780111
eeee00000000cccc77770001
eeee00000000cccc77770000
eeee00000000cccc77770000
eeee00000000cccc77770000
eeee00000000cccc77770000
eeee00000000cccc77770000
eeee00000000cccc77770000
eeee00000000cccc77770000
eeee00000000cccc67670000
eeee00000000cccc66660000
eeee00000000cccc66660000
eeee00000000bcbc66660000
eeee00000000bbbb66660000
eeee00000000bbbb66660000
eeee00000000bbbb66660000
eeee00000000bbbb56560000
eeee00000000bbbb55550000
eeee00000000bbbb55550000
eeee00000000bbbb45450000
eeee00000000bbbb44440000
deee00000000bbbb34340000
ddde00000000bbbb33330000
cddd00000000abab33330000
bccd00000000aaaa23230000
abcc00000000aaaa22220000
9abc00000000aaaa22220000
99ab00000000aaaa12120000
899a00000000aaaa11110000
788900000000aaaa11110000
676800000000aaaa11110000
565600000000aaaa11110000
454500000000aaaa01010000
343400000000aaaa00000000
232300000000aaaa00000000
2222000000009a9a00000000
121200000000999900000000
111100000000999900000000
010100000000999900000000
000000000000999900000000
000000000000999900000000
000000000000999900000000
000000000000999900000000
000000000000999900000000
000000000000999900000000
000000000000999900000000
000000000000999900000000
000000000000999900000000
000000000000898900000000
000000000000888800000000
000000000000888800000000
000000000000888800000000
000000000000888800000000
000000000000888800000000
000000000000888800000000
000000000000888800000000
000000000000888800000000
000000000000888800000000
000000000000888800000000
000000000000888800000000
000000000000888800000000
000000000000787800000000
000000000000777700000000
333200000000777700000000
433300000000878700000000
543300000000888800000000
554300000000888800000000
655400000000888800000000
665500000000888800000000
766500000000888800000000
877600000000888800000000
988700000000888800000000
a99800000000888800000000
baa900000000888800000000
cbba00000000888800000000
ccbb00000000888800000000
dccb00000000888800000000
dddc00000000989800000000
eddd00000000999900000000
eeed00000000999900000000
eeee00000000999900000000
eeee00000000999900000000
eeee00000000999900000000
eeee00000000999900000000
eeee00000000999900000000
eeee00000000999900000000
eeee00000000999900000000
eeee00000000999900000000
eeee00000000999900000000
eeee00000000999900000000
eeee00000000a9a900000000
eeee00000000aaaa00000000
eeee00000000aaaa00000000
eeee00000000aaaa00000000
eeee00000000aaaa10100000
eeee00000000aaaa11110000
eeee00000000aaaa11110000
eeee00000000aaaa11110000
eeee00000000aaaa11110000
eeee00000000aaaa21210000
eeee00000000aaaa22220000
eeee00000000aaaa22220000
eeee00000000baba22320000
eeee00000000bbbb32330000
eeee00000000bbbb33330000
eeee00000000bbbb33430000
eeee00000000bbbb43440000
eeee00000000bbbb44440000
eeee00000000bbbb54540000
eeee00000000bbbb55550000
eeee00000000bbbb55550000
eeee00000000bbbb65650000
eeee00000000bbbb66660000
eeee00000000bbcb66660000
eeee00000000cbcc66660000
eeee00000000cccc66660000
eeee00000000cccc76760000
eeee00000000cccc77770000
eeee00000000cccc77770000
eeee00000000cccc77770000
eeee00000000cccc77770000
eeee00000000cccc77770000
eeee00000000cccc77770000
eeee00000000cccc77770000
eeee00000000cccc77770000
dede00000000dcdc87870000
cdcd00000000dddd88881010
bcac00000000dddd88881111
ab9a00000000dddd88881111
8a8900000000dddd88881111
787800000000dddd88881111
675700000000dddd88881111
565500000000dddd88881121
757500000000dddd88882122
978700000000dddd88982222
a9a800000000dddd88992222
baba00000000dddd98992222
cbdb00000000dddd99992232
dcdd00000000dddd99992233
eded00000000dddd99992233
eeee00000000dddd99993233
eeee00000000dddd99993333
eeee00000000dded99993333
eeee00000000ddde99993333
eeee00000000dddd99993333
eeee00000000dddd99993333
eeee00000000dddd99993333
eeee00000000dddd99992333
eeee00000000dddd99992233
eeee00000000dddd89992223
eeee00000000dddd88992222
eeee00000000dddd88892222
eeee00000000dddd88882222
eeee00000000dddd88881222
eeee00000000dddd88881112
eeee00000000dddd88881111
eeee00000000dddd88881111
eeee00000000dddd88881111
eeee00000000dddd88881111
eeee00000000dddd88881111
eeee00000000cdcd78780101
eeee00000000cccc77770000
eeee00000000cccc77770000
eeee00000000cccc77770000
eeee00000000cccc77770000
eeee00000000cccc77770000
eeee00000000cccc77770000
eeee00000000cccc77770000
eeee00000000cccc77770000
eeee00000000cccc67670000
eeee00000000cccc66660000
eeee00000000bccc66660000
eeee00000000bbbc66660000
eeee00000000bbbb66660000
eeee00000000bbbb66660000
eeee00000000bbbb66660000
eeee00000000bbbb56560000
eeee00000000bbbb55550000
eeee00000000bbbb45550000
eeee00000000bbbb44450000
deee00000000bbbb44440000
ddde00000000bbbb34340000
cddd00000000bbbb33330000
bccd00000000abab33330000
abbc00000000aaaa23230000
9aab00000000aaaa22220000
899a00000000aaaa22220000
789900000000aaaa12120000
678900000000aaaa11110000
567800000000aaaa11110000
556700000000aaaa11110000
455600000000aaaa11110000
344500000000aaaa01010000
333400000000aaaa00000000
232300000000aaaa00000000
1222000000009a9a00000000
111200000000999900000000
111100000000999900000000
010100000000999900000000
000000000000999900000000
000000000000999900000000
000000000000999900000000
000000000000999900000000
000000000000999900000000
000000000000999900000000
000000000000999900000000
000000000000999900000000
000000000000999900000000
000000000000898900000000
000000000000888800000000
000000000000888800000000
000000000000888800000000
000000000000888800000000
000000000000888800000000
000000000000888800000000
000000000000888800000000
000000000000888800000000
000000000000888800000000
000000000000888800000000
000000000000888800000000
000000000000888800000000
000000000000787800000000
000000000000777700000000
543300000000777700000000
554300000000878700000000
655400000000888800000000
665500000000888800000000
766500000000888800000000
776600000000888800000000
877600000000888800000000
988700000000888800000000
a99800000000888800000000
baa900000000888800000000
cbba00000000888800000000
dccb00000000888800000000
ddcc00000000888800000000
dddc00000000888800000000
eddd00000000989800000000
eeed00000000999900000000
eeee00000000999900000000
eeee00000000999900000000
eeee00000000999900000000
eeee00000000999900000000
eeee00000000999900000000
eeee00000000999900000000
eeee00000000999900000000
eeee00000000999900000000
eeee00000000999900000000
eeee00000000999900000000
eeee10000000999900000000
eeee11000000a9a900000000
eeee01000000aaaa00000000
eeee00000000aaaa00000000
eeee00000000aaaa00000000
eeee00000000aaaa10100000
eeee00000000aaaa11110000
eeee00000000aaaa11110000
eeee00000000aaaa11110000
eeee00000000aaaa11110000
eeee00000000aaaa21210000
eeee00000000aaaa22220000
eeee00000000aaaa22220000
eeee00000000baba22220000
eeee00000000bbbb32320000
eeee00000000bbbb33330000
eeee00000000bbbb33330000
eeee00000000bbbb43430000
eeee00000000bbbb44440000
eeee00000000bbbb54540000
eeee00000000bbbb55550000
eeee00000000bbbb55550000
eeee00000000bbbb65650000
eeee00000000bbbb66660000
eeee00000000bbbb66660000
eeee00000000cbcb66660000
eeee00000000cccc66660000
eeee00000000cccc76760000
eeee00000000cccc77770000
eeee00000000cccc77770000
eeee00000000cccc77770000
eeee00000000cccc77770000
eeee00000000cccc77770000
eeee00000000cccc77770000
eeee00000000cccc77770000
eeee00000000cccc77770000
dede00000000ccdc77870000
cdcd00000000dcdd87880010
bcbc00000000dddd88881011
abab00000000dddd88881111
9a8a00000000dddd88881111
797800000000dddd88881111
676700000000dddd88881111
665600000000dddd88881111
767500000000dddd88881121
979700000000dddd88882122
a9a900000000dddd88882222
baba00000000dddd88982222
cbcb00000000dddd88992222
dcdc00000000dddd98992222
eded00000000dddd99992222
eeee00000000dddd99992232
eeee00000000dddd99992233
eeee00000000dddd99992233
eeee00000000dddd99992233
eeee00000000dddd99992233
eeee00000000dddd99992233
eeee00000000dddd99992233
eeee00000000dddd89992223
eeee00000000dddd88992222
eeee00000000dddd88892222
eeee00000000dddd88882222
eeee00000000dddd88882222
eeee00000000dddd88881222
eeee00000000dddd88881112
eeee00000000dddd88881111
eeee00000000dddd88881111
eeee00000000dddd88881111
eeee00000000dddd88881111
eeee00000000dddd88881111
eeee00000000cddd78881111
eeee00000000cccd77780101
eeee00000000cccc77770000
eeee00000000cccc77770000
eeee00000000cccc77770000
eeee00000000cccc77770000
eeee00000000cccc77770000
eeee00000000cccc77770000
eeee00000000cccc77770000
eeee00000000cccc77770000
eeee00000000cccc67670000
eeee00000000cccc66660000
eeee00000000bcbc66660000
eeee00000000bbbb66660000
eeee00000000bbbb66660000
eeee00000000bbbb66660000
eeee00000000bbbb56660000
eeee00000000bbbb55560000
eeee00000000bbbb55550000
eeee00000000bbbb45450000
eeee00000000bbbb44440000
dede00000000bbbb44440000
cddd00000000bbbb34340000
bccd00000000bbbb33330000
abbc00000000abab33330000
9aab00000000aaaa23230000
899a00000000aaaa22220000
788900000000aaaa22220000
677800000000aaaa12120000
566700000000aaaa11110000
455600000000aaaa11110000
345500000000aaaa11110000
334500000000aaaa11110000
233400000000aaaa01010000
223300000000aaaa00000000
122300000000aaaa00000000
1112000000009a9a00000000
111100000000999900000000
011100000000999900000000
000100000000999900000000
000000000000999900000000
000000000000999900000000
000000000000999900000000
000000000000999900000000
000000000000999900000000
000000000000999900000000
000000000000999900000000
000000000000999900000000
000000000000999900000000
000000000000898900000000
000000000000888800000000
000000000000888800000000
000000000000888800000000
000000000000888800000000
000000000000888800000000
000000000000888800000000
000000000000888800000000
000000000000888800000000
000000000000888800000000
000000000000888800000000
000000000000888800000000
000000000000888800000000
000000000000787800000000
000000000000777700000000
655400000000777700000000
665500000000878700000000
766500000000888800000000
776600000000888800000000
877600000000888800000000
987700000000888800000000
998700000000888800000000
a99800000000888800000000
baa900000000888800000000
cbba00000000888800000000
cccb00000000888800000000
dcdc00000000888800000000
eddd00000000888800000000
eedd00000000888800000000
eeed00000000889800000000
eeee00000000989900000000
eeee00000000999900000000
eeee00000000999900000000
eeee00000000999900000000
eeee00000000999900000000
eeee00000000999900000000
eeee00000000999900000000
eeee00000000999900000000
eeee00000000999900000000
eeee10000000999900000000
eeee11000000999900000000
eeee11100000999900000000
eeee11110000a9a900000000
eeee11010000aaaa00000000
eeee11000000aaaa00000000
eeee11000000aaaa00000000
eeee11000000aaaa00100000
eeee01000000aaaa10110000
eeee10000000aaaa11110000
eeee11000000aaaa11110000
eeee11000000aaaa11110000
eeee11000000aaaa21210000
eeee01000000aaaa22220000
eeee00000000aaaa22220000
eeee00000000baba22220000
eeee00000000bbbb32320000
eeee00000000bbbb33330000
eeee00000000bbbb33330000
eeee00000000bbbb43430000
eeee00000000bbbb44440000
eeee00000000bbbb44540000
eeee00000000bbbb54550000
eeee00000000bbbb55550000
eeee00000000bbbb55650000
eeee00000000bbbb65660000
eeee00000000bbbb66660000
eeee00000000cbcb66660000
eeee00000000cccc66660000
eeee00000000cccc66760000
eeee00000000cccc76770000
eeee00000000cccc77770000
eeee00000000cccc77770000
eeee00000000cccc77770000
eeee00000000cccc77770000
eeee00000000cccc77770000
eeee00000000cccc77770000
eeee00000000cccc77770000
dede00000000cccc77770000
cdcd00000000dcdc87870000
bcbc00000000dddd88881010
abab00000000dddd88881111
9a9a00000000dddd88881111
797900000000dddd88881111
676700000000dddd88881111
666600000000dddd88881111
767600000000dddd88881111
879700000000dddd88881121
98a900000000dddd88882122
b9ba00000000dddd88882222
cbcb00000000dddd88882222
dcdc00000000dddd88982222
dded00000000dddd88992222
edee00000000dddd88992222
eeee00000000dddd88992222
eeee00000000dddd88992222
eeee00000000dddd88992222
eeee00000000dddd88992222
eeee00000000dddd88992222
eeee00000000dddd88992222
eeee00000000dddd88892222
eeee00000000dddd88882222
eeee00000000dddd88882222
eeee00000000dddd88882222
eeee00000000dddd88881222
eeee00000000dddd88881112
eeee00000000dddd88881111
eeee00000000dddd88881111
eeee00000000dddd88881111
eeee00000000dddd88881111
eeee00000000dddd88881111
eeee00000000dddd88881111
eeee00000000cdcd78780111
eeee00000000cccc77770001
eeee00000000cccc77770000
eeee00000000cccc77770000
eeee00000000cccc77770000
eeee00000000cccc77770000
eeee00000000cccc77770000
eeee00000000cccc77770000
eeee00000000cccc77770000
eeee00000000cccc67770000
eeee00000000cccc66670000
eeee00000000cccc66660000
eeee00000000bcbc66660000
eeee00000000bbbb66660000
eeee00000000bbbb66660000
eeee00000000bbbb66660000
eeee00000000bbbb56560000
eeee00000000bbbb55550000
eeee00000000bbbb55550000
eeee00000000bbbb45450000
eeee00000000bbbb44440000
dede00000000bbbb44440000
cdcd00000000bbbb34340000
bcbc00000000bbbb33330000
9bab00000000abab33330000
899a00000000aaaa23230000
788900000000aaaa22220000
677800000000aaaa22220000
566700000000aaaa12120000
455600000000aaaa11110000
344500000000aaaa11110000
333400000000aaaa11110000
233300000000aaaa11110000
122300000000aaaa01010000
112200000000aaaa00000000
111200000000aaaa00000000
1111000000009a9a00000000
011100000000999900000000
000100000000999900000000
000000000000999900000000
000000000000999900000000
000000000000999900000000
000000000000999900000000
000000000000999900000000
000000000000999900000000
000000000000999900000000
000000000000999900000000
000000000000999900000000
000000000000899900000000
000000000000888900000000
000000000000888800000000
000000000000888800000000
000000000000888800000000
000000000000888800000000
000000000000888800000000
000000000000888800000000
000000000000888800000000
000000000000888800000000
000000000000888800000000
000000000000888800000000
000000000000888800000000
000000000000888800000000
000000000000787800000000
000000000000777700000000
766500000000777700000000
876600000000878700000000
887600000000888800000000
987700000000888800000000
998700000000888800000000
a99800000000888800000000
ba9900000000888800000000
bba900000000888800000000
cbba00000000888800000000
cccb00000000888800000000
dccc00000000888800000000
eddc00000000888800000000
eeed00000000888800000000
eeee00000000888800000000
eeee00000000888800000000
eeee00000000989800000000
eeee00000000999900000000
eeee00000000999900000000
eeee00000000999900000000
eeee00000000999900000000
eeee00000000999900000000
eeee00000000999900000000
eeee00000000999900000000
eeee10000000999900000000
eeee21100000999900000000
eeee22110000999900000000
eeee22110000999900000000
eeee22110000a9a900000000
eeee22110000aaaa00000000
eeee22110000aaaa00000000
eeee22110000aaaa00000000
eeee12110000aaaa00000000
eeee11010000aaaa10100000
eeee21100000aaaa11110000
eeee22110000aaaa11110000
eeee22110000aaaa11110000
eeee12110000aaaa11210000
eeee11010000aaaa21220000
eeee01000000aaaa22220000
eeee00000000baba22220000
eeee00000000bbbb32320000
eeee00000000bbbb33330000
eeee00000000bbbb33330000
eeee00000000bbbb43430000
eeee00000000bbbb44440000
eeee00000000bbbb44440000
eeee00000000bbbb54540000
eeee00000000bbbb55550000
eeee00000000bbbb55550000
eeee00000000bbbb65650000
eeee00000000bbbb66660000
eeee00000000cbcb66660000
eeee00000000cccc66660000
eeee00000000cccc66660000
eeee00000000cccc76760000
eeee00000000cccc77770000
eeee00000000cccc77770000
eeee00000000cccc77770000
eeee00000000cccc77770000
eeee00000000cccc77770000
eeee00000000cccc77770000
eeee00000000cccc77770000
dede00000000cccc77770000
cdcd00000000ccdc77870000
bcbc00000000dcdd87880010
abab00000000dddd88881011
8a9a00000000dddd88881111
787900000000dddd88881111
676700000000dddd88881111
566600000000dddd88881111
757600000000dddd88881111
878700000000dddd88881111
989800000000dddd88881121
a9b900000000dddd88881122
bacb00000000dddd88882122
cbdc00000000dddd88882222
dcdd00000000dddd88882222
eded00000000dddd88882222
eeee00000000dddd88882222
eeee00000000dddd88882222
eeee00000000dddd88882222
eeee00000000dddd88882222
eeee00000000dddd88882222
eeee00000000dddd88882222
eeee00000000dddd88882222
eeee00000000dddd88882222
eeee00000000dddd88882222
eeee00000000dddd88881222
eeee00000000dddd88881112
eeee00000000dddd88881111
eeee00000000dddd88881111
eeee00000000dddd88881111
eeee00000000dddd88881111
eeee00000000dddd88881111
eeee00000000dddd88881111
eeee00000000cddd78880111
eeee00000000cccd77780001
eeee00000000cccc77770000
eeee00000000cccc77770000
eeee00000000cccc77770000
eeee00000000cccc77770000
eeee00000000cccc77770000
eeee00000000cccc77770000
eeee00000000cccc77770000
eeee00000000cccc77770000
eeee00000000cccc67670000
eeee00000000cccc66660000
eeee00000000cccc66660000
eeee00000000bcbc66660000
eeee00000000bbbb66660000
eeee00000000bbbb66660000
eeee00000000bbbb66660000
eeee00000000bbbb56560000
eeee00000000bbbb55550000
eeee00000000bbbb55550000
eeee00000000bbbb45450000
deee00000000bbbb44440000
cdde00000000bbbb44440000
bccd00000000bbbb34340000
abbc00000000bbbb33330000
9a9b00000000abab23330000
798900000000aaaa22230000
677800000000aaaa22220000
566700000000aaaa22220000
455600000000aaaa12120000
344500000000aaaa11110000
333400000000aaaa11110000
233300000000aaaa11110000
122300000000aaaa01110000
111200000000aaaa00010000
111100000000aaaa00000000
011100000000aaaa00000000
0011000000009a9a00000000
000100000000999900000000
000000000000999900000000
000000000000999900000000
000000000000999900000000
000000000000999900000000
000000000000999900000000
000000000000999900000000
000000000000999900000000
000000000000999900000000
000000000000999900000000
000000000000999900000000
000000000000898900000000
000000000000888800000000
000000000000888800000000
000000000000888800000000
000000000000888800000000
000000000000888800000000
000000000000888800000000
000000000000888800000000
000000000000888800000000
000000000000888800000000
000000000000888800000000
000000000000888800000000
000000000000888800000000
000000000000888800000000
000000000000787800000000
000000000000777700000000
877600000000777700000000
988700000000878700000000
a98800000000888800000000
aa9800000000888800000000
ba9900000000888800000000
bba900000000888800000000
cbba00000000888800000000
ccbb00000000888800000000
dccb00000000888800000000
ddcc00000000888800000000
eddc00000000888800000000
eeed00000000888800000000
eeee00000000888800000000
eeee00000000888800000000
eeee00000000888800000000
eeee00000000989800000000
eeee00000000999900000000
eeee00000000999900000000
eeee00000000999900000000
eeee10000000999900000000
eeee11000000999900000000
eeee11000000999900000000
eeee11000000999900000000
eeee21100000999900000000
eeee32210000999900000000
eeee43220000999900000000
eeee44220000999900000000
eeee44220000a9a900000000
eeee34220000aaaa00000000
eeee33220000aaaa00000000
eeee33220000aaaa00000000
eeee33120000aaaa00000000
eeee33110000aaaa10100000
eeee33210000aaaa11110000
eeee33220000aaaa11110000
eeee33220000aaaa11110000
eeee23120000aaaa11110000
eeee12110000aaaa21210000
eeee11010000aaaa22220000
eeee11000000aaba22220000
eeee01000000babb22320000
eeee00000000bbbb32330000
eeee00000000bbbb33330000
eeee00000000bbbb33430000
eeee00000000bbbb43440000
eeee00000000bbbb44440000
eeee00000000bbbb44540000
eeee00000000bbbb54550000
eeee00000000bbbb55550000
eeee00000000bbbb65650000
eeee00000000bbbb66660000
eeee00000000bbcb66660000
eeee00000000cbcc66660000
eeee00000000cccc66660000
eeee00000000cccc76760000
eeee00000000cccc77770000
eeee00000000cccc77770000
eeee00000000cccc77770000
eeee00000000cccc77770000
eeee00000000cccc77770000
eeee00000000cccc77770000
eeee00000000cccc77770000
dede00000000cccc77770000
cdcd00000000cccc77770000
bcbc00000000ccdc77870000
9bab00000000dcdd87880010
898a00000000dddd88881011
787800000000dddd88881111
576700000000dddd88881111
555600000000dddd88881111
657500000000dddd88881111
768700000000dddd88881111
879800000000dddd88881111
a8a900000000dddd88881111
baba00000000dddd88881121
cbcb00000000dddd88881122
dcdc00000000dddd88881122
eded00000000dddd88882122
eeee00000000dddd88882222
eeee00000000dddd88882222
eeee00000000dddd88882222
eeee00000000dddd88881222
eeee00000000dddd88881122
eeee00000000dddd88881122
eeee00000000dddd88881122
eeee00000000dddd88881122
eeee00000000dddd88881122
eeee00000000dddd88881112
eeee00000000dddd88881111
eeee00000000dddd88881111
eeee00000000dddd88881111
eeee00000000dddd88881111
eeee00000000dddd88881111
eeee00000000dddd88881111
eeee00000000cddd78881111
eeee00000000cccd77780101
eeee00000000cccc77770000
eeee00000000cccc77770000
eeee00000000cccc77770000
eeee00000000cccc77770000
eeee00000000cccc77770000
eeee00000000cccc77770000
eeee00000000cccc77770000
eeee00000000cccc77770000
eeee00000000cccc77770000
eeee00000000cccc67670000
eeee00000000cccc66660000
eeee00000000bccc66660000
eeee00000000bbbc66660000
eeee00000000bbbb66660000
eeee00000000bbbb66660000
eeee00000000bbbb56660000
eeee00000000bbbb55560000
eeee00000000bbbb55550000
eeee00000000bbbb55550000
eeee00000000bbbb45450000
dede00000000bbbb44440000
cdcd00000000bbbb34440000
bcbc00000000bbbb33340000
9bab00000000abbb33330000
899a00000000aaab23230000
787900000000aaaa22220000
676700000000aaaa22220000
465600000000aaaa22220000
344500000000aaaa12120000
233400000000aaaa11110000
223300000000aaaa11110000
122300000000aaaa11110000
111200000000aaaa01010000
111100000000aaaa00000000
011100000000aaaa00000000
000100000000aaaa00000000
0000000000009a9a00000000
000000000000999900000000
000000000000999900000000
000000000000999900000000
000000000000999900000000
000000000000999900000000
000000000000999900000000
000000000000999900000000
000000000000999900000000
000000000000999900000000
000000000000999900000000
000000000000999900000000
000000000000898900000000
000000000000888800000000
000000000000888800000000
000000000000888800000000
000000000000888800000000
000000000000888800000000
000000000000888800000000
000000000000888800000000
000000000000888800000000
000000000000888800000000
000000000000888800000000
000000000000888800000000
000000000000888800000000
000000000000888800000000
000000000000787800000000
000000000000777700000000
988700000000777700000000
a99800000000878700000000
baa900000000888800000000
bbaa00000000888800000000
cbba00000000888800000000
ccbb00000000888800000000
dccb00000000888800000000
ddcc00000000888800000000
eddc00000000888800000000
eedd00000000888800000000
eeed00000000888800000000
eeee00000000888800000000
eeee00000000888800000000
eeee00000000888800000000
eeee00000000888800000000
eeee00000000989800000000
eeee00000000999900000000
eeee00000000999900000000
eeee10000000999900000000
eeee11100000999900000000
eeee21110000999900000000
eeee12110000999900000000
eeee21110000999900000000
eeee32210000999900000000
eeee43320000999900000000
eeee54430000999900000000
eeee65440000999900000000
eeee66440000a9a900000000
eeee56340000aaaa00000000
eeee55330000aaaa00000000
eeee55330000aaaa00000000
eeee45330000aaaa00000000
eeee54330000aaaa10100000
eeee55330000aaaa11110000
eeee55330000aaaa11110000
eeee45330000aaaa11110000
eeee34230000aaaa11110000
eeee23120000aaaa21210000
eeee22110000aaaa22220000
eeee12110000aaaa22220000
eeee01010000baba22220000
eeee00000000bbbb32320000
eeee00000000bbbb33330000
eeee00000000bbbb33330000
eeee00000000bbbb43430000
eeee00000000bbbb44440000
eeee00000000bbbb44440000
eeee00000000bbbb54540000
eeee00000000bbbb55550000
eeee00000000bbbb55650000
eeee00000000bbbb65660000
eeee00000000bbbb66660000
eeee00000000cbcb66660000
eeee00000000cccc66660000
eeee00000000cccc66760000
eeee00000000cccc76770000
eeee00000000cccc77770000
eeee00000000cccc77770000
eeee00000000cccc77770000
eeee00000000cccc77770000
eeee00000000cccc77770000
eeee00000000cccc77770000
dede00000000cccc77770000
cdcd00000000cccc77770000
bcbc00000000cccc77770000
9b9b00000000ccdc77870000
898900000000dcdd87880010
787800000000dddd88881011
575700000000dddd88881111
455500000000dddd88881111
546500000000dddd88881111
757600000000dddd88881111
878700000000dddd88881111
98a800000000dddd88881111
b9ba00000000dddd88881111
cbcb00000000dddd88881111
dcdc00000000dddd88881111
eded00000000dddd88881121
eeee00000000dddd88881122
eeee00000000dddd88881122
eeee00000000dddd88881122
eeee00000000dddd88881112
eeee00000000dddd88881111
eeee00000000dddd88881111
eeee00000000dddd88881111
eeee00000000dddd88881111
eeee00000000dddd88881111
eeee00000000dddd88881111
eeee00000000dddd88881111
eeee00000000dddd88881111
eeee00000000dddd88881111
eeee00000000dddd88881111
eeee00000000dddd88881111
eeee00000000cddd78881111
eeee00000000cccd77780111
eeee00000000cccc77770001
eeee00000000cccc77770000
eeee00000000cccc77770000
eeee00000000cccc77770000
eeee00000000cccc77770000
eeee00000000cccc77770000
eeee00000000cccc77770000
eeee00000000cccc77770000
eeee00000000cccc77770000
eeee00000000cccc67770000
eeee00000000cccc66670000
eeee00000000cccc66660000
eeee00000000bcbc66660000
eeee00000000bbbb66660000
eeee00000000bbbb66660000
eeee00000000bbbb66660000
eeee00000000bbbb56560000
eeee00000000bbbb55550000
eeee00000000bbbb55550000
eeee00000000bbbb45550000
eeee00000000bbbb44450000
dede00000000bbbb44440000
cdcd00000000bbbb34340000
bcbc00000000bbbb33330000
9b9b00000000abab33330000
898900000000aaaa23230000
687800000000aaaa22220000
566700000000aaaa22220000
454600000000aaaa12220000
343400000000aaaa11120000
232300000000aaaa11110000
122200000000aaaa11110000
111200000000aaaa11110000
111100000000aaaa01010000
011100000000aaaa00000000
000100000000aaaa00000000
000000000000aaaa00000000
0000000000009a9a00000000
000000000000999900000000
000000000000999900000000
000000000000999900000000
000000000000999900000000
000000000000999900000000
000000000000999900000000
000000000000999900000000
000000000000999900000000
000000000000999900000000
000000000000999900000000
000000000000999900000000
000000000000898900000000
000000000000888800000000
000000000000888800000000
000000000000888800000000
000000000000888800000000
000000000000888800000000
000000000000888800000000
000000000000888800000000
000000000000888800000000
000000000000888800000000
000000000000888800000000
000000000000888800000000
000000000000888800000000
000000000000888800000000
000000000000787800000000
000000000000777700000000
989800000000777700000000
a9a900000000778700000000
baba00000000878800000000
cbbb00000000888800000000
dccb00000000888800000000
ddcc00000000888800000000
eddc00000000888800000000
eedd00000000888800000000
eeed00000000888800000000
eeee00000000888800000000
eeee00000000888800000000
eeee00000000888800000000
eeee00000000888800000000
eeee00000000888800000000
eeee00000000888800000000
eeee00000000989800000000
eeee10000000999900000000
eeee11000000999900000000
eeee21100000999900000000
eeee32110000999900000000
eeee33210000999900000000
eeee33120000999900000000
eeee33210000999900000000
eeee43320000999900000000
eeee64430000999900000000
eeee76540000999900000000
eeee77650000999900000000
eeee7766000099a900000000
eeee77560000a9aa00000000
eeee77550000aaaa00000000
eeee67550000aaaa00000000
eeee66450000aaaa00000000
eeee76540000aaaa00100000
eeee77550000aaaa10110000
eeee67550000aaaa11110000
eeee56450000aaaa11110000
eeee45340000aaaa11110000
eeee34230000aaaa11210000
eeee23220000aaaa21220000
eeee22120000aaaa22220000
eeee12010000baba22220000
eeee01000000bbbb32320000
eeee00000000bbbb33330000
eeee00000000bbbb33330000
eeee00000000bbbb33430000
eeee00000000bbbb43440000
eeee00000000bbbb44440000
eeee00000000bbbb54540000
eeee00000000bbbb55550000
eeee00000000bbbb55550000
eeee00000000bbbb65650000
eeee00000000bbbb66660000
eeee00000000cbcb66660000
eeee00000000cccc66660000
eeee00000000cccc66660000
eeee00000000cccc76760000
eeee00000000cccc77770000
eeee00000000cccc77770000
eeee00000000cccc77770000
eeee00000000cccc77770000
eeee00000000cccc77770000
eeee00000000cccc77770000
dede00000000cccc77770000
cdcd00000000cccc77770000
bcbc00000000cccc77770000
ab9b00000000cccc77770000
8a8900000000ccdc77870000
787800000000dcdd87880010
675700000000dddd88881011
464500000000dddd88881111
545400000000dddd88881111
657500000000dddd88881111
868700000000dddd88881111
a89800000000dddd88881111
bab900000000dddd88881111
cbcb00000000dddd88881111
dcdc00000000dddd88881111
eded00000000dddd88881111
eeee00000000dddd88881111
eeee00000000dddd88881111
eeee00000000dddd88881111
eeee00000000dddd88881111
eeee00000000dddd88881111
eeee00000000dddd88881111
eeee00000000dddd88881111
eeee00000000dddd88881111
eeee00000000dddd88881111
eeee00000000dddd88881111
eeee00000000dddd88881111
eeee00000000dddd88881111
eeee00000000dddd88881111
eeee00000000dddd88881111
eeee00000000cddd78881111
eeee00000000cccd77780111
eeee00000000cccc77770001
eeee00000000cccc77770000
eeee00000000cccc77770000
eeee00000000cccc77770000
eeee00000000cccc77770000
eeee00000000cccc77770000
eeee00000000cccc77770000
eeee00000000cccc77770000
eeee00000000cccc77770000
eeee00000000cccc77770000
eeee00000000cccc67670000
eeee00000000cccc66660000
eeee00000000cccc66660000
eeee00000000bcbc66660000
eeee00000000bbbb66660000
eeee00000000bbbb66660000
eeee00000000bbbb66660000
eeee00000000bbbb56560000
eeee00000000bbbb55550000
eeee00000000bbbb55550000
eeee00000000bbbb45450000
eeee00000000bbbb44440000
dede00000000bbbb44440000
cdcd00000000bbbb34340000
acbc00000000bbbb33330000
9a9b00000000abab33330000
798900000000aaaa23230000
676800000000aaaa22220000
565600000000aaaa22220000
454500000000aaaa12120000
343400000000aaaa11110000
232300000000aaaa11110000
121200000000aaaa11110000
111100000000aaaa11110000
011100000000aaaa01010000
000100000000aaaa00000000
000000000000aaaa00000000
0000000000009aaa00000000
000000000000999a00000000
000000000000999900000000
000000000000999900000000
000000000000999900000000
000000000000999900000000
000000000000999900000000
000000000000999900000000
000000000000999900000000
000000000000999900000000
000000000000999900000000
000000000000999900000000
000000000000999900000000
000000000000898900000000
000000000000888800000000
000000000000888800000000
000000000000888800000000
000000000000888800000000
000000000000888800000000
000000000000888800000000
000000000000888800000000
000000000000888800000000
000000000000888800000000
000000000000888800000000
000000000000888800000000
000000000000888800000000
000000000000788800000000
000000000000777800000000
000000000000777700000000
989800000000777700000000
a9a900000000777700000000
caba00000000878700000000
dccb00000000888800000000
dddc00000000888800000000
eddd00000000888800000000
eeed00000000888800000000
eeee00000000888800000000
eeee00000000888800000000
eeee00000000888800000000
eeee00000000888800000000
eeee00000000888800000000
eeee00000000888800000000
eeee00000000888800000000
eeee00000000888800000000
eeee10000000989800000000
eeee11100000999900000000
eeee21110000999900000000
eeee32210000999900000000
eeee43320000999900000000
eeee54330000999900000000
eeee55330000999900000000
eeee55330000999900000000
eeee65430000999900000000
eeee76640000999900000000
eeee87760000999900000000
eeee98770000999900000000
eeee99770000999900000000
eeee89770000a9a900000000
eeee88770000aaaa00000000
eeee88670000aaaa00000000
eeee88660000aaaa00000000
eeee88760000aaaa00000000
eeee88770000aaaa10100000
eeee78670000aaaa11110000
eeee77560000aaaa11110000
eeee57450000aaaa11110000
eeee55340000aaaa11110000
eeee35230000aaaa21210000
eeee23220000aaaa22220000
eeee12120000baba22220000
eeee01010000bbbb22320000
eeee00000000bbbb32330000
eeee00000000bbbb33330000
eeee00000000bbbb33330000
eeee00000000bbbb43430000
eeee00000000bbbb44440000
eeee00000000bbbb44540000
eeee00000000bbbb54550000
eeee00000000bbbb55550000
eeee00000000bbbb55650000
eeee00000000bbbb65660000
eeee00000000bbcb66660000
eeee00000000cbcc66660000
eeee00000000cccc66660000
eeee00000000cccc66760000
eeee00000000cccc76770000
eeee00000000cccc77770000
eeee00000000cccc77770000
eeee00000000cccc77770000
eeee00000000cccc77770000
eeee00000000cccc77770000
dede00000000cccc77770000
cdcd00000000cccc77770000
bcbc00000000cccc77770000
abab00000000cccc77770000
8a8a00000000cccc77770000
787800000000ccdc77870000
676700000000ccdd77880010
564600000000dcdd87880011
555400000000dddd88881011
756500000000dddd88881111
878600000000dddd88881111
a8a800000000dddd88881111
baba00000000dddd88881111
cbcb00000000dddd88881111
dcdc00000000dddd88881111
eded00000000dddd88881111
eeee00000000dddd88881111
eeee00000000dddd88881111
eeee00000000dddd88881111
eeee00000000dddd88881111
eeee00000000dddd88881111
eeee00000000dddd88881111
eeee00000000dddd88881111
eeee00000000dddd88881111
eeee00000000dddd88881111
eeee00000000dddd88881111
eeee00000000dddd88881111
eeee00000000dddd88881111
eeee00000000cddd78881111
eeee00000000ccdd77880111
eeee00000000cccd77780011
eeee00000000cccc77770001
eeee00000000cccc77770000
eeee00000000cccc77770000
eeee00000000cccc77770000
eeee00000000cccc77770000
eeee00000000cccc77770000
eeee00000000cccc77770000
eeee00000000cccc77770000
eeee00000000cccc77770000
eeee00000000cccc77770000
eeee00000000cccc67770000
eeee00000000cccc66670000
eeee00000000cccc66660000
eeee00000000bccc66660000
eeee00000000bbbc66660000
eeee00000000bbbb66660000
eeee00000000bbbb66660000
eeee00000000bbbb56660000
eeee00000000bbbb55560000
eeee00000000bbbb55550000
eeee00000000bbbb55550000
eeee00000000bbbb45450000
deee00000000bbbb44440000
cdde00000000bbbb34440000
bccd00000000bbbb33340000
abac00000000bbbb33330000
8a9a00000000abab23330000
787900000000aaaa22230000
676700000000aaaa22220000
465600000000aaaa22220000
344500000000aaaa12120000
233400000000aaaa11110000
222300000000aaaa11110000
121200000000aaaa11110000
111100000000aaaa11110000
010100000000aaaa01010000
000000000000aaaa00000000
000000000000aaaa00000000
0000000000009a9a00000000
000000000000999900000000
000000000000999900000000
000000000000999900000000
000000000000999900000000
000000000000999900000000
000000000000999900000000
000000000000999900000000
000000000000999900000000
000000000000999900000000
000000000000999900000000
000000000000999900000000
000000000000999900000000
000000000000898900000000
000000000000888800000000
000000000000888800000000
000000000000888800000000
000000000000888800000000
000000000000888800000000
000000000000888800000000
000000000000888800000000
000000000000888800000000
000000000000888800000000
000000000000888800000000
000000000000888800000000
000000000000888800000000
000000000000787800000000
000000000000777700000000
000000000000777700000000
989800000000777700000000
a9a900000000777700000000
caca00000000878700000000
dcdc00000000888800000000
eddd00000000888800000000
eeed00000000888800000000
eeee00000000888800000000
eeee00000000888800000000
eeee00000000888800000000
eeee00000000888800000000
eeee00000000888800000000
eeee00000000888800000000
eeee00000000888800000000
eeee00000000888800000000
eeee10000000888800000000
eeee11100000989800000000
eeee21110000999900000000
eeee32210000999900000000
eeee43320000999900000000
eeee54430000999900000000
eeee65540000999900000000
eeee76550000999900000000
eeee77550000999900000000
eeee77650000999900000000
eeee87760000999900000000
eeee98870000999900000000
eeeea9980000999900000000
eeeeaa990000999900000000
eeeeaa890000a9a900000000
eeee9a880000aaaa00000000
eeee99880000aaaa00000000
eeee99880000aaaa00000000
eeee99880000aaaa00000000
eeee99880000aaaa10100000
eeee99780000aaaa11110000
eeee89770000aaaa11110000
eeee78570000aaaa11110000
eeee67550000aaaa11110000
eeee46350000aaaa21210000
eeee24230000aaaa22220000
eeee22120000aaba22220000
eeee12010000babb22220000
eeee11000000bbbb32320000
eeee01000000bbbb33330000
eeee00000000bbbb33330000
eeee00000000bbbb43430000
eeee00000000bbbb44440000
eeee00000000bbbb44440000
eeee00000000bbbb54540000
eeee00000000bbbb55550000
eeee00000000bbbb55550000
eeee00000000bbbb65650000
eeee00000000bbbb66660000
eeee00000000cbcb66660000
eeee00000000cccc66660000
eeee00000000cccc66660000
eeee00000000cccc76760000
eeee00000000cccc77770000
eeee00000000cccc77770000
eeee00000000cccc77770000
eeee00000000cccc77770000
eeee00000000cccc77770000
dede00000000cccc77770000
cdcd00000000cccc77770000
bcbc00000000cccc77770000
abab00000000cccc77770000
9a8a00000000cccc77770000
797800000000cccc77770000
676700000000cccc77770000
565600000000ccdc77870000
555500000000ccdd77880010
757500000000ccdd77880011
878700000000dcdd87881011
98a800000000dddd88881111
a9ba00000000dddd88881111
bacb00000000dddd88881111
dbdc00000000dddd88881111
eded00000000dddd88881111
eeee00000000dddd88881111
eeee00000000dddd88881111
eeee00000000dddd88881111
eeee00000000dddd88881111
eeee00000000dddd88881111
eeee00000000dddd88881111
eeee00000000dddd88881111
eeee00000000dddd88881111
eeee00000000dddd88881111
eeee00000000cddd78881111
eeee00000000ccdd77881111
eeee00000000ccdd77880111
eeee00000000cccd77780011
eeee00000000cccc77770001
eeee00000000cccc77770000
eeee00000000cccc77770000
eeee00000000cccc77770000
eeee00000000cccc77770000
eeee00000000cccc77770000
eeee00000000cccc77770000
eeee00000000cccc77770000
eeee00000000cccc77770000
eeee00000000cccc77770000
eeee00000000cccc77770000
eeee00000000cccc77770000
eeee00000000cccc67670000
eeee00000000cccc66660000
eeee00000000cccc66660000
eeee00000000bcbc66660000
eeee00000000bbbb66660000
eeee00000000bbbb66660000
eeee00000000bbbb66660000
eeee00000000bbbb56560000
eeee00000000bbbb55550000
eeee00000000bbbb55550000
deee00000000bbbb45550000
ddee00000000bbbb44450000
cdde00000000bbbb44440000
cccd00000000bbbb34340000
bcbc00000000bbbb33330000
abab00000000abbb33330000
8a8a00000000aaab23230000
787800000000aaaa22220000
576700000000aaaa22220000
454600000000aaaa12220000
343400000000aaaa11120000
232300000000aaaa11110000
122200000000aaaa11110000
111200000000aaaa11110000
011100000000aaaa11110000
000100000000aaaa01010000
000000000000aaaa00000000
000000000000aaaa00000000
0000000000009a9a00000000
000000000000999900000000
000000000000999900000000
000000000000999900000000
000000000000999900000000
000000000000999900000000
000000000000999900000000
000000000000999900000000
000000000000999900000000
000000000000999900000000
000000000000999900000000
000000000000999900000000
000000000000999900000000
000000000000898900000000
000000000000888800000000
000000000000888800000000
000000000000888800000000
000000000000888800000000
000000000000888800000000
000000000000888800000000
000000000000888800000000
000000000000888800000000
000000000000888800000000
000000000000888800000000
000000000000888800000000
000000000000888800000000
000000000000787800000000
000000000000777700000000
000000000000777700000000
989800000000777700000000
a9a900000000777700000000
caca00000000878700000000
dcdc00000000888800000000
eded00000000888800000000
eeee00000000888800000000
eeee00000000888800000000
eeee00000000888800000000
eeee00000000888800000000
eeee00000000888800000000
eeee00000000888800000000
eeee00000000888800000000
eeee10000000888800000000
eeee11000000888800000000
eeee11100000888800000000
eeee21110000989800000000
eeee32210000999900000000
eeee43320000999900000000
eeee64430000999900000000
eeee66540000999900000000
eeee86650000999900000000
eeee98760000999900000000
eeee99770000999900000000
eeee99770000999900000000
eeee99870000999900000000
eeeea9980000999900000000
eeeeaaa90000999900000000
eeeeaaaa0000999900000000
eeeeaaaa0000a9a900000000
eeeeaa9a0000aaaa00000000
eeeeaa990000aaaa00000000
eeeeaa990000aaaa00000000
eeeeaa990000aaaa00000000
eeeeaa990000aaaa00100000
eeee9a990000aaaa10110000
eeee99890000aaaa11110000
eeee89780000aaaa11110000
eeee78670000aaaa11110000
eeee57460000aaaa11210000
eeee45240000aaaa21220000
eeee34220000aaaa22220000
eeee23120000baba22220000
eeee12110000bbbb22320000
eeee11010000bbbb32330000
eeee01000000bbbb33330000
eeee00000000bbbb33430000
eeee00000000bbbb43440000
eeee00000000bbbb44440000
eeee00000000bbbb44540000
eeee00000000bbbb54550000
eeee00000000bbbb55550000
eeee00000000bbbb55650000
eeee00000000bbbb65660000
eeee00000000bbcb66660000
eeee00000000cbcc66660000
eeee00000000cccc66660000
eeee00000000cccc66760000
eeee00000000cccc76770000
eeee00000000cccc77770000
eeee00000000cccc77770000
eeee00000000cccc77770000
deee00000000cccc77770000
ddde00000000cccc77770000
cdcd00000000cccc77770000
bcbc00000000cccc77770000
9bab00000000cccc77770000
899a00000000cccc77770000
787900000000cccc77770000
676700000000cccc77770000
565600000000cccc77770000
555500000000cccc77770000
657500000000cccc77770000
768700000000ccdc77870010
979800000000ccdd77880011
a9a900000000ccdd77880011
baba00000000ccdd77881011
dbdb00000000ccdd77881111
dded00000000ccdd77881111
edee00000000ccdd77881111
eeee00000000ccdd77881111
eeee00000000ccdd77881111
eeee00000000ccdd77881111
eeee00000000ccdd77881111
eeee00000000ccdd77881111
eeee00000000ccdd77881111
eeee00000000ccdd77881111
eeee00000000ccdd77880111
eeee00000000cccd77780011
eeee00000000cccc77770011
eeee00000000cccc77770001
eeee00000000cccc77770000
eeee00000000cccc77770000
eeee00000000cccc77770000
eeee00000000cccc77770000
eeee00000000cccc77770000
eeee00000000cccc77770000
eeee00000000cccc77770000
eeee00000000cccc77770000
eeee00000000cccc77770000
eeee00000000cccc77770000
eeee00000000cccc77770000
eeee00000000cccc77770000
eeee00000000cccc67770000
eeee00000000cccc66670000
eeee00000000cccc66660000
eeee00000000bccc66660000
eeee00000000bbbc66660000
eeee00000000bbbb66660000
eeee00000000bbbb66660000
eeee00000000bbbb56660000
eeee00000000bbbb55560000
eeee00000000bbbb55550000
deee00000000bbbb55550000
ddde00000000bbbb45450000
cddd00000000bbbb44440000
bccd00000000bbbb44440000
bbcc00000000bbbb34340000
abbc00000000bbbb33330000
9aab00000000abab33330000
898a00000000aaaa23230000
687800000000aaaa22220000
565700000000aaaa22220000
454500000000aaaa12120000
343400000000aaaa11110000
232300000000aaaa11110000
121200000000aaaa11110000
111100000000aaaa11110000
010100000000aaaa11110000
000000000000aaaa01010000
000000000000aaaa00000000
000000000000aaaa00000000
0000000000009a9a00000000
000000000000999900000000
000000000000999900000000
000000000000999900000000
000000000000999900000000
000000000000999900000000
000000000000999900000000
000000000000999900000000
000000000000999900000000
000000000000999900000000
000000000000999900000000
000000000000999900000000
000000000000999900000000
000000000000898900000000
000000000000888800000000
000000000000888800000000
000000000000888800000000
000000000000888800000000
000000000000888800000000
000000000000888800000000
000000000000888800000000
000000000000888800000000
000000000000888800000000
000000000000888800000000
000000000000888800000000
000000000000888800000000
000000000000787800000000
000000000000777700000000
000000000000777700000000
a99800000000777700000000
baa900000000777700000000
cbca00000000878700000000
dcdc00000000888800000000
eded00000000888800000000
eeee00000000888800000000
eeee00000000888800000000
eeee00000000888800000000
eeee00000000888800000000
eeee00000000888800000000
eeee10000000888800000000
eeee11000000888800000000
eeee11100000888800000000
eeee21110000888800000000
eeee32110000888800000000
eeee33210000989800000000
eeee43320000999900000000
eeee54430000999900000000
eeee75640000999900000000
eeee87660000999900000000
eeee98860000999900000000
eeeea9980000999900000000
eeeeaa990000999900000000
eeeeaa990000999900000000
eeeeaa990000999900000000
eeeeaaa90000999900000000
eeeeaaaa0000999900000000
eeeeaaaa0000999900000000
eeeeaaaa0000a9a900000000
eeeeaaaa0000aaaa00000000
eeeeaaaa0000aaaa00000000
eeeeaaaa0000aaaa00000000
eeeeaaaa0000aaaa00000000
eeeeaaaa0000aaaa00000000
eeeeaa9a0000aaaa10100000
eeeeaa990000aaaa11110000
eeee9a890000aaaa11110000
eeee79780000aaaa11110000
eeee67570000aaaa11110000
eeee56450000aaaa21210000
eeee45340000aaaa22220000
eeee34230000baba22220000
eeee23120000bbbb22220000
eeee12110000bbbb32320000
eeee01010000bbbb33330000
eeee00000000bbbb33330000
eeee00000000bbbb43430000
eeee00000000bbbb44440000
eeee00000000bbbb44440000
eeee00000000bbbb54540000
eeee00000000bbbb55550000
eeee00000000bbbb55550000
eeee00000000bbbb65650000
eeee00000000bbbb66660000
eeee00000000bbcb66660000
eeee00000000cbcc66660000
eeee00000000cccc66660000
eeee00000000cccc66760000
eeee00000000cccc76770000
eeee00000000cccc77770000
eeee00000000cccc77770000
dede00000000cccc77770000
cddd00000000cccc77770000
bccd00000000cccc77770000
abbc00000000cccc77770000
9a9b00000000cccc77770000
898900000000cccc77770000
687800000000cccc77770000
566700000000cccc77770000
455600000000cccc77770000
545500000000cccc77770000
656500000000cccc77770000
767600000000cccc77770000
879700000000cccc77770000
a8a900000000cccc77770000
baba00000000cccc77770010
cbdb00000000cccc77770011
dcdd00000000cccc77770011
dded00000000cccc77770011
edee00000000cccc77770011
eeee00000000cccc77770011
eeee00000000cccc77770011
eeee00000000cccc77770011
eeee00000000cccc77770011
eeee00000000cccc77770011
eeee00000000cccc77770011
eeee00000000cccc77770001
eeee00000000cccc77770000
eeee00000000cccc77770000
eeee00000000cccc77770000
eeee00000000cccc77770000
eeee00000000cccc77770000
eeee00000000cccc77770000
eeee00000000cccc77770000
eeee00000000cccc77770000
eeee00000000cccc77770000
eeee00000000cccc77770000
eeee00000000cccc77770000
eeee00000000cccc77770000
eeee00000000cccc77770000
eeee00000000cccc77770000
eeee00000000cccc67770000
eeee00000000cccc66670000
eeee00000000cccc66660000
eeee00000000bccc66660000
eeee00000000bbbc66660000
eeee00000000bbbb66660000
eeee00000000bbbb66660000
eeee00000000bbbb66660000
deee00000000bbbb56560000
ddee00000000bbbb55550000
ddee00000000bbbb55550000
cdde00000000bbbb45550000
ccdd00000000bbbb44450000
bccd00000000bbbb44440000
abbc00000000bbbb34440000
aabb00000000bbbb33340000
9aab00000000bbbb33330000
899a00000000abab23330000
788900000000aaaa22230000
676800000000aaaa22220000
565600000000aaaa22220000
454500000000aaaa12120000
343400000000aaaa11110000
232300000000aaaa11110000
121200000000aaaa11110000
111100000000aaaa11110000
010100000000aaaa01110000
000000000000aaaa00010000
000000000000aaaa00000000
000000000000aaaa00000000
0000000000009a9a00000000
000000000000999900000000
000000000000999900000000
000000000000999900000000
000000000000999900000000
000000000000999900000000
000000000000999900000000
000000000000999900000000
000000000000999900000000
000000000000999900000000
000000000000999900000000
000000000000999900000000
000000000000999900000000
000000000000898900000000
000000000000888800000000
000000000000888800000000
000000000000888800000000
000000000000888800000000
000000000000888800000000
000000000000888800000000
000000000000888800000000
000000000000888800000000
000000000000888800000000
000000000000888800000000
000000000000888800000000
000000000000888800000000
000000000000787800000000
000000000000777700000000
000000000000777700000000
baa900000000777700000000
cbba00000000777700000000
dccb00000000878700000000
dddc00000000888800000000
eded00000000888800000000
eeee00000000888800000000
eeee00000000888800000000
eeee00000000888800000000
eeee00000000888800000000
eeee00000000888800000000
eeee10100000888800000000
eeee21110000888800000000
eeee32110000888800000000
eeee33210000888800000000
eeee43320000888800000000
eeee54330000889800000000
eeee65430000989900000000
eeee76540000999900000000
eeee87750000999900000000
eeee98870000999900000000
eeeea9980000999900000000
eeeeaaa90000999900000000
eeeeaaaa0000999900000000
eeeeaaaa0000999900000000
eeeeaaaa0000999900000000
eeeeaaaa0000999900000000
eeeeaaaa0000999900000000
eeeeaaaa0000999900000000
eeeeaaaa000099a900000000
eeeeaaaa0000a9aa00000000
eeeeaaaa0000aaaa00000000
eeeeaaaa0000aaaa00000000
eeeeaaaa0000aaaa00000000
eeeeaaaa0000aaaa00000000
eeeeaaaa0000aaaa10100000
eeeeaaaa0000aaaa11110000
eeee9a9a0000aaaa11110000
eeee89790000aaaa11110000
eeee78670000aaaa11110000
eeee67560000aaaa21210000
eeee56450000aaaa22220000
eeee45340000aaba22220000
eeee24230000babb22220000
eeee12120000bbbb32320000
eeee11010000bbbb33330000
eeee01000000bbbb33330000
eeee00000000bbbb43430000
eeee00000000bbbb44440000
eeee00000000bbbb44440000
eeee00000000bbbb44540000
eeee00000000bbbb54550000
eeee00000000bbbb55550000
eeee00000000bbbb55650000
eeee00000000bbbb65660000
eeee00000000bbbb66660000
eeee00000000bbcb66660000
eeee00000000cbcc66660000
eeee00000000cccc66660000
eeee00000000cccc66760000
eeee00000000cccc76770000
eeee00000000cccc77770000
dede00000000cccc77770000
cdcd00000000cccc77770000
bcbc00000000cccc77770000
abab00000000cccc77770000
8a9a00000000cccc77770000
788900000000cccc77770000
676800000000cccc77770000
565600000000cccc77770000
454500000000cccc77770000
445400000000cccc77770000
546500000000cccc77770000
757600000000cccc77770000
878700000000cccc77770000
a8a800000000cccc77770000
baba00000000cccc77770000
cbcb00000000cccc77770000
ccdc00000000cccc77770000
dcdd00000000cccc77770000
dded00000000cccc77770000
ddee00000000cccc77770000
edee00000000cccc77770000
eeee00000000cccc77770000
eeee00000000cccc77770000
eeee00000000cccc77770000
eeee00000000cccc77770000
eeee00000000cccc77770000
eeee00000000cccc77770000
eeee00000000cccc77770000
eeee00000000cccc77770000
eeee00000000cccc77770000
eeee00000000cccc77770000
eeee00000000cccc77770000
eeee00000000cccc77770000
eeee00000000cccc77770000
eeee00000000cccc77770000
eeee00000000cccc77770000
eeee00000000cccc77770000
eeee00000000cccc77770000
eeee00000000cccc77770000
eeee00000000cccc67770000
eeee00000000cccc66670000
eeee00000000cccc66660000
eeee00000000bccc66660000
eeee00000000bbbc66660000
eeee00000000bbbb66660000
eeee00000000bbbb66660000
eeee00000000bbbb66660000
deee00000000bbbb56660000
ddde00000000bbbb55560000
cddd00000000bbbb55550000
ccdd00000000bbbb55550000
cccd00000000bbbb45450000
bccc00000000bbbb44440000
abbc00000000bbbb44440000
9aab00000000bbbb34340000
99aa00000000bbbb33330000
899a00000000abbb33330000
788900000000aaab23230000
677800000000aaaa22220000
566700000000aaaa22220000
455600000000aaaa22220000
344500000000aaaa12120000
233400000000aaaa11110000
222300000000aaaa11110000
121200000000aaaa11110000
111100000000aaaa11110000
010100000000aaaa01010000
000000000000aaaa00000000
000000000000aaaa00000000
0000000000009aaa00000000
000000000000999a00000000
000000000000999900000000
000000000000999900000000
000000000000999900000000
000000000000999900000000
000000000000999900000000
000000000000999900000000
000000000000999900000000
000000000000999900000000
000000000000999900000000
000000000000999900000000
000000000000999900000000
000000000000899900000000
000000000000888900000000
000000000000888800000000
000000000000888800000000
000000000000888800000000
000000000000888800000000
000000000000888800000000
000000000000888800000000
000000000000888800000000
000000000000888800000000
000000000000888800000000
000000000000888800000000
000000000000888800000000
000000000000888800000000
000000000000787800000000
000000000000777700000000
000000000000777700000000
cbba00000000777700000000
cccb00000000777700000000
dcdc00000000878700000000
eddd00000000888800000000
eeed00000000888800000000
eeee00000000888800000000
eeee00000000888800000000
eeee00000000888800000000
eeee00000000888800000000
eeee00000000888800000000
eeee10100000888800000000
eeee21210000888800000000
eeee32320000888800000000
eeee53330000888800000000
eeee65430000888800000000
eeee76540000888800000000
eeee87650000989800000000
eeee88760000999900000000
eeee98870000999900000000
eeeea9980000999900000000
eeeeaaa90000999900000000
eeeeaaaa0000999900000000
eeeeaaaa0000999900000000
eeeeaaaa0000999900000000
eeeeaaaa0000999900000000
eeeeaaaa0000999900000000
eeeeaaaa0000999900000000
eeeeaaaa0000999900000000
eeeeaaaa0000999900000000
eeeeaaaa0000a9a900000000
eeeeaaaa0000aaaa00000000
eeeeaaaa0000aaaa00000000
eeeeaaaa0000aaaa00000000
eeeeaaaa0000aaaa00000000
eeeeaaaa0000aaaa00100000
eeeeaaaa0000aaaa10110000
eeeeaa9a0000aaaa11110000
eeee9a890000aaaa11110000
eeee99780000aaaa11110000
eeee79670000aaaa11210000
eeee67560000aaaa21220000
eeee46450000aaaa22220000
eeee34240000baba22220000
eeee23120000bbbb22320000
eeee12110000bbbb32330000
eeee01010000bbbb33330000
eeee00000000bbbb33430000
eeee00000000bbbb43440000
eeee00000000bbbb44440000
eeee00000000bbbb44440000
eeee00000000bbbb54540000
eeee00000000bbbb55550000
eeee00000000bbbb55550000
eeee00000000bbbb55650000
eeee00000000bbbb65660000
eeee00000000bbbb66660000
eeee00000000bbcb66660000
eeee00000000cbcc66660000
eeee00000000cccc66660000
eeee00000000cccc66760000
deee00000000cccc76770000
cdde00000000cccc77770000
bccd00000000cccc77770000
abbc00000000cccc77770000
9aab00000000cccc77770000
898a00000000cccc77770000
787800000000cccc77770000
576700000000cccc77770000
455600000000cccc77770000
344500000000cccc77770000
434400000000cccc77770000
545400000000cccc77770000
757500000000cccc77770000
878700000000cccc77770000
98a800000000cccc77770000
a9ba00000000cccc77770000
bacb00000000cccc77770000
cbcc00000000cccc77770000
ccdc00000000cccc77770000
dcdd00000000cccc77770000
dddd00000000cccc77770000
dded00000000cccc77770000
ddee00000000cccc77770000
edee00000000cccc77770000
eeee00000000cccc77770000
eeee00000000cccc77770000
eeee00000000cccc77770000
eeee00000000cccc77770000
eeee00000000cccc77770000
eeee00000000cccc77770000
eeee00000000cccc77770000
eeee00000000cccc77770000
eeee00000000cccc77770000
eeee00000000cccc77770000
eeee00000000cccc77770000
eeee00000000cccc77770000
eeee00000000cccc77770000
eeee00000000cccc77770000
eeee00000000cccc77770000
eeee00000000cccc67770000
eeee00000000cccc66670000
eeee00000000cccc66660000
deee00000000bccc66660000
ddee00000000bbbc66660000
ddee00000000bbbb66660000
edee00000000bbbb66660000
eeee00000000bbbb66660000
deee00000000bbbb56660000
ddde00000000bbbb55560000
cddd00000000bbbb55550000
bccd00000000bbbb55550000
bbcc00000000bbbb45550000
bbcc00000000bbbb44450000
abbc00000000bbbb44440000
9aab00000000bbbb34440000
899a00000000bbbb33340000
889900000000bbbb33330000
788900000000abab33330000
677800000000aaaa23230000
566700000000aaaa22220000
555600000000aaaa22220000
454500000000aaaa12220000
343400000000aaaa11120000
232300000000aaaa11110000
122200000000aaaa11110000
111200000000aaaa11110000
011100000000aaaa11110000
000100000000aaaa01010000
000000000000aaaa00000000
000000000000aaaa00000000
0000000000009a9a00000000
000000000000999900000000
000000000000999900000000
000000000000999900000000
000000000000999900000000
000000000000999900000000
000000000000999900000000
000000000000999900000000
000000000000999900000000
000000000000999900000000
000000000000999900000000
000000000000999900000000
000000000000999900000000
000000000000898900000000
000000000000888800000000
000000000000888800000000
000000000000888800000000
000000000000888800000000
000000000000888800000000
000000000000888800000000
000000000000888800000000
000000000000888800000000
000000000000888800000000
000000000000888800000000
000000000000888800000000
000000000000888800000000
000000000000888800000000
000000000000787800000000
000000000000777700000000
000000000000777700000000
dccb00000000777700000000
ddcc00000000777700000000
eddc00000000878700000000
eeed00000000888800000000
eeee00000000888800000000
eeee00000000888800000000
eeee00000000888800000000
eeee00000000888800000000
eeee00000000888800000000
eeee00000000888800000000
eeee10100000888800000000
eeee21210000888800000000
eeee32320000888800000000
eeee53530000888800000000
eeee75650000888800000000
eeee87760000888800000000
eeee98870000989800000000
eeee99880000999900000000
eeeea9980000999900000000
eeeeaaa90000999900000000
eeeeaaaa0000999900000000
eeeeaaaa0000999900000000
eeeeaaaa0000999900000000
eeeeaaaa0000999900000000
eeeeaaaa0000999900000000
eeeeaaaa0000999900000000
eeeeaaaa0000999900000000
eeeeaaaa0000999900000000
eeeeaaaa0000999900000000
eeeeaaaa0000a9a900000000
eeeeaaaa0000aaaa00000000
eeeeaaaa0000aaaa00000000
eeeeaaaa0000aaaa00000000
eeeeaaaa0000aaaa00000000
eeeeaaaa0000aaaa00000000
eeeeaaaa0000aaaa10100000
eeeeaaaa0000aaaa11110000
eeeeaa9a0000aaaa11110000
eeee9a990000aaaa11110000
eeee89790000aaaa11110000
eeee78670000aaaa21210000
eeee57460000aaaa22220000
eeee35340000aaba22220000
eeee23230000babb22220000
eeee12120000bbbb32320000
eeee01010000bbbb33330000
eeee00000000bbbb33330000
eeee00000000bbbb43430000
eeee00000000bbbb44440000
eeee00000000bbbb44440000
eeee00000000bbbb44540000
eeee00000000bbbb54550000
eeee00000000bbbb55550000
eeee00000000bbbb55550000
eeee00000000bbbb55650000
eeee00000000bbbb65660000
eeee00000000bbbb66660000
eeee00000000bbcb66660000
eeee00000000cbcc66660000
eeee00000000cccc66660000
dede00000000cccc66760000
cdcd00000000cccc66770000
bcbc00000000cccc76770000
abab00000000cccc77770000
8a9a00000000cccc77770000
788900000000cccc77770000
677800000000cccc77770000
565700000000cccc77770000
454500000000cccc77770000
343400000000cccc77770000
434300000000cccc77770000
545400000000cccc77770000
757500000000cccc77770000
878700000000cccc77770000
989800000000cccc77770000
99a900000000cccc77770000
a9ba00000000cccc77770000
bacb00000000cccc77770000
bbcc00000000cccc77770000
bbdc00000000cccc77770000
cbdd00000000cccc77770000
ccdd00000000cccc77770000
dcdd00000000cccc77770000
dded00000000cccc77770000
ddee00000000cccc77770000
ddee00000000cccc77770000
edee00000000cccc77770000
eeee00000000cccc77770000
eeee00000000cccc77770000
eeee00000000cccc77770000
eeee00000000cccc77770000
eeee00000000cccc77770000
eeee00000000cccc77770000
eeee00000000cccc77770000
eeee00000000cccc77770000
eeee00000000cccc77770000
eeee00000000cccc77770000
eeee00000000cccc67770000
eeee00000000cccc66770000
eeee00000000cccc66670000
deee00000000cccc66660000
ddee00000000bccc66660000
cdde00000000bbbc66660000
ccdd00000000bbbb66660000
ccdd00000000bbbb66660000
dced00000000bbbb66660000
ddee00000000bbbb66660000
ddde00000000bbbb56560000
cddd00000000bbbb55550000
bccd00000000bbbb55550000
abbc00000000bbbb45550000
9abb00000000bbbb44450000
99bb00000000bbbb44440000
99ab00000000bbbb44440000
899a00000000bbbb34340000
788900000000bbbb33330000
678800000000abbb33330000
667800000000aaab23330000
566700000000aaaa22230000
555600000000aaaa22220000
455500000000aaaa22220000
344500000000aaaa12120000
233400000000aaaa11110000
222300000000aaaa11110000
121200000000aaaa11110000
111100000000aaaa11110000
010100000000aaaa01110000
000000000000aaaa00010000
000000000000aaaa00000000
000000000000aaaa00000000
0000000000009a9a00000000
000000000000999900000000
000000000000999900000000
000000000000999900000000
000000000000999900000000
000000000000999900000000
000000000000999900000000
000000000000999900000000
000000000000999900000000
000000000000999900000000
000000000000999900000000
000000000000999900000000
000000000000999900000000
000000000000898900000000
000000000000888800000000
000000000000888800000000
000000000000888800000000
000000000000888800000000
000000000000888800000000
000000000000888800000000
000000000000888800000000
000000000000888800000000
000000000000888800000000
000000000000888800000000
000000000000888800000000
000000000000888800000000
000000000000888800000000
000000000000787800000000
000000000000777700000000
000000000000777700000000
dddc00000000777700000000
eddd00000000777700000000
eeed00000000778700000000
eeee00000000878800000000
eeee00000000888800000000
eeee00000000888800000000
eeee00000000888800000000
eeee00000000888800000000
eeee00000000888800000000
eeee10000000888800000000
eeee21100000888800000000
eeee22210000888800000000
eeee42320000888800000000
eeee54530000888800000000
eeee75750000888800000000
eeee97870000888800000000
eeeea9980000989800000000
eeeeaa990000999900000000
eeeeaaa90000999900000000
eeeeaaaa0000999900000000
eeeeaaaa0000999900000000
eeeeaaaa0000999900000000
eeeeaaaa0000999900000000
eeeeaaaa0000999900000000
eeeeaaaa0000999900000000
eeeeaaaa0000999900000000
eeeeaaaa0000999900000000
eeeeaaaa0000999900000000
eeeeaaaa0000999900000000
eeeeaaaa000099a900000000
eeeeaaaa0000a9aa00000000
eeeeaaaa0000aaaa00000000
eeeeaaaa0000aaaa00000000
eeeeaaaa0000aaaa00000000
eeeeaaaa0000aaaa00000000
eeeeaaaa0000aaaa10100000
eeeeaaaa0000aaaa11110000
eeeeaaaa0000aaaa11110000
eeeeaa9a0000aaaa11110000
eeee9a890000aaaa11110000
eeee79780000aaaa11210000
eeee57570000aaaa21220000
eeee35350000aaaa22220000
eeee23230000baba22220000
eeee12120000bbbb22320000
eeee01010000bbbb32330000
eeee00000000bbbb33330000
eeee00000000bbbb33430000
eeee00000000bbbb43440000
eeee00000000bbbb44440000
eeee00000000bbbb44440000
eeee00000000bbbb44540000
eeee00000000bbbb54550000
eeee00000000bbbb55550000
eeee00000000bbbb55550000
eeee00000000bbbb65650000
eeee00000000bbbb66660000
eeee00000000bbbb66660000
eeee00000000bbcb66660000
eeee00000000cbcc66660000
dede00000000cccc66660000
cdcd00000000cccc66660000
bcbc00000000cccc66760000
abab00000000cccc66770000
8a8a00000000cccc76770000
787800000000cccc77770000
576700000000cccc77770000
455600000000cccc77770000
344500000000cccc77770000
333400000000cccc77770000
434300000000cccc77770000
545400000000cccc77770000
657500000000cccc77770000
768700000000cccc77770000
879800000000cccc77770000
989900000000cccc77770000
a9a900000000cccc77770000
aaba00000000cccc77770000
aabb00000000cccc77770000
aabb00000000cccc77770000
bacb00000000cccc77770000
bbcc00000000cccc77770000
cbdc00000000cccc77770000
ccdd00000000cccc77770000
ccdd00000000cccc77770000
dcdd00000000cccc77770000
dded00000000cccc77770000
ddee00000000cccc77770000
edee00000000cccc77770000
eeee00000000cccc77770000
eeee00000000cccc77770000
eeee00000000cccc77770000
eeee00000000cccc77770000
eeee00000000cccc77770000
eeee00000000cccc77770000
eeee00000000cccc67770000
eeee00000000cccc66770000
eeee00000000cccc66670000
deee00000000cccc66660000
ddee00000000cccc66660000
ddde00000000bccc66660000
cddd00000000bbbc66660000
bccd00000000bbbb66660000
bbcc00000000bbbb66660000
bbcc00000000bbbb66660000
bbdc00000000bbbb66660000
cbdd00000000bbbb56660000
ccdd00000000bbbb55560000
bccd00000000bbbb55550000
abbc00000000bbbb55550000
9aab00000000bbbb45450000
899a00000000bbbb44440000
889900000000bbbb44440000
789900000000bbbb34440000
778900000000bbbb33340000
677800000000bbbb33330000
566700000000abab23330000
556600000000aaaa22230000
455600000000aaaa22220000
445500000000aaaa22220000
344500000000aaaa12220000
333400000000aaaa11120000
232300000000aaaa11110000
122200000000aaaa11110000
111200000000aaaa11110000
111100000000aaaa11110000
010100000000aaaa01010000
000000000000aaaa00000000
000000000000aaaa00000000
0000000000009aaa00000000
000000000000999a00000000
000000000000999900000000
000000000000999900000000
000000000000999900000000
000000000000999900000000
000000000000999900000000
000000000000999900000000
000000000000999900000000
000000000000999900000000
000000000000999900000000
000000000000999900000000
000000000000999900000000
000000000000999900000000
000000000000898900000000
000000000000888800000000
000000000000888800000000
000000000000888800000000
000000000000888800000000
000000000000888800000000
000000000000888800000000
000000000000888800000000
000000000000888800000000
000000000000888800000000
000000000000888800000000
000000000000888800000000
000000000000888800000000
000000000000788800000000
000000000000777800000000
000000000000777700000000
000000000000777700000000
eedd00000000777700000000
eeed00000000777700000000
eeee00000000777700000000
eeee00000000878700000000
eeee00000000888800000000
eeee00000000888800000000
eeee00000000888800000000
eeee00000000888800000000
eeee10000000888800000000
eeee21100000888800000000
eeee22210000888800000000
eeee32220000888800000000
eeee53420000888800000000
eeee65540000888800000000
eeee76750000888800000000
eeee97970000888800000000
eeeea9a90000989800000000
eeeeaaaa0000999900000000
eeeeaaaa0000999900000000
eeeeaaaa0000999900000000
eeeeaaaa0000999900000000
eeeeaaaa0000999900000000
eeeeaaaa0000999900000000
eeeeaaaa0000999900000000
eeeeaaaa0000999900000000
eeeeaaaa0000999900000000
eeeeaaaa0000999900000000
eeeeaaaa0000999900000000
eeeeaaaa0000999900000000
eeeeaaaa0000999900000000
eeeeaaaa0000a9a900000000
eeeeaaaa0000aaaa00000000
eeeeaaaa0000aaaa00000000
eeeeaaaa0000aaaa00000000
eeeeaaaa0000aaaa00000000
eeeeaaaa0000aaaa00100000
eeeeaaaa0000aaaa10110000
eeeeaaaa0000aaaa11110000
eeeeaaaa0000aaaa11110000
eeee9a9a0000aaaa11110000
eeee79790000aaaa11110000
eeee57570000aaaa21210000
eeee45350000aaaa22220000
eeee24230000aaba22220000
eeee12120000babb22220000
eeee01010000bbbb32320000
eeee00000000bbbb33330000
eeee00000000bbbb33330000
eeee00000000bbbb33430000
eeee00000000bbbb43440000
eeee00000000bbbb44440000
eeee00000000bbbb44440000
eeee00000000bbbb44540000
eeee00000000bbbb54550000
eeee00000000bbbb55550000
eeee00000000bbbb55650000
eeee00000000bbbb65660000
eeee00000000bbbb66660000
eeee00000000bbbb66660000
eeee00000000bbcb66660000
dede00000000bbcc66660000
cdcd00000000cbcc66660000
bcbc00000000cccc66660000
abab00000000cccc66660000
8a8a00000000cccc66760000
787800000000cccc66770000
575700000000cccc66770000
454500000000cccc76770000
343400000000cccc77770000
333300000000cccc77770000
434300000000cccc77770000
545400000000cccc77770000
556500000000cccc77770000
657600000000cccc77770000
768700000000cccc77770000
879800000000cccc77770000
88a900000000cccc77770000
88aa00000000cccc77770000
98aa00000000cccc77770000
99aa00000000cccc77770000
a9ba00000000cccc77770000
aabb00000000cccc77770000
bacb00000000cccc77770000
bbcc00000000cccc77770000
bbcc00000000cccc77770000
cbdc00000000cccc77770000
ccdd00000000cccc77770000
dcdd00000000cccc77770000
dded00000000cccc77770000
ddee00000000cccc77770000
edee00000000cccc77770000
eeee00000000cccc77770000
eeee00000000cccc67770000
eeee00000000cccc66770000
eeee00000000cccc66770000
eeee00000000cccc66670000
deee00000000cccc66660000
ddee00000000cccc66660000
ddde00000000bccc66660000
cddd00000000bbcc66660000
ccdd00000000bbbc66660000
bccd00000000bbbb66660000
abbc00000000bbbb66660000
aabb00000000bbbb66660000
aabb00000000bbbb66660000
aabb00000000bbbb56660000
aacb00000000bbbb55560000
bacc00000000bbbb55550000
abbc00000000bbbb55550000
9aab00000000bbbb45550000
899a00000000bbbb44450000
788900000000bbbb44440000
678800000000bbbb34440000
667800000000bbbb33340000
667700000000bbbb33330000
566700000000abbb33330000
555600000000aaab23230000
455500000000aaaa22220000
344500000000aaaa22220000
334400000000aaaa22220000
233400000000aaaa12120000
223300000000aaaa11110000
222300000000aaaa11110000
121200000000aaaa11110000
111100000000aaaa11110000
011100000000aaaa01110000
000100000000aaaa00010000
000000000000aaaa00000000
000000000000aaaa00000000
0000000000009a9a00000000
000000000000999900000000
000000000000999900000000
000000000000999900000000
000000000000999900000000
000000000000999900000000
000000000000999900000000
000000000000999900000000
000000000000999900000000
000000000000999900000000
000000000000999900000000
000000000000999900000000
000000000000999900000000
000000000000999900000000
000000000000898900000000
000000000000888800000000
000000000000888800000000
000000000000888800000000
000000000000888800000000
000000000000888800000000
000000000000888800000000
000000000000888800000000
000000000000888800000000
000000000000888800000000
000000000000888800000000
000000000000888800000000
000000000000888800000000
000000000000787800000000
000000000000777700000000
000000000000777700000000
000000000000777700000000
eeee00000000777700000000
eeee00000000777700000000
eeee00000000777700000000
eeee00000000878700000000
eeee00000000888800000000
eeee00000000888800000000
eeee10000000888800000000
eeee11000000888800000000
eeee21100000888800000000
eeee32210000888800000000
eeee43220000888800000000
eeee54320000888800000000
eeee65530000888800000000
eeee76650000888800000000
eeee87760000888800000000
eeee98970000888800000000
eeeea9a90000889800000000
eeeeaaaa0000989900000000
eeeeaaaa0000999900000000
eeeeaaaa0000999900000000
eeeeaaaa0000999900000000
eeeeaaaa0000999900000000
eeeeaaaa0000999900000000
eeeeaaaa0000999900000000
eeeeaaaa0000999900000000
eeeeaaaa0000999900000000
eeeeaaaa0000999900000000
eeeeaaaa0000999900000000
eeeeaaaa0000999900000000
eeeeaaaa0000999900000000
eeeeaaaa0000a9a900000000
eeeeaaaa0000aaaa00000000
eeeeaaaa0000aaaa00000000
eeeeaaaa0000aaaa00000000
eeeeaaaa0000aaaa00000000
eeeeaaaa0000aaaa00000000
eeeeaaaa0000aaaa10100000
eeeeaaaa0000aaaa11110000
eeeeaaaa0000aaaa11110000
eeee9a9a0000aaaa11110000
eeee89790000aaaa11110000
eeee68570000aaaa11210000
eeee46450000aaaa21220000
eeee24240000aaaa22220000
eeee12120000baba22220000
eeee01010000bbbb22320000
eeee00000000bbbb32330000
eeee00000000bbbb33330000
eeee00000000bbbb33330000
eeee00000000bbbb33430000
eeee00000000bbbb43440000
eeee00000000bbbb44440000
eeee00000000bbbb44440000
eeee00000000bbbb54540000
eeee00000000bbbb55550000
eeee00000000bbbb55550000
eeee00000000bbbb55650000
eeee00000000bbbb55660000
eeee00000000bbbb65660000
eeee00000000bbbb66660000
dede00000000bbbb66660000
cdcd00000000bbcb66660000
bcbc00000000bbcc66660000
abab00000000cbcc66660000
8a8a00000000cccc66660000
787800000000cccc66660000
675700000000cccc66660000
464500000000cccc66760000
343400000000cccc66770000
333300000000cccc66770000
334300000000cccc66770000
435400000000cccc76770000
545500000000cccc77770000
656500000000cccc77770000
667600000000cccc77770000
768700000000cccc77770000
778800000000cccc77770000
778800000000cccc77770000
879800000000cccc77770000
889900000000cccc77770000
98a900000000cccc77770000
99aa00000000cccc77770000
99ba00000000cccc77770000
a9bb00000000cccc77770000
aabb00000000cccc77770000
bacb00000000cccc77770000
bbcc00000000cccc77770000
cbdc00000000cccc77770000
ccdd00000000cccc67770000
dcdd00000000cccc66770000
dded00000000cccc66770000
ddee00000000cccc66770000
ddee00000000cccc66670000
ddee00000000cccc66660000
ddee00000000cccc66660000
ddee00000000cccc66660000
cdde00000000bccc66660000
ccdd00000000bbcc66660000
ccdd00000000bbbc66660000
bccd00000000bbbb66660000
abcc00000000bbbb66660000
aabc00000000bbbb66660000
9aab00000000bbbb66660000
89aa00000000bbbb66660000
88aa00000000bbbb56660000
98aa00000000bbbb55560000
99aa00000000bbbb55550000
99ba00000000bbbb55550000
99ab00000000bbbb45550000
899a00000000bbbb44450000
788900000000bbbb44440000
677800000000bbbb44440000
566700000000bbbb34340000
556600000000bbbb33330000
556600000000bbbb33330000
455600000000abab23330000
445500000000aaaa22230000
344500000000aaaa22220000
333400000000aaaa22220000
233300000000aaaa12220000
222300000000aaaa11120000
122200000000aaaa11110000
112200000000aaaa11110000
111200000000aaaa11110000
111100000000aaaa11110000
010100000000aaaa01010000
000000000000aaaa00000000
000000000000aaaa00000000
000000000000aaaa00000000
0000000000009a9a00000000
000000000000999900000000
000000000000999900000000
000000000000999900000000
000000000000999900000000
000000000000999900000000
000000000000999900000000
000000000000999900000000
000000000000999900000000
000000000000999900000000
000000000000999900000000
000000000000999900000000
000000000000999900000000
000000000000899900000000
000000000000888900000000
000000000000888800000000
000000000000888800000000
000000000000888800000000
000000000000888800000000
000000000000888800000000
000000000000888800000000
000000000000888800000000
000000000000888800000000
000000000000888800000000
000000000000888800000000
000000000000888800000000
000000000000888800000000
000000000000787800000000
000000000000777700000000
000000000000777700000000
000000000000777700000000
eeee00000000777700000000
eeee00000000777700000000
eeee00000000777700000000
eeee00000000878700000000
eeee00000000888800000000
eeee10000000888800000000
eeee11100000888800000000
eeee21110000888800000000
eeee32210000888800000000
eeee43320000888800000000
eeee54430000888800000000
eeee75540000888800000000
eeee87650000888800000000
eeee98760000888800000000
eeeea9870000888800000000
eeeeaa980000888800000000
eeeeaaa90000888800000000
eeeeaaaa0000989800000000
eeeeaaaa0000999900000000
eeeeaaaa0000999900000000
eeeeaaaa0000999900000000
eeeeaaaa0000999900000000
eeeeaaaa0000999900000000
eeeeaaaa0000999900000000
eeeeaaaa0000999900000000
eeeeaaaa0000999900000000
eeeeaaaa0000999900000000
eeeeaaaa0000999900000000
eeeeaaaa0000999900000000
eeeeaaaa0000999900000000
eeeeaaaa000099a900000000
eeeeaaaa0000a9aa00000000
eeeeaaaa0000aaaa00000000
eeeeaaaa0000aaaa00000000
eeeeaaaa0000aaaa00000000
eeeeaaaa0000aaaa00000000
eeeeaaaa0000aaaa00100000
eeeeaaaa0000aaaa10110000
eeeeaaaa0000aaaa11110000
eeee9a9a0000aaaa11110000
eeee89890000aaaa11110000
eeee58680000aaaa11110000
eeee35460000aaaa21210000
eeee23240000aaaa22220000
eeee12120000aaba22220000
eeee01010000babb22220000
eeee00000000bbbb22320000
eeee00000000bbbb32330000
eeee00000000bbbb33330000
eeee00000000bbbb33330000
eeee00000000bbbb43430000
eeee00000000bbbb44440000
eeee00000000bbbb44440000
eeee00000000bbbb44540000
eeee00000000bbbb54550000
eeee00000000bbbb55550000
eeee00000000bbbb55550000
eeee00000000bbbb55550000
eeee00000000bbbb55650000
eeee00000000bbbb65660000
dede00000000bbbb66660000
cdcd00000000bbbb66660000
bcbc00000000bbbb66660000
abab00000000bbcb66660000
8a8a00000000bbcc66660000
787800000000cbcc66660000
676700000000cccc66660000
464600000000cccc66660000
343400000000cccc66660000
233300000000cccc66660000
323300000000cccc66660000
434300000000cccc66760000
445400000000cccc66770000
546500000000cccc66770000
556600000000cccc66770000
657600000000cccc66770000
667700000000cccc66770000
667700000000cccc66770000
768700000000cccc66770000
778800000000cccc66770000
879800000000cccc66770000
889900000000cccc66770000
889900000000cccc66770000
98a900000000cccc66770000
99aa00000000cccc66770000
a9ba00000000cccc66770000
aabb00000000cccc66770000
bacb00000000cccc66770000
bbcc00000000cccc66670000
cbdc00000000cccc66660000
ccdd00000000cccc66660000
ccdd00000000cccc66660000
ccdd00000000cccc66660000
ccdd00000000cccc66660000
ccdd00000000bccc66660000
ccdd00000000bbcc66660000
bccd00000000bbbc66660000
bbcc00000000bbbb66660000
bbcc00000000bbbb66660000
abbc00000000bbbb66660000
9aab00000000bbbb66660000
89aa00000000bbbb66660000
889a00000000bbbb56660000
788900000000bbbb55660000
778800000000bbbb55560000
779800000000bbbb55550000
779900000000bbbb55550000
879900000000bbbb45550000
889900000000bbbb44450000
788900000000bbbb44440000
677800000000bbbb44440000
566700000000bbbb34440000
555600000000bbbb33340000
455500000000bbbb33330000
345500000000abbb33330000
334500000000aaab23230000
334400000000aaaa22220000
233400000000aaaa22220000
223300000000aaaa22220000
222300000000aaaa12120000
122200000000aaaa11110000
111200000000aaaa11110000
111100000000aaaa11110000
011100000000aaaa11110000
001100000000aaaa01110000
000100000000aaaa00010000
000000000000aaaa00000000
000000000000aaaa00000000
0000000000009aaa00000000
000000000000999a00000000
000000000000999900000000
000000000000999900000000
000000000000999900000000
000000000000999900000000
000000000000999900000000
000000000000999900000000
000000000000999900000000
000000000000999900000000
000000000000999900000000
000000000000999900000000
000000000000999900000000
000000000000999900000000
000000000000898900000000
000000000000888800000000
000000000000888800000000
000000000000888800000000
000000000000888800000000
000000000000888800000000
000000000000888800000000
000000000000888800000000
000000000000888800000000
000000000000888800000000
000000000000888800000000
000000000000888800000000
000000000000888800000000
000000000000888800000000
000000000000787800000000
000000000000777700000000
000000000000777700000000
000000000000777700000000
eeee00000000777700000000
eeee00000000777700000000
eeee00000000777700000000
eeee00000000878700000000
eeee00000000888800000000
eeee10100000888800000000
eeee11110000888800000000
eeee21210000888800000000
eeee32320000888800000000
eeee53430000888800000000
eeee65540000888800000000
eeee86750000888800000000
eeee98870000888800000000
eeeea9980000888800000000
eeeeaaa90000888800000000
eeeeaaaa0000888800000000
eeeeaaaa0000888800000000
eeeeaaaa0000989800000000
eeeeaaaa0000999900000000
eeeeaaaa0000999900000000
eeeeaaaa0000999900000000
eeeeaaaa0000999900000000
eeeeaaaa0000999900000000
eeeeaaaa0000999900000000
eeeeaaaa0000999900000000
eeeeaaaa0000999900000000
eeeeaaaa0000999900000000
eeeeaaaa0000999900000000
eeeeaaaa0000999900000000
eeeeaaaa0000999900000000
eeeeaaaa0000999900000000
eeeeaaaa0000a9a900000000
eeeeaaaa0000aaaa00000000
eeeeaaaa0000aaaa00000000
eeeeaaaa0000aaaa00000000
eeeeaaaa0000aaaa00000000
eeeeaaaa0000aaaa00000000
eeeeaaaa0000aaaa10100000
eeeeaaaa0000aaaa11110000
eeee9a9a0000aaaa11110000
eeee79890000aaaa11110000
eeee57580000aaaa11110000
eeee35350000aaaa11210000
eeee23230000aaaa21220000
eeee12120000aaaa22220000
eeee01010000aaba22220000
eeee00000000babb22220000
eeee00000000bbbb32320000
eeee00000000bbbb33330000
eeee00000000bbbb33330000
eeee00000000bbbb33430000
eeee00000000bbbb43440000
eeee00000000bbbb44440000
eeee00000000bbbb44440000
eeee00000000bbbb44540000
eeee00000000bbbb54550000
eeee00000000bbbb55550000
eeee00000000bbbb55550000
eeee00000000bbbb55550000
eeee00000000bbbb55650000
dede00000000bbbb65660000
ddcd00000000bbbb66660000
bdbc00000000bbbb66660000
abab00000000bbbb66660000
8a8a00000000bbbb66660000
787800000000bbcb66660000
676700000000bbcc66660000
464600000000bbcc66660000
343400000000bbcc66660000
232300000000bbcc66660000
223200000000cbcc66660000
324300000000cccc66660000
434400000000cccc66660000
445400000000cccc66660000
445500000000cccc66660000
446500000000cccc66660000
546600000000cccc66660000
556600000000cccc66660000
657600000000cccc66660000
667700000000cccc66660000
668700000000cccc66660000
768800000000cccc66660000
778800000000cccc66660000
779800000000cccc66660000
879900000000cccc66660000
88a900000000cccc66660000
98aa00000000cccc66660000
a9ba00000000cccc66660000
babb00000000cccc66660000
bbcb00000000bccc66660000
bbcc00000000bbcc66660000
bbcc00000000bbcc66660000
bbcc00000000bbcc66660000
bbcc00000000bbcc66660000
bbcc00000000bbbc66660000
bbcc00000000bbbb66660000
abbc00000000bbbb66660000
aabb00000000bbbb66660000
9abb00000000bbbb66660000
99ab00000000bbbb66660000
899a00000000bbbb66660000
788900000000bbbb56660000
678800000000bbbb55560000
667800000000bbbb55550000
567700000000bbbb55550000
657700000000bbbb55550000
667700000000bbbb45550000
668700000000bbbb44450000
668800000000bbbb44440000
667800000000bbbb44440000
566700000000bbbb34440000
455600000000bbbb33340000
445500000000bbbb33330000
344500000000abbb33330000
333400000000aaab23330000
233300000000aaaa22230000
223300000000aaaa22220000
222300000000aaaa22220000
122200000000aaaa12220000
112200000000aaaa11120000
111200000000aaaa11110000
111100000000aaaa11110000
011100000000aaaa11110000
000100000000aaaa11110000
000000000000aaaa01010000
000000000000aaaa00000000
000000000000aaaa00000000
000000000000aaaa00000000
0000000000009a9a00000000
000000000000999900000000
000000000000999900000000
000000000000999900000000
000000000000999900000000
000000000000999900000000
000000000000999900000000
000000000000999900000000
000000000000999900000000
000000000000999900000000
000000000000999900000000
000000000000999900000000
000000000000999900000000
000000000000999900000000
000000000000898900000000
000000000000888800000000
000000000000888800000000
000000000000888800000000
000000000000888800000000
000000000000888800000000
000000000000888800000000
000000000000888800000000
000000000000888800000000
000000000000888800000000
000000000000888800000000
000000000000888800000000
000000000000888800000000
000000000000888800000000
000000000000787800000000
000000000000777700000000
000000000000777700000000
000000000000777700000000
eeee00000000777700000000
eeee00000000777700000000
eeee00000000777700000000
eeee00000000778700000000
eeee00000000878800000000
eeee10100000888800000000
eeee11110000888800000000
eeee21210000888800000000
eeee42320000888800000000
eeee54530000888800000000
eeee65650000888800000000
eeee86860000888800000000
eeee98980000888800000000
eeeea9a90000888800000000
eeeeaaaa0000888800000000
eeeeaaaa0000888800000000
eeeeaaaa0000888800000000
eeeeaaaa0000889800000000
eeeeaaaa0000989900000000
eeeeaaaa0000999900000000
eeeeaaaa0000999900000000
eeeeaaaa0000999900000000
eeeeaaaa0000999900000000
eeeeaaaa0000999900000000
eeeeaaaa0000999900000000
eeeeaaaa0000999900000000
eeeeaaaa0000999900000000
eeeeaaaa0000999900000000
eeeeaaaa0000999900000000
eeeeaaaa0000999900000000
eeeeaaaa0000999900000000
eeeeaaaa000099a900000000
eeeeaaaa0000a9aa00000000
eeeeaaaa0000aaaa00000000
eeeeaaaa0000aaaa00000000
eeeeaaaa0000aaaa00000000
eeeeaaaa0000aaaa00000000
eeeeaaaa0000aaaa00100000
eeeeaaaa0000aaaa10110000
eeee9a9a0000aaaa11110000
eeee79790000aaaa11110000
eeee57570000aaaa11110000
eeee35350000aaaa11110000
eeee23230000aaaa11210000
eeee12120000aaaa21220000
eeee01010000aaaa22220000
eeee00000000aaba22220000
eeee00000000babb22320000
eeee00000000bbbb32330000
eeee00000000bbbb33330000
eeee00000000bbbb33330000
eeee00000000bbbb33430000
eeee00000000bbbb43440000
eeee00000000bbbb44440000
eeee00000000bbbb44440000
eeee00000000bbbb44540000
eeee00000000bbbb44550000
eeee00000000bbbb54550000
eeee00000000bbbb55550000
eeee00000000bbbb55550000
dede00000000bbbb55650000
dddd00000000bbbb55660000
bdbd00000000bbbb65660000
abab00000000bbbb66660000
8a8a00000000bbbb66660000
787800000000bbbb66660000
676700000000bbbb66660000
464600000000bbbb66660000
343400000000bbbb66660000
232300000000bbbb66660000
222200000000bbcb66660000
323200000000bbcc66660000
334300000000bbcc66660000
334400000000bbcc66660000
334400000000bbcc66660000
334400000000bbcc66660000
435400000000bbcc66660000
445500000000bbcc66660000
546500000000bbcc66660000
556600000000bbcc66660000
556600000000bbcc66660000
657600000000bbcc66660000
667700000000bbcc66660000
667700000000bbcc66660000
768700000000bbcc66660000
778800000000bbcc66660000
879800000000bbcc66660000
98a900000000bbcc66660000
a9ba00000000bbcc66660000
aabb00000000bbbc66660000
aabb00000000bbbb66660000
aabb00000000bbbb66660000
aabb00000000bbbb66660000
aabb00000000bbbb66660000
aabb00000000bbbb66660000
9abb00000000bbbb66660000
99ab00000000bbbb66660000
99aa00000000bbbb66660000
899a00000000bbbb66660000
789900000000bbbb56660000
778900000000bbbb55660000
677800000000bbbb55560000
566700000000bbbb55550000
556600000000bbbb55550000
455600000000bbbb55550000
446500000000bbbb45550000
546600000000bbbb44450000
556600000000bbbb44440000
556600000000bbbb44440000
556600000000bbbb34440000
555600000000bbbb33340000
454500000000bbbb33330000
344400000000abbb33330000
233400000000aaab23330000
223300000000aaaa22230000
222300000000aaaa22220000
122200000000aaaa22220000
112200000000aaaa22220000
111200000000aaaa12120000
111100000000aaaa11110000
011100000000aaaa11110000
001100000000aaaa11110000
000100000000aaaa11110000
000000000000aaaa01110000
000000000000aaaa00010000
000000000000aaaa00000000
000000000000aaaa00000000
0000000000009aaa00000000
000000000000999a00000000
000000000000999900000000
000000000000999900000000
000000000000999900000000
000000000000999900000000
000000000000999900000000
000000000000999900000000
000000000000999900000000
000000000000999900000000
000000000000999900000000
000000000000999900000000
000000000000999900000000
000000000000999900000000
000000000000899900000000
000000000000888900000000
000000000000888800000000
000000000000888800000000
000000000000888800000000
000000000000888800000000
000000000000888800000000
000000000000888800000000
000000000000888800000000
000000000000888800000000
000000000000888800000000
000000000000888800000000
000000000000888800000000
000000000000888800000000
000000000000788800000000
000000000000777800000000
000000000000777700000000
000000000000777700000000
000000000000777700000000
eeee00000000777700000000
eeee00000000777700000000
eeee00000000777700000000
eeee00000000777700000000
eeee00000000878700000000
eeee10100000888800000000
eeee21110000888800000000
eeee32210000888800000000
eeee43420000888800000000
eeee54540000888800000000
eeee75650000888800000000
eeee87860000888800000000
eeee98980000888800000000
eeeea9a90000888800000000
eeeeaaaa0000888800000000
eeeeaaaa0000888800000000
eeeeaaaa0000888800000000
eeeeaaaa0000888800000000
eeeeaaaa0000989800000000
eeeeaaaa0000999900000000
eeeeaaaa0000999900000000
eeeeaaaa0000999900000000
eeeeaaaa0000999900000000
eeeeaaaa0000999900000000
eeeeaaaa0000999900000000
eeeeaaaa0000999900000000
eeeeaaaa0000999900000000
eeeeaaaa0000999900000000
eeeeaaaa0000999900000000
eeeeaaaa0000999900000000
eeeeaaaa0000999900000000
eeeeaaaa0000999900000000
eeeeaaaa0000a9a900000000
eeeeaaaa0000aaaa00000000
eeeeaaaa0000aaaa00000000
eeeeaaaa0000aaaa00000000
eeeeaaaa0000aaaa00000000
eeeeaaaa0000aaaa00000000
eeeeaaaa0000aaaa00100000
eeee9a9a0000aaaa10110000
eeee79790000aaaa11110000
eeee57570000aaaa11110000
eeee35350000aaaa11110000
eeee23230000aaaa11110000
eeee12120000aaaa11210000
eeee01010000aaaa21220000
eeee00000000aaaa22220000
eeee00000000aaba22220000
eeee00000000babb22320000
eeee00000000bbbb32330000
eeee00000000bbbb33330000
eeee00000000bbbb33330000
eeee00000000bbbb33430000
eeee00000000bbbb33440000
eeee00000000bbbb43440000
eeee00000000bbbb44440000
eeee00000000bbbb44440000
eeee00000000bbbb44540000
eeee00000000bbbb54550000
eeee00000000bbbb55550000
dede00000000bbbb55550000
cddd00000000bbbb55550000
bcbd00000000bbbb55650000
abab00000000bbbb55660000
9a8a00000000bbbb55660000
797800000000bbbb65660000
676700000000bbbb66660000
464600000000bbbb66660000
343400000000bbbb66660000
232300000000bbbb66660000
222200000000bbbb66660000
223200000000bbbb66660000
223300000000bbbb66660000
223300000000bbbb66660000
223300000000bbbb66660000
323300000000bbbb66660000
334300000000bbbb66660000
334400000000bbbb66660000
435400000000bbbb66660000
445500000000bbbb66660000
445500000000bbbb66660000
546500000000bbbb66660000
556600000000bbbb66660000
556600000000bbbb66660000
657600000000bbbb66660000
667700000000bbbb66660000
768700000000bbbb66660000
879800000000bbbb66660000
98a900000000bbbb66660000
99aa00000000bbbb66660000
99aa00000000bbbb66660000
99aa00000000bbbb66660000
89aa00000000bbbb66660000
98aa00000000bbbb66660000
99aa00000000bbbb66660000
899a00000000bbbb66660000
789900000000bbbb56660000
779900000000bbbb55660000
778900000000bbbb55660000
677800000000bbbb55560000
567700000000bbbb55550000
556700000000bbbb55550000
455600000000bbbb55550000
445500000000bbbb55550000
344500000000bbbb45550000
334400000000bbbb44450000
335400000000bbbb44440000
435500000000bbbb44440000
445500000000bbbb34440000
445500000000bbbb33340000
445500000000bbbb33330000
344500000000abbb33330000
233400000000aaab23330000
222300000000aaaa22230000
122200000000aaaa22220000
112200000000aaaa22220000
111200000000aaaa22220000
111100000000aaaa12220000
111100000000aaaa11120000
011100000000aaaa11110000
000100000000aaaa11110000
000000000000aaaa11110000
000000000000aaaa11110000
000000000000aaaa01010000
000000000000aaaa00000000
000000000000aaaa00000000
000000000000aaaa00000000
0000000000009a9a00000000
000000000000999900000000
000000000000999900000000
000000000000999900000000
000000000000999900000000
000000000000999900000000
000000000000999900000000
000000000000999900000000
000000000000999900000000
000000000000999900000000
000000000000999900000000
000000000000999900000000
000000000000999900000000
000000000000999900000000
000000000000898900000000
000000000000888800000000
000000000000888800000000
000000000000888800000000
000000000000888800000000
000000000000888800000000
000000000000888800000000
000000000000888800000000
000000000000888800000000
000000000000888800000000
000000000000888800000000
000000000000888800000000
000000000000888800000000
000000000000888800000000
000000000000787800000000
000000000000777700000000
000000000000777700000000
000000000000777700000000
000000000000777700000000
ddee00000000777700000000
edee00000000777700000000
eeee00000000777700000000
eeee00000000777700000000
eeee00000000878700000000
eeee00100000888800000000
eeee00210000888800000000
eeee10320000888800000000
eeee21430000888800000000
eeee32540000888800000000
eeee43750000888800000000
eeee64870000888800000000
eeee76980000888800000000
eeee87a90000888800000000
eeee98aa0000888800000000
eeeea9aa0000888800000000
eeeeaaaa0000888800000000
eeeeaaaa0000888800000000
eeeeaaaa0000989800000000
eeeeaaaa0000999900000000
eeeeaaaa0000999900000000
eeeeaaaa0000999900000000
eeeeaaaa0000999900000000
eeeeaaaa0000999900000000
eeeeaaaa0000999900000000
eeeeaaaa0000999900000000
eeeeaaaa0000999900000000
eeeeaaaa0000999900000000
eeeeaaaa0000999900000000
eeeeaaaa0000999900000000
eeeeaaaa0000999900000000
eeeeaaaa0000999900000000
eeeeaaaa000099a900000000
eeeeaaaa0000a9aa00000000
eeeeaaaa0000aaaa00000000
eeeeaaaa0000aaaa00000000
eeeeaaaa0000aaaa00000000
eeeeaaaa0000aaaa00000000
eeeeaaaa0000aaaa00000000
eeee8a9a0000aaaa10100000
eeee68790000aaaa11110000
eeee56570000aaaa11110000
eeee35350000aaaa11110000
eeee13230000aaaa11110000
eeee11120000aaaa11110000
eeee01010000aaaa11210000
eeee00000000aaaa21220000
eeee00000000aaaa22220000
eeee00000000aaba22220000
eeee00000000babb22320000
eeee00000000bbbb32330000
eeee00000000bbbb33330000
eeee00000000bbbb33330000
eeee00000000bbbb33330000
eeee00000000bbbb33430000
eeee00000000bbbb43440000
eeee00000000bbbb44440000
eeee00000000bbbb44440000
eeee00000000bbbb44540000
deee00000000bbbb44550000
ddde00000000bbbb54550000
cdcd00000000bbbb55550000
bcbc00000000bbbb55550000
abab00000000bbbb55550000
9a9a00000000bbbb55550000
797900000000bbbb55650000
676700000000bbbb55660000
464600000000bbbb55660000
343400000000bbbb55660000
232300000000bbbb65660000
222200000000bbbb66660000
122200000000bbbb66660000
112200000000bbbb66660000
212200000000bbbb66660000
222200000000bbbb66660000
223200000000bbbb66660000
223300000000bbbb66660000
323300000000bbbb66660000
334300000000bbbb66660000
334400000000bbbb66660000
334400000000bbbb66660000
435400000000bbbb66660000
445500000000bbbb66660000
445500000000bbbb66660000
546500000000bbbb66660000
556600000000bbbb66660000
657600000000bbbb66660000
768700000000bbbb66660000
879800000000bbbb66660000
889900000000bbbb66660000
789900000000bbbb66660000
779900000000bbbb66660000
778900000000bbbb56660000
779800000000bbbb55660000
779900000000bbbb55660000
778900000000bbbb55660000
677800000000bbbb55560000
667700000000bbbb55550000
667700000000bbbb55550000
566700000000bbbb55550000
455600000000bbbb55550000
445500000000bbbb55550000
344500000000bbbb45550000
334400000000bbbb44550000
233400000000bbbb44450000
223300000000bbbb44440000
223300000000bbbb44440000
324300000000bbbb34440000
334400000000bbbb33340000
334400000000bbbb33330000
334400000000abbb33330000
233400000000aaab23330000
222300000000aaaa22230000
122200000000aaaa22220000
111200000000aaaa22220000
111100000000aaaa22220000
011100000000aaaa12220000
001100000000aaaa11120000
001100000000aaaa11110000
000100000000aaaa11110000
000000000000aaaa11110000
000000000000aaaa11110000
000000000000aaaa01110000
000000000000aaaa00010000
000000000000aaaa00000000
000000000000aaaa00000000
0000000000009aaa00000000
000000000000999a00000000
000000000000999900000000
000000000000999900000000
000000000000999900000000
000000000000999900000000
000000000000999900000000
000000000000999900000000
000000000000999900000000
000000000000999900000000
000000000000999900000000
000000000000999900000000
000000000000999900000000
000000000000999900000000
000000000000999900000000
000000000000898900000000
000000000000888800000000
000000000000888800000000
000000000000888800000000
000000000000888800000000
000000000000888800000000
000000000000888800000000
000000000000888800000000
000000000000888800000000
000000000000888800000000
000000000000888800000000
000000000000888800000000
000000000000888800000000
000000000000888800000000
000000000000787800000000
000000000000777700000000
000000000000777700000000
000000000000777700000000
000000000000777700000000
dcdd00000000777700000000
eded00000000777700000000
eeee00000000777700000000
eeee00000000777700000000
eeee00000000878700000000
eeee00000000888800000000
eeee00000000888800000000
eeee00100000888800000000
eeee10210000888800000000
eeee11320000888800000000
eeee21430000888800000000
eeee42640000888800000000
eeee54760000888800000000
eeee75870000888800000000
eeee87980000888800000000
eeee98a90000888800000000
eeeea9aa0000888800000000
eeeeaaaa0000888800000000
eeeeaaaa0000889800000000
eeeeaaaa0000989900000000
eeeeaaaa0000999900000000
eeeeaaaa0000999900000000
eeeeaaaa0000999900000000
eeeeaaaa0000999900000000
eeeeaaaa0000999900000000
eeeeaaaa0000999900000000
eeeeaaaa0000999900000000
eeeeaaaa0000999900000000
eeeeaaaa0000999900000000
eeeeaaaa0000999900000000
eeeeaaaa0000999900000000
eeeeaaaa0000999900000000
eeeeaaaa0000999900000000
eeeeaaaa0000a9a900000000
eeeeaaaa0000aaaa00000000
eeeeaaaa0000aaaa00000000
eeeeaaaa0000aaaa00000000
eeeeaaaa0000aaaa00000000
eeee9aaa0000aaaa00000000
eeee798a0000aaaa00100000
eeee67680000aaaa10110000
eeee46560000aaaa11110000
eeee24350000aaaa11110000
eeee12130000aaaa11110000
eeee01110000aaaa11110000
eeee00010000aaaa11110000
eeee00000000aaaa11210000
eeee00000000aaaa21220000
eeee00000000aaaa22220000
eeee00000000aaba22220000
eeee00000000babb22320000
eeee00000000bbbb22330000
eeee00000000bbbb32330000
eeee00000000bbbb33330000
eeee00000000bbbb33330000
eeee00000000bbbb33430000
eeee00000000bbbb33440000
eeee00000000bbbb43440000
deee00000000bbbb44440000
ddde00000000bbbb44440000
cddd00000000bbbb44540000
cccd00000000bbbb44550000
bcbc00000000bbbb44550000
abab00000000bbbb54550000
9a9a00000000bbbb55550000
797900000000bbbb55550000
676700000000bbbb55550000
564600000000bbbb55550000
353400000000bbbb55550000
232300000000bbbb55650000
222200000000bbbb55660000
121200000000bbbb55660000
111100000000bbbb55660000
112100000000bbbb55660000
112200000000bbbb55660000
212200000000bbbb55660000
222200000000bbbb55660000
223200000000bbbb55660000
223300000000bbbb55660000
223300000000bbbb55660000
323300000000bbbb55660000
334300000000bbbb55660000
334400000000bbbb55660000
434400000000bbbb55660000
445400000000bbbb55660000
545500000000bbbb55660000
556500000000bbbb55660000
657600000000bbbb55660000
668700000000bbbb55660000
668800000000bbbb55660000
667800000000bbbb55660000
667700000000bbbb55660000
667700000000bbbb55560000
667700000000bbbb55550000
667700000000bbbb55550000
567700000000bbbb55550000
556700000000bbbb55550000
556600000000bbbb55550000
456600000000bbbb55550000
445600000000bbbb55550000
344500000000bbbb45550000
334400000000bbbb44550000
233400000000bbbb44450000
223300000000bbbb44440000
222300000000bbbb44440000
122200000000bbbb44440000
212200000000bbbb34440000
223200000000bbbb33340000
223300000000bbbb33330000
223300000000abbb33330000
223300000000aaab23330000
222300000000aaaa22230000
122200000000aaaa22220000
111200000000aaaa22220000
111100000000aaaa22220000
011100000000aaaa12220000
000100000000aaaa11120000
000000000000aaaa11110000
000000000000aaaa11110000
000000000000aaaa11110000
000000000000aaaa11110000
000000000000aaaa11110000
000000000000aaaa01010000
000000000000aaaa00000000
000000000000aaaa00000000
000000000000aaaa00000000
0000000000009a9a00000000
000000000000999900000000
000000000000999900000000
000000000000999900000000
000000000000999900000000
000000000000999900000000
000000000000999900000000
000000000000999900000000
000000000000999900000000
000000000000999900000000
000000000000999900000000
000000000000999900000000
000000000000999900000000
000000000000999900000000
000000000000899900000000
000000000000888900000000
000000000000888800000000
000000000000888800000000
000000000000888800000000
000000000000888800000000
000000000000888800000000
000000000000888800000000
000000000000888800000000
000000000000888800000000
000000000000888800000000
000000000000888800000000
000000000000888800000000
000000000000888800000000
000000000000888800000000
000000000000787800000000
000000000000777700000000
000000000000777700000000
000000000000777700000000
000000000000777700000000
cbdc00000000777700000000
dced00000000777700000000
ddee00000000777700000000
edee00000000777700000000
eeee00000000778700000000
eeee00000000878800000000
eeee00000000888800000000
eeee00000000888800000000
eeee00100000888800000000
eeee10110000888800000000
eeee11210000888800000000
eeee31420000888800000000
eeee43540000888800000000
eeee64750000888800000000
eeee86870000888800000000
eeee98980000888800000000
eeeea9a90000888800000000
eeeeaaaa0000888800000000
eeeeaaaa0000888800000000
eeeeaaaa0000989800000000
eeeeaaaa0000999900000000
eeeeaaaa0000999900000000
eeeeaaaa0000999900000000
eeeeaaaa0000999900000000
eeeeaaaa0000999900000000
eeeeaaaa0000999900000000
eeeeaaaa0000999900000000
eeeeaaaa0000999900000000
eeeeaaaa0000999900000000
eeeeaaaa0000999900000000
eeeeaaaa0000999900000000
eeeeaaaa0000999900000000
eeeeaaaa0000999900000000
eeeeaaaa000099a900000000
eeeeaaaa0000a9aa00000000
eeeeaaaa0000aaaa00000000
eeeeaaaa0000aaaa00000000
eeee8aaa0000aaaa00000000
eeee789a0000aaaa00000000
eeee57790000aaaa00000000
eeee45670000aaaa00100000
eeee24460000aaaa10110000
eeee12240000aaaa11110000
eeee01120000aaaa11110000
eeee00010000aaaa11110000
eeee00000000aaaa11110000
eeee00000000aaaa11110000
eeee00000000aaaa11210000
eeee00000000aaaa21220000
eeee00000000aaaa22220000
eeee00000000aaba22220000
eeee00000000aabb22220000
eeee00000000babb22320000
eeee00000000bbbb32330000
eeee00000000bbbb33330000
eeee00000000bbbb33330000
eeee00000000bbbb33330000
eeee00000000bbbb33430000
dede00000000bbbb33440000
cddd00000000bbbb43440000
bccd00000000bbbb44440000
bbcc00000000bbbb44440000
abbc00000000bbbb44440000
9aab00000000bbbb44540000
899a00000000bbbb44550000
787900000000bbbb44550000
676700000000bbbb54550000
565600000000bbbb55550000
353500000000bbbb55550000
232300000000bbbb55550000
222200000000bbbb55550000
121200000000bbbb55550000
011100000000bbbb55550000
101100000000bbbb55550000
111100000000bbbb55550000
112100000000bbbb55550000
112200000000bbbb55550000
112200000000bbbb55550000
112200000000bbbb55550000
212200000000bbbb55550000
223200000000bbbb55550000
223300000000bbbb55550000
223300000000bbbb55550000
324300000000bbbb55550000
334400000000bbbb55550000
435400000000bbbb55550000
445500000000bbbb55550000
546500000000bbbb55550000
556600000000bbbb55550000
556600000000bbbb55550000
556600000000bbbb55550000
556600000000bbbb55550000
556600000000bbbb55550000
556600000000bbbb55550000
556600000000bbbb55550000
455600000000bbbb55550000
445500000000bbbb55550000
445500000000bbbb45550000
344500000000bbbb44550000
334400000000bbbb44550000
333400000000bbbb44450000
233300000000bbbb44440000
222300000000bbbb44440000
122200000000bbbb44440000
112200000000bbbb34440000
111200000000bbbb33440000
112100000000bbbb33340000
112200000000abbb33330000
112200000000aabb33330000
112200000000aaab23330000
112200000000aaaa22230000
112200000000aaaa22220000
111200000000aaaa22220000
111100000000aaaa22220000
011100000000aaaa12220000
000100000000aaaa11120000
000000000000aaaa11110000
000000000000aaaa11110000
000000000000aaaa11110000
000000000000aaaa11110000
000000000000aaaa11110000
000000000000aaaa01110000
000000000000aaaa00010000
000000000000aaaa00000000
000000000000aaaa00000000
0000000000009aaa00000000
000000000000999a00000000
000000000000999900000000
000000000000999900000000
000000000000999900000000
000000000000999900000000
000000000000999900000000
000000000000999900000000
000000000000999900000000
000000000000999900000000
000000000000999900000000
000000000000999900000000
000000000000999900000000
000000000000999900000000
000000000000999900000000
000000000000898900000000
000000000000888800000000
000000000000888800000000
000000000000888800000000
000000000000888800000000
000000000000888800000000
000000000000888800000000
000000000000888800000000
000000000000888800000000
000000000000888800000000
000000000000888800000000
000000000000888800000000
000000000000888800000000
000000000000888800000000
000000000000788800000000
000000000000777800000000
000000000000777700000000
000000000000777700000000
000000000000777700000000
000000000000777700000000
bacb00000000777700000000
cbdc00000000777700000000
dcdd00000000777700000000
dded00000000777700000000
edee00000000777700000000
eeee00000000878700000000
eeee00000000888800000000
eeee00000000888800000000
eeee00000000888800000000
eeee00100000888800000000
eeee10110000888800000000
eeee21310000888800000000
eeee42430000888800000000
eeee54640000888800000000
eeee75860000888800000000
eeee87980000888800000000
eeee98a90000888800000000
eeeea9aa0000888800000000
eeeeaaaa0000888800000000
eeeeaaaa0000889800000000
eeeeaaaa0000989900000000
eeeeaaaa0000999900000000
eeeeaaaa0000999900000000
eeeeaaaa0000999900000000
eeeeaaaa0000999900000000
eeeeaaaa0000999900000000
eeeeaaaa0000999900000000
eeeeaaaa0000999900000000
eeeeaaaa0000999900000000
eeeeaaaa0000999900000000
eeeeaaaa0000999900000000
eeeeaaaa0000999900000000
eeeeaaaa0000999900000000
eeeeaaaa0000999900000000
eeeeaaaa000099a900000000
eeeeaaaa0000a9aa00000000
eeeeaaaa0000aaaa00000000
eeee8a8a0000aaaa00000000
eeee68780000aaaa00000000
eeee36570000aaaa00000000
eeee23450000aaaa00000000
eeee12240000aaaa00100000
eeee01120000aaaa10110000
eeee00010000aaaa11110000
eeee00000000aaaa11110000
eeee00000000aaaa11110000
eeee00000000aaaa11110000
eeee00000000aaaa11110000
eeee00000000aaaa11210000
eeee00000000aaaa21220000
eeee00000000aaaa22220000
eeee00000000aaaa22220000
eeee00000000aaba22220000
eeee00000000babb22320000
eeee00000000bbbb22330000
eeee00000000bbbb32330000
deee00000000bbbb33330000
ddee00000000bbbb33330000
ddde00000000bbbb33330000
cdcd00000000bbbb33430000
acbc00000000bbbb33440000
9abb00000000bbbb43440000
99ab00000000bbbb44440000
899a00000000bbbb44440000
888900000000bbbb44440000
787800000000bbbb44440000
676700000000bbbb44540000
565600000000bbbb44550000
353500000000bbbb44550000
232300000000bbbb44550000
222200000000bbbb44550000
121200000000bbbb54550000
110100000000bbbb55550000
011000000000bbbb55550000
101100000000bbbb55550000
111100000000bbbb55550000
111100000000bbbb55550000
111100000000bbbb55550000
111100000000bbbb55550000
112100000000bbbb55550000
112200000000bbbb55550000
212200000000bbbb55550000
222200000000bbbb55550000
223200000000bbbb55550000
323300000000bbbb55550000
334300000000bbbb55550000
434400000000bbbb55550000
445400000000bbbb55550000
445500000000bbbb55550000
445500000000bbbb55550000
445500000000bbbb45550000
445500000000bbbb44550000
445500000000bbbb44550000
445500000000bbbb44550000
445500000000bbbb44550000
344500000000bbbb44550000
334400000000bbbb44550000
334400000000bbbb44450000
333400000000bbbb44440000
233300000000bbbb44440000
223300000000bbbb44440000
122300000000bbbb44440000
112200000000bbbb34440000
111200000000bbbb33440000
111100000000bbbb33340000
011100000000bbbb33330000
101100000000abbb33330000
111100000000aaab33330000
111100000000aaaa23330000
111100000000aaaa22230000
111100000000aaaa22220000
111100000000aaaa22220000
111100000000aaaa22220000
011100000000aaaa12220000
000100000000aaaa11120000
000000000000aaaa11110000
000000000000aaaa11110000
000000000000aaaa11110000
000000000000aaaa11110000
000000000000aaaa11110000
000000000000aaaa01110000
000000000000aaaa00010000
000000000000aaaa00000000
000000000000aaaa00000000
0000000000009aaa00000000
000000000000999a00000000
000000000000999900000000
000000000000999900000000
000000000000999900000000
000000000000999900000000
000000000000999900000000
000000000000999900000000
000000000000999900000000
000000000000999900000000
000000000000999900000000
000000000000999900000000
000000000000999900000000
000000000000999900000000
000000000000999900000000
000000000000899900000000
000000000000888900000000
000000000000888800000000
000000000000888800000000
000000000000888800000000
000000000000888800000000
000000000000888800000000
000000000000888800000000
000000000000888800000000
000000000000888800000000
000000000000888800000000
000000000000888800000000
000000000000888800000000
000000000000888800000000
000000000000888800000000
000000000000787800000000
000000000000777700000000
000000000000777700000000
000000000000777700000000
000000000000777700000000
000000000000777700000000
a9ba00000000777700000000
bacb00000000777700000000
cbdc00000000777700000000
dcdd00000000777700000000
eded00000000777700000000
eeee00000000878700000000
eeee00000000888800000000
eeee00000000888800000000
eeee00000000888800000000
eeee00000000888800000000
eeee10100000888800000000
eeee21210000888800000000
eeee32420000888800000000
eeee43540000888800000000
eeee64750000888800000000
eeee76870000888800000000
eeee97980000888800000000
eeeea9a90000888800000000
eeeeaaaa0000888800000000
eeeeaaaa0000888800000000
eeeeaaaa0000989800000000
eeeeaaaa0000999900000000
eeeeaaaa0000999900000000
eeeeaaaa0000999900000000
eeeeaaaa0000999900000000
eeeeaaaa0000999900000000
eeeeaaaa0000999900000000
eeeeaaaa0000999900000000
eeeeaaaa0000999900000000
eeeeaaaa0000999900000000
eeeeaaaa0000999900000000
eeeeaaaa0000999900000000
eeeeaaaa0000999900000000
eeeeaaaa0000999900000000
eeeeaaaa0000999900000000
eeeeaaaa000099a900000000
eeeeaaaa0000a9aa00000000
eeee8a8a0000aaaa00000000
eeee68680000aaaa00000000
eeee46360000aaaa00000000
eeee24230000aaaa00000000
eeee02120000aaaa00000000
eeee00010000aaaa00100000
eeee00000000aaaa10110000
eeee00000000aaaa11110000
eeee00000000aaaa11110000
eeee00000000aaaa11110000
eeee00000000aaaa11110000
eeee00000000aaaa11110000
eeee00000000aaaa11210000
eeee00000000aaaa11220000
eeee00000000aaaa21220000
eeee00000000aaaa22220000
eeee00000000aaba22220000
deee00000000aabb22220000
ddee00000000babb22320000
ddde00000000bbbb22330000
cddd00000000bbbb32330000
ccdd00000000bbbb33330000
bccd00000000bbbb33330000
abac00000000bbbb33330000
9a9a00000000bbbb33430000
899900000000bbbb33440000
788900000000bbbb33440000
778800000000bbbb43440000
677800000000bbbb44440000
566700000000bbbb44440000
455600000000bbbb44440000
343500000000bbbb44440000
232300000000bbbb44440000
222200000000bbbb44440000
121200000000bbbb44540000
111100000000bbbb44550000
010100000000bbbb44550000
001000000000bbbb44550000
001100000000bbbb44550000
001100000000bbbb44550000
001100000000bbbb44550000
101100000000bbbb44550000
111100000000bbbb44550000
111100000000bbbb44550000
112100000000bbbb44550000
112200000000bbbb44550000
212200000000bbbb44550000
223200000000bbbb44550000
223300000000bbbb44550000
324300000000bbbb44550000
334400000000bbbb44550000
334400000000bbbb44550000
334400000000bbbb44550000
334400000000bbbb44450000
334400000000bbbb44440000
334400000000bbbb44440000
334400000000bbbb44440000
334400000000bbbb44440000
233400000000bbbb44440000
223300000000bbbb44440000
223300000000bbbb44440000
223300000000bbbb44440000
122300000000bbbb34440000
112200000000bbbb33440000
111200000000bbbb33440000
111100000000bbbb33340000
011100000000bbbb33330000
001100000000abbb33330000
000100000000aabb33330000
001000000000aaab23330000
001100000000aaaa22330000
001100000000aaaa22230000
001100000000aaaa22220000
001100000000aaaa22220000
001100000000aaaa22220000
001100000000aaaa12220000
000100000000aaaa11120000
000000000000aaaa11110000
000000000000aaaa11110000
000000000000aaaa11110000
000000000000aaaa11110000
000000000000aaaa11110000
000000000000aaaa01110000
000000000000aaaa00010000
000000000000aaaa00000000
000000000000aaaa00000000
0000000000009aaa00000000
000000000000999a00000000
000000000000999900000000
000000000000999900000000
000000000000999900000000
000000000000999900000000
000000000000999900000000
000000000000999900000000
000000000000999900000000
000000000000999900000000
000000000000999900000000
000000000000999900000000
000000000000999900000000
000000000000999900000000
000000000000999900000000
000000000000999900000000
000000000000898900000000
000000000000888800000000
000000000000888800000000
000000000000888800000000
000000000000888800000000
000000000000888800000000
000000000000888800000000
000000000000888800000000
000000000000888800000000
000000000000888800000000
000000000000888800000000
000000000000888800000000
000000000000888800000000
000000000000888800000000
000000000000888800000000
000000000000787800000000
000000000000777700000000
000000000000777700000000
000000000000777700000000
000000000000777700000000
000000000000777700000000
a9a900000000777700000000
baba00000000777700000000
cbcb00000000777700000000
dcdc00000000777700000000
eded00000000777700000000
eeee00000000778700000000
eeee00000000878800000000
eeee00000000888800000000
eeee00000000888800000000
eeee00000000888800000000
eeee00100000888800000000
eeee10210000888800000000
eeee21320000888800000000
eeee32430000888800000000
eeee53640000888800000000
eeee65760000888800000000
eeee86970000888800000000
eeee98a90000888800000000
eeeea9aa0000888800000000
eeeeaaaa0000888800000000
eeeeaaaa0000889800000000
eeeeaaaa0000989900000000
eeeeaaaa0000999900000000
eeeeaaaa0000999900000000
eeeeaaaa0000999900000000
eeeeaaaa0000999900000000
eeeeaaaa0000999900000000
eeeeaaaa0000999900000000
eeeeaaaa0000999900000000
eeeeaaaa0000999900000000
eeeeaaaa0000999900000000
eeeeaaaa0000999900000000
eeeeaaaa0000999900000000
eeeeaaaa0000999900000000
eeeeaaaa0000999900000000
eeeeaaaa0000999900000000
eeeeaaaa000099a900000000
eeee9a8a0000a9aa00000000
eeee69680000aaaa00000000
eeee46460000aaaa00000000
eeee24240000aaaa00000000
eeee12020000aaaa00000000
eeee01000000aaaa00000000
eeee00000000aaaa00100000
eeee00000000aaaa10110000
eeee00000000aaaa11110000
eeee00000000aaaa11110000
eeee00000000aaaa11110000
eeee00000000aaaa11110000
eeee00000000aaaa11110000
eeee00000000aaaa11110000
eeee00000000aaaa11210000
eeee00000000aaaa11220000
deee00000000aaaa21220000
ddde00000000aaaa22220000
cddd00000000aaba22220000
ccdd00000000aabb22220000
bccd00000000aabb22320000
bbcc00000000babb22330000
abbc00000000bbbb22330000
aaab00000000bbbb32330000
8a9a00000000bbbb33330000
788900000000bbbb33330000
677800000000bbbb33330000
567700000000bbbb33430000
556700000000bbbb33440000
455600000000bbbb33440000
444500000000bbbb33440000
343400000000bbbb43440000
232300000000bbbb44440000
222200000000bbbb44440000
121200000000bbbb44440000
111100000000bbbb44440000
010100000000bbbb44440000
000000000000bbbb44440000
000000000000bbbb44440000
000000000000bbbb44440000
000000000000bbbb44440000
001000000000bbbb44440000
001100000000bbbb44440000
101100000000bbbb44440000
111100000000bbbb44440000
111100000000bbbb44440000
112100000000bbbb44440000
112200000000bbbb44440000
212200000000bbbb44440000
223200000000bbbb44440000
223300000000bbbb44440000
223300000000bbbb44440000
223300000000bbbb44440000
223300000000bbbb44440000
223300000000bbbb44440000
223300000000bbbb44440000
223300000000bbbb44440000
223300000000bbbb44440000
222300000000bbbb44440000
222200000000bbbb34440000
222200000000bbbb33440000
122200000000bbbb33440000
111200000000bbbb33340000
111100000000bbbb33330000
111100000000abbb33330000
011100000000aabb33330000
000100000000aabb33330000
000000000000aaab23330000
000000000000aaaa22330000
000000000000aaaa22230000
000000000000aaaa22220000
000000000000aaaa22220000
000000000000aaaa22220000
000000000000aaaa22220000
000000000000aaaa12220000
000000000000aaaa11120000
000000000000aaaa11110000
000000000000aaaa11110000
000000000000aaaa11110000
000000000000aaaa11110000
000000000000aaaa11110000
000000000000aaaa01110000
000000000000aaaa00010000
000000000000aaaa00000000
000000000000aaaa00000000
0000000000009aaa00000000
000000000000999a00000000
000000000000999900000000
000000000000999900000000
000000000000999900000000
000000000000999900000000
000000000000999900000000
000000000000999900000000
000000000000999900000000
000000000000999900000000
000000000000999900000000
000000000000999900000000
000000000000999900000000
000000000000999900000000
000000000000999900000000
000000000000999900000000
000000000000899900000000
000000000000888900000000
000000000000888800000000
000000000000888800000000
000000000000888800000000
000000000000888800000000
000000000000888800000000
000000000000888800000000
000000000000888800000000
000000000000888800000000
000000000000888800000000
000000000000888800000000
000000000000888800000000
000000000000888800000000
000000000000888800000000
000000000000788800000000
000000000000777800000000
000000000000777700000000
000000000000777700000000
000000000000777700000000
000000000000777700000000
000000000000777700000000
98a900000000777700000000
b9ba00000000777700000000
cbcb00000000777700000000
dcdc00000000777700000000
dded00000000777700000000
edee00000000777700000000
eeee00000000878700000000
eeee00000000888800000000
eeee00000000888800000000
eeee00000000888800000000
eeee00000000888800000000
eeee10100000888800000000
eeee11210000888800000000
eeee21320000888800000000
eeee32530000888800000000
eeee53650000888800000000
eeee85860000888800000000
eeee98980000888800000000
eeeea9a90000888800000000
eeeeaaaa0000888800000000
eeeeaaaa0000888800000000
eeeeaaaa0000989800000000
eeeeaaaa0000999900000000
eeeeaaaa0000999900000000
eeeeaaaa0000999900000000
eeeeaaaa0000999900000000
eeeeaaaa0000999900000000
eeeeaaaa0000999900000000
eeeeaaaa0000999900000000
eeeeaaaa0000999900000000
eeeeaaaa0000999900000000
eeeeaaaa0000999900000000
eeeeaaaa0000999900000000
eeeeaaaa0000999900000000
eeeeaaaa0000999900000000
eeeeaaaa0000999900000000
eeeeaaaa0000999900000000
eeeeaa9a0000a9a900000000
eeee8a690000aaaa00000000
eeee58460000aaaa00000000
eeee25240000aaaa00000000
eeee12120000aaaa00000000
eeee01010000aaaa00000000
eeee00000000aaaa00000000
eeee00000000aaaa00100000
eeee00000000aaaa10110000
eeee00000000aaaa11110000
eeee00000000aaaa11110000
eeee00000000aaaa11110000
eeee00000000aaaa11110000
eeee00000000aaaa11110000
eeee00000000aaaa11110000
deee00000000aaaa11110000
ddde00000000aaaa11210000
cddd00000000aaaa21220000
cccd00000000aaaa22220000
bccc00000000aaaa22220000
bbbc00000000aaaa22220000
abbb00000000aaba22220000
9aab00000000aabb22220000
99aa00000000aabb22320000
898a00000000babb22330000
787800000000bbbb22330000
676700000000bbbb32330000
565600000000bbbb33330000
455500000000bbbb33330000
444500000000bbbb33330000
344400000000bbbb33330000
333400000000bbbb33430000
232300000000bbbb33440000
222200000000bbbb33440000
121200000000bbbb33440000
111100000000bbbb33440000
010100000000bbbb33440000
000000000000bbbb33440000
000000000000bbbb33440000
000000000000bbbb33440000
000000000000bbbb33440000
000000000000bbbb33440000
000000000000bbbb33440000
001000000000bbbb33440000
001100000000bbbb33440000
101100000000bbbb33440000
111100000000bbbb33440000
111100000000bbbb33440000
112100000000bbbb33440000
212200000000bbbb33440000
222200000000bbbb33440000
222200000000bbbb33440000
222200000000bbbb33440000
222200000000bbbb33440000
222200000000bbbb33440000
222200000000bbbb33440000
222200000000bbbb33440000
122200000000bbbb33440000
112200000000bbbb33440000
112200000000bbbb33340000
112200000000bbbb33330000
111200000000abbb33330000
111100000000aabb33330000
011100000000aabb33330000
001100000000aaab23330000
000100000000aaaa22330000
000000000000aaaa22330000
000000000000aaaa22230000
000000000000aaaa22220000
000000000000aaaa22220000
000000000000aaaa22220000
000000000000aaaa22220000
000000000000aaaa12220000
000000000000aaaa11220000
000000000000aaaa11120000
000000000000aaaa11110000
000000000000aaaa11110000
000000000000aaaa11110000
000000000000aaaa11110000
000000000000aaaa11110000
000000000000aaaa01110000
000000000000aaaa00010000
000000000000aaaa00000000
000000000000aaaa00000000
000000000000aaaa00000000
0000000000009a9a00000000
000000000000999900000000
000000000000999900000000
000000000000999900000000
000000000000999900000000
000000000000999900000000
000000000000999900000000
000000000000999900000000
000000000000999900000000
000000000000999900000000
000000000000999900000000
000000000000999900000000
000000000000999900000000
000000000000999900000000
000000000000999900000000
000000000000999900000000
000000000000898900000000
000000000000888800000000
000000000000888800000000
000000000000888800000000
000000000000888800000000
000000000000888800000000
000000000000888800000000
000000000000888800000000
000000000000888800000000
000000000000888800000000
000000000000888800000000
000000000000888800000000
000000000000888800000000
000000000000888800000000
000000000000888800000000
000000000000787800000000
000000000000777700000000
000000000000777700000000
000000000000777700000000
000000000000777700000000
000000000000777700000000
000000000000777700000000
989800000000777700000000
a9b900000000777700000000
bacb00000000777700000000
cbdc00000000777700000000
dcdd00000000777700000000
eded00000000777700000000
eeee00000000778700000000
eeee00000000878800000000
eeee00000000888800000000
eeee00000000888800000000
eeee00000000888800000000
eeee00100000888800000000
eeee10110000888800000000
eeee21210000888800000000
eeee32320000888800000000
eeee63530000888800000000
eeee76850000888800000000
eeee87980000888800000000
eeee98a90000888800000000
eeeea9aa0000888800000000
eeeeaaaa0000888800000000
eeeeaaaa0000889800000000
eeeeaaaa0000989900000000
eeeeaaaa0000999900000000
eeeeaaaa0000999900000000
eeeeaaaa0000999900000000
eeeeaaaa0000999900000000
eeeeaaaa0000999900000000
eeeeaaaa0000999900000000
eeeeaaaa0000999900000000
eeeeaaaa0000999900000000
eeeeaaaa0000999900000000
eeeeaaaa0000999900000000
eeeeaaaa0000999900000000
eeeeaaaa0000999900000000
eeeeaaaa0000999900000000
eeeeaaaa0000999900000000
eeeeaaaa000099a900000000
eeee9a8a0000a9aa00000000
eeee69580000aaaa00000000
eeee46250000aaaa00000000
eeee14120000aaaa00000000
eeee01010000aaaa00000000
eeee00000000aaaa00000000
eeee00000000aaaa00000000
eeee00000000aaaa00100000
deee00000000aaaa00110000
ddee00000000aaaa10110000
edee00000000aaaa11110000
eeee00000000aaaa11110000
eeee00000000aaaa11110000
deee00000000aaaa11110000
ddde00000000aaaa11110000
cddd00000000aaaa11110000
bccd00000000aaaa11210000
bbcc00000000aaaa11220000
abbc00000000aaaa11220000
9abb00000000aaaa21220000
99ab00000000aaaa22220000
899a00000000aaaa22220000
889900000000aaaa22220000
788900000000aaba22220000
677800000000aabb22220000
566700000000aabb22320000
455600000000aabb22330000
344500000000babb22330000
334400000000bbbb22330000
233400000000bbbb32330000
223300000000bbbb33330000
222300000000bbbb33330000
122200000000bbbb33330000
111200000000bbbb33330000
111100000000bbbb33330000
010100000000bbbb33330000
000000000000bbbb33330000
000000000000bbbb33330000
000000000000bbbb33330000
000000000000bbbb33330000
000000000000bbbb33330000
000000000000bbbb33330000
000000000000bbbb33330000
000000000000bbbb33330000
001000000000bbbb33330000
001100000000bbbb33330000
101100000000bbbb33330000
111100000000bbbb33330000
112100000000bbbb33330000
112200000000bbbb33330000
112200000000bbbb33330000
112200000000bbbb33330000
112200000000bbbb33330000
112200000000bbbb33330000
112200000000bbbb33330000
112200000000bbbb33330000
111200000000abbb33330000
111100000000aabb33330000
111100000000aabb33330000
111100000000aabb33330000
011100000000aaab23330000
001100000000aaaa22330000
000100000000aaaa22330000
000000000000aaaa22230000
000000000000aaaa22220000
000000000000aaaa22220000
000000000000aaaa22220000
000000000000aaaa22220000
000000000000aaaa12220000
000000000000aaaa11220000
000000000000aaaa11220000
000000000000aaaa11120000
000000000000aaaa11110000
000000000000aaaa11110000
000000000000aaaa11110000
000000000000aaaa11110000
000000000000aaaa11110000
000000000000aaaa11110000
000000000000aaaa01110000
000000000000aaaa00010000
000000000000aaaa00000000
000000000000aaaa00000000
000000000000aaaa00000000
0000000000009aaa00000000
000000000000999a00000000
000000000000999900000000
000000000000999900000000
000000000000999900000000
000000000000999900000000
000000000000999900000000
000000000000999900000000
000000000000999900000000
000000000000999900000000
000000000000999900000000
000000000000999900000000
000000000000999900000000
000000000000999900000000
000000000000999900000000
000000000000999900000000
000000000000899900000000
000000000000888900000000
000000000000888800000000
000000000000888800000000
000000000000888800000000
000000000000888800000000
000000000000888800000000
000000000000888800000000
000000000000888800000000
000000000000888800000000
000000000000888800000000
000000000000888800000000
000000000000888800000000
000000000000888800000000
000000000000888800000000
000000000000788800000000
000000000000777800000000
000000000000777700000000
000000000000777700000000
000000000000777700000000
000000000000777700000000
000000000000777700000000
000000000000777700000000
879800000000777700000000
98a900000000777700000000
a9ba00000000777700000000
bacb00000000777700000000
cbdc00000000777700000000
dced00000000777700000000
edee00000000777700000000
eeee00000000878700000000
eeee00000000888800000000
eeee00000000888800000000
eeee00000000888800000000
eeee00000000888800000000
eeee10100000888800000000
eeee21210000888800000000
eeee32320000888800000000
eeee53630000888800000000
eeee65760000888800000000
eeee86870000888800000000
eeee98980000888800000000
eeeea9a90000888800000000
eeeeaaaa0000888800000000
eeeeaaaa0000888800000000
eeeeaaaa0000889800000000
eeeeaaaa0000989900000000
eeeeaaaa0000999900000000
eeeeaaaa0000999900000000
eeeeaaaa0000999900000000
eeeeaaaa0000999900000000
eeeeaaaa0000999900000000
eeeeaaaa0000999900000000
eeeeaaaa0000999900000000
eeeeaaaa0000999900000000
eeeeaaaa0000999900000000
eeeeaaaa0000999900000000
eeeeaaaa0000999900000000
eeeeaaaa0000999900000000
eeeeaaaa0000999900000000
eeee9aaa0000999900000000
eeee999a000099a900000000
eeee7969000099aa00000000
eeee47460000a9aa00000000
eeee24140000aaaa00000000
eeee12010000aaaa00000000
eeee01000000aaaa00000000
eeee00000000aaaa00000000
eeee00000000aaaa00000000
dede00000000aaaa00000000
cddd00000000aaaa00100000
dced00000000aaaa00110000
ddee00000000aaaa10110000
ddee00000000aaaa11110000
ddde00000000aaaa11110000
cddd00000000aaaa11110000
bccd00000000aaaa11110000
bbbc00000000aaaa11110000
abbb00000000aaaa11110000
9aab00000000aaaa11110000
899a00000000aaaa11210000
889900000000aaaa11220000
788900000000aaaa11220000
778800000000aaaa11220000
677800000000aaaa21220000
666700000000aaaa22220000
565600000000aaaa22220000
454500000000aaaa22220000
343400000000aaba22220000
233300000000aabb22220000
222300000000aabb22320000
122200000000aabb22330000
112200000000aabb22330000
111200000000aabb22330000
111100000000aabb32330000
011100000000aabb33330000
000100000000aabb33330000
000000000000aabb33330000
000000000000aabb33330000
000000000000aabb33330000
000000000000aabb23330000
000000000000aabb22330000
000000000000aabb22330000
000000000000aabb22330000
000000000000aabb22330000
000000000000aabb22330000
000000000000aabb22330000
001000000000aabb32330000
101100000000aabb33330000
111100000000aabb33330000
111100000000aabb33330000
111100000000aabb33330000
111100000000aabb33330000
111100000000aabb23330000
111100000000aabb22330000
111100000000aabb22330000
111100000000aabb22330000
011100000000aaab22330000
001100000000aaaa22330000
001100000000aaaa22330000
001100000000aaaa22330000
000100000000aaaa22230000
000000000000aaaa22220000
000000000000aaaa22220000
000000000000aaaa22220000
000000000000aaaa22220000
000000000000aaaa22220000
000000000000aaaa12220000
000000000000aaaa11220000
000000000000aaaa11120000
000000000000aaaa11110000
000000000000aaaa11110000
000000000000aaaa11110000
000000000000aaaa11110000
000000000000aaaa11110000
000000000000aaaa11110000
000000000000aaaa11110000
000000000000aaaa11110000
000000000000aaaa01110000
000000000000aaaa00010000
000000000000aaaa00000000
000000000000aaaa00000000
0000000000009aaa00000000
00000000000099aa00000000
000000000000999a00000000
000000000000999900000000
000000000000999900000000
000000000000999900000000
000000000000999900000000
000000000000999900000000
000000000000999900000000
000000000000999900000000
000000000000999900000000
000000000000999900000000
000000000000999900000000
000000000000999900000000
000000000000999900000000
000000000000999900000000
000000000000999900000000
000000000000899900000000
000000000000888900000000
000000000000888800000000
000000000000888800000000
000000000000888800000000
000000000000888800000000
000000000000888800000000
000000000000888800000000
000000000000888800000000
000000000000888800000000
000000000000888800000000
000000000000888800000000
000000000000888800000000
000000000000888800000000
000000000000888800000000
000000000000888800000000
000000000000787800000000
000000000000777700000000
000000000000777700000000
000000000000777700000000
000000000000777700000000
000000000000777700000000
000000000000777700000000
000000000000777700000000
768700000000777700000000
879800000000777700000000
a8a900000000777700000000
baba00000000777700000000
cbcb00000000777700000000
dcdc00000000777700000000
dded00000000777700000000
edee00000000878700000000
eeee00000000888800000000
eeee00000000888800000000
eeee00000000888800000000
eeee00000000888800000000
eeee10100000888800000000
eeee21210000888800000000
eeee22320000888800000000
eeee42530000888800000000
eeee54650000888800000000
eeee75860000888800000000
eeee97980000888800000000
eeeea9a90000888800000000
eeeeaaaa0000888800000000
eeeeaaaa0000888800000000
eeeeaaaa0000888800000000
eeeeaaaa0000989800000000
eeeeaaaa0000999900000000
eeeeaaaa0000999900000000
eeeeaaaa0000999900000000
eeeeaaaa0000999900000000
eeeeaaaa0000999900000000
eeeeaaaa0000999900000000
eeeeaaaa0000999900000000
eeeeaaaa0000999900000000
eeeeaaaa0000999900000000
eeeeaaaa0000999900000000
eeeeaaaa0000999900000000
eeeeaaaa0000999900000000
eeeeaaaa0000999900000000
eeee9a9a0000999900000000
eeee89990000999900000000
eeee68790000999900000000
eeee5647000099a900000000
eeee35240000a9aa00000000
eeee13120000aaaa00000000
eeee01010000aaaa00000000
eeee00000000aaaa00000000
eeee00000000aaaa00000000
dede00000000aaaa00000000
cdcd00000000aaaa00000000
bcdc00000000aaaa00000000
cbdd00000000aaaa00100000
ccdd00000000aaaa00110000
ccdd00000000aaaa10110000
bccd00000000aaaa11110000
bbbc00000000aaaa11110000
abbb00000000aaaa11110000
9aab00000000aaaa11110000
899a00000000aaaa11110000
788900000000aaaa11110000
778800000000aaaa11110000
677800000000aaaa11110000
667700000000aaaa11110000
566700000000aaaa11210000
556600000000aaaa11220000
455600000000aaaa11220000
444500000000aaaa11220000
343400000000aaaa21220000
232300000000aaaa22220000
122200000000aaaa22220000
111200000000aaaa22220000
111100000000aaaa22220000
111100000000aaaa22220000
011100000000aaaa22320000
000100000000aaaa22330000
000000000000aaaa22330000
000000000000aaaa22330000
000000000000aaaa22330000
000000000000aaaa22330000
000000000000aaaa22230000
000000000000aaaa22220000
000000000000aaaa22220000
000000000000aaaa22220000
000000000000aaaa22220000
000000000000aaaa22220000
000000000000aaaa22220000
000000000000aaaa22320000
001000000000aaaa22330000
001100000000aaaa22330000
001100000000aaaa22330000
001100000000aaaa22330000
001100000000aaaa22330000
001100000000aaaa22230000
001100000000aaaa22220000
001100000000aaaa22220000
001100000000aaaa22220000
000100000000aaaa22220000
000000000000aaaa22220000
000000000000aaaa22220000
000000000000aaaa22220000
000000000000aaaa22220000
000000000000aaaa22220000
000000000000aaaa22220000
000000000000aaaa12220000
000000000000aaaa11220000
000000000000aaaa11220000
000000000000aaaa11120000
000000000000aaaa11110000
000000000000aaaa11110000
000000000000aaaa11110000
000000000000aaaa11110000
000000000000aaaa11110000
000000000000aaaa11110000
000000000000aaaa11110000
000000000000aaaa11110000
000000000000aaaa11110000
000000000000aaaa01110000
000000000000aaaa00010000
000000000000aaaa00000000
000000000000aaaa00000000
0000000000009aaa00000000
000000000000999a00000000
000000000000999900000000
000000000000999900000000
000000000000999900000000
000000000000999900000000
000000000000999900000000
000000000000999900000000
000000000000999900000000
000000000000999900000000
000000000000999900000000
000000000000999900000000
000000000000999900000000
000000000000999900000000
000000000000999900000000
000000000000999900000000
000000000000999900000000
000000000000999900000000
000000000000898900000000
000000000000888800000000
000000000000888800000000
000000000000888800000000
000000000000888800000000
000000000000888800000000
000000000000888800000000
000000000000888800000000
000000000000888800000000
000000000000888800000000
000000000000888800000000
000000000000888800000000
000000000000888800000000
000000000000888800000000
000000000000888800000000
000000000000888800000000
000000000000787800000000
000000000000777700000000
000000000000777700000000
000000000000777700000000
000000000000777700000000
000000000000777700000000
000000000000777700000000
000000000000777700000000
757600000000777700000000
878700000000777700000000
98a800000000777700000000
a9ba00000000777700000000
bacb00000000777700000000
cbdc00000000777700000000
dcdd00000000777700000000
dded00000000778700000000
edee00000000878800000000
eeee00000000888800000000
eeee00000000888800000000
eeee00000000888800000000
eeee00100000888800000000
eeee10210000888800000000
eeee21220000888800000000
eeee32420000888800000000
eeee53540000888800000000
eeee75750000888800000000
eeee97970000888800000000
eeeea9a90000888800000000
eeeeaaaa0000888800000000
eeeeaaaa0000888800000000
eeeeaaaa0000888800000000
eeeeaaaa0000889800000000
eeeeaaaa0000989900000000
eeeeaaaa0000999900000000
eeeeaaaa0000999900000000
eeeeaaaa0000999900000000
eeeeaaaa0000999900000000
eeeeaaaa0000999900000000
eeeeaaaa0000999900000000
eeeeaaaa0000999900000000
eeeeaaaa0000999900000000
eeeeaaaa0000999900000000
eeeeaaaa0000999900000000
eeeeaaaa0000999900000000
eeee9aaa0000999900000000
eeee999a0000999900000000
eeee79890000999900000000
eeee57680000999900000000
eeee45560000999900000000
eeee3435000099a900000000
eeee13130000a9aa00000000
eeee01010000aaaa00000000
eeee00000000aaaa00000000
eeee00000000aaaa00000000
eede00000000aaaa00000000
cecd00000000aaaa00000000
acbc00000000aaaa00000000
aacb00000000aaaa00000000
bacc00000000aaaa00000000
bbcc00000000aaaa00100000
bbbc00000000aaaa00110000
abbb00000000aaaa10110000
9aab00000000aaaa11110000
899a00000000aaaa11110000
788900000000aaaa11110000
777800000000aaaa11110000
677700000000aaaa11110000
566700000000aaaa11110000
556600000000aaaa11110000
455600000000aaaa11110000
445500000000aaaa11110000
344500000000aaaa11110000
334400000000aaaa11110000
233400000000aaaa11210000
222300000000aaaa11220000
121200000000aaaa11220000
111100000000aaaa21220000
011100000000aaaa22220000
001100000000aaaa22220000
000100000000aaaa22220000
000000000000aaaa22220000
000000000000aaaa22220000
000000000000aaaa22220000
000000000000aaaa22220000
000000000000aaaa22220000
000000000000aaaa22220000
000000000000aaaa22220000
000000000000aaaa22220000
000000000000aaaa22220000
000000000000aaaa22220000
000000000000aaaa22220000
000000000000aaaa22220000
000000000000aaaa22220000
000000000000aaaa22220000
000000000000aaaa22220000
000000000000aaaa22220000
000000000000aaaa22220000
000000000000aaaa22220000
000000000000aaaa22220000
000000000000aaaa22220000
000000000000aaaa22220000
000000000000aaaa22220000
000000000000aaaa22220000
000000000000aaaa22220000
000000000000aaaa22220000
000000000000aaaa12220000
000000000000aaaa11220000
000000000000aaaa11220000
000000000000aaaa11220000
000000000000aaaa11120000
000000000000aaaa11110000
000000000000aaaa11110000
000000000000aaaa11110000
000000000000aaaa11110000
000000000000aaaa11110000
000000000000aaaa11110000
000000000000aaaa11110000
000000000000aaaa11110000
000000000000aaaa11110000
000000000000aaaa11110000
000000000000aaaa11110000
000000000000aaaa01110000
000000000000aaaa00010000
000000000000aaaa00000000
000000000000aaaa00000000
0000000000009aaa00000000
000000000000999a00000000
000000000000999900000000
000000000000999900000000
000000000000999900000000
000000000000999900000000
000000000000999900000000
000000000000999900000000
000000000000999900000000
000000000000999900000000
000000000000999900000000
000000000000999900000000
000000000000999900000000
000000000000999900000000
000000000000999900000000
000000000000999900000000
000000000000999900000000
000000000000999900000000
000000000000899900000000
000000000000888900000000
000000000000888800000000
000000000000888800000000
000000000000888800000000
000000000000888800000000
000000000000888800000000
000000000000888800000000
000000000000888800000000
000000000000888800000000
000000000000888800000000
000000000000888800000000
000000000000888800000000
000000000000888800000000
000000000000888800000000
000000000000888800000000
000000000000788800000000
000000000000777800000000
000000000000777700000000
000000000000777700000000
000000000000777700000000
000000000000777700000000
000000000000777700000000
000000000000777700000000
000000000000777700000000
657500000000777700000000
768700000000777700000000
879800000000777700000000
98a900000000777700000000
a9ba00000000777700000000
bacb00000000777700000000
cbdc00000000777700000000
ecdd00000000777700000000
eeed00000000878700000000
eeee00000000888800000000
eeee00000000888800000000
eeee00000000888800000000
eeee00000000888800000000
eeee10100000888800000000
eeee11210000888800000000
eeee31320000888800000000
eeee53530000888800000000
eeee65750000888800000000
eeee86970000888800000000
eeee98a90000888800000000
eeee99aa0000888800000000
eeeea9aa0000888800000000
eeeeaaaa0000888800000000
eeeeaaaa0000888800000000
eeeeaaaa0000889800000000
eeeeaaaa0000989900000000
eeeeaaaa0000999900000000
eeeeaaaa0000999900000000
eeeeaaaa0000999900000000
eeeeaaaa0000999900000000
eeeeaaaa0000999900000000
eeeeaaaa0000999900000000
eeeeaaaa0000999900000000
eeeeaaaa0000999900000000
eeee9aaa0000999900000000
eeee99aa0000999900000000
eeee999a0000999900000000
eeee89990000999900000000
eeee78790000999900000000
eeee57570000999900000000
eeee35450000999900000000
eeee23340000999900000000
eeee1213000099a900000000
eeee0101000099aa00000000
eeee00000000a9aa00000000
eeee00000000aaaa00000000
eeee00000000aaaa00000000
dece00000000aaaa00000000
bdac00000000aaaa00000000
9baa00000000aaaa00000000
99ba00000000aaaa00000000
a9bb00000000aaaa00000000
9abb00000000aaaa00000000
99ab00000000aaaa00100000
899a00000000aaaa00110000
788900000000aaaa00110000
677800000000aaaa10110000
667700000000aaaa11110000
566700000000aaaa11110000
455600000000aaaa11110000
445500000000aaaa11110000
344500000000aaaa11110000
334400000000aaaa11110000
333400000000aaaa11110000
233300000000aaaa11110000
222300000000aaaa11110000
222200000000aaaa11110000
121200000000aaaa11110000
111100000000aaaa11210000
010100000000aaaa11220000
000000000000aaaa11220000
000000000000aaaa11220000
000000000000aaaa11220000
000000000000aaaa11220000
000000000000aaaa11220000
000000000000aaaa11220000
000000000000aaaa11220000
000000000000aaaa11220000
000000000000aaaa11220000
000000000000aaaa11220000
000000000000aaaa11220000
000000000000aaaa11220000
000000000000aaaa11220000
000000000000aaaa11220000
000000000000aaaa11220000
000000000000aaaa11220000
000000000000aaaa11220000
000000000000aaaa11220000
000000000000aaaa11220000
000000000000aaaa11220000
000000000000aaaa11220000
000000000000aaaa11220000
000000000000aaaa11220000
000000000000aaaa11220000
000000000000aaaa11220000
000000000000aaaa11220000
000000000000aaaa11220000
000000000000aaaa11120000
000000000000aaaa11110000
000000000000aaaa11110000
000000000000aaaa11110000
000000000000aaaa11110000
000000000000aaaa11110000
000000000000aaaa11110000
000000000000aaaa11110000
000000000000aaaa11110000
000000000000aaaa11110000
000000000000aaaa11110000
000000000000aaaa11110000
000000000000aaaa11110000
000000000000aaaa01110000
000000000000aaaa00110000
000000000000aaaa00110000
000000000000aaaa00010000
000000000000aaaa00000000
0000000000009aaa00000000
00000000000099aa00000000
000000000000999a00000000
000000000000999900000000
000000000000999900000000
000000000000999900000000
000000000000999900000000
000000000000999900000000
000000000000999900000000
000000000000999900000000
000000000000999900000000
000000000000999900000000
000000000000999900000000
000000000000999900000000
000000000000999900000000
000000000000999900000000
000000000000999900000000
000000000000999900000000
000000000000999900000000
000000000000899900000000
000000000000888900000000
000000000000888800000000
000000000000888800000000
000000000000888800000000
000000000000888800000000
000000000000888800000000
000000000000888800000000
000000000000888800000000
000000000000888800000000
000000000000888800000000
000000000000888800000000
000000000000888800000000
000000000000888800000000
000000000000888800000000
000000000000888800000000
000000000000888800000000
000000000000787800000000
000000000000777700000000
000000000000777700000000
000000000000777700000000
000000000000777700000000
000000000000777700000000
000000000000777700000000
000000000000777700000000
000000000000677700000000
546500000000777700000000
657600000000777700000000
768700000000777700000000
879800000000777700000000
a8a900000000777700000000
baba00000000777700000000
dbcb00000000777700000000
edec00000000777700000000
eeee00000000778700000000
eeee00000000878800000000
eeee00000000888800000000
eeee00000000888800000000
eeee00000000888800000000
eeee00100000888800000000
eeee10110000888800000000
eeee21310000888800000000
eeee42530000888800000000
eeee64650000888800000000
eeee76860000888800000000
eeee87980000888800000000
eeee88990000888800000000
eeee98a90000888800000000
eeeea9aa0000888800000000
eeeeaaaa0000888800000000
eeeeaaaa0000888800000000
eeeeaaaa0000989800000000
eeeeaaaa0000999900000000
eeeeaaaa0000999900000000
eeeeaaaa0000999900000000
eeeeaaaa0000999900000000
eeeeaaaa0000999900000000
eeeeaaaa0000999900000000
eeeeaaaa0000999900000000
eeee9aaa0000999900000000
eeee899a0000999900000000
eeee88990000999900000000
eeee78990000999900000000
eeee77890000999900000000
eeee67780000999900000000
eeee46570000999900000000
eeee34350000999900000000
eeee23230000999900000000
eeee12120000999900000000
eeee01010000999900000000
eeee0000000099a900000000
eeee00000000a9aa00000000
eeee00000000aaaa00000000
eede00000000aaaa00000000
debd00000000aaaa00000000
bd9b00000000aaaa00000000
8b9900000000aaaa00000000
88a900000000aaaa00000000
889a00000000aaaa00000000
889900000000aaaa00000000
788900000000aaaa00000000
677800000000aaaa00000000
666700000000aaaa00100000
566600000000aaaa00110000
455600000000aaaa00110000
444500000000aaaa10110000
344400000000aaaa11110000
333400000000aaaa11110000
233300000000aaaa11110000
223300000000aaaa11110000
222300000000aaaa11110000
122200000000aaaa11110000
112200000000aaaa11110000
111200000000aaaa11110000
111100000000aaaa11110000
010100000000aaaa11110000
000000000000aaaa11110000
000000000000aaaa11110000
000000000000aaaa11110000
000000000000aaaa11110000
000000000000aaaa11110000
000000000000aaaa11110000
000000000000aaaa11110000
000000000000aaaa11110000
000000000000aaaa11110000
000000000000aaaa11110000
000000000000aaaa11110000
000000000000aaaa11110000
000000000000aaaa11110000
000000000000aaaa11110000
000000000000aaaa11110000
000000000000aaaa11110000
000000000000aaaa11110000
000000000000aaaa11110000
000000000000aaaa11110000
000000000000aaaa11110000
000000000000aaaa11110000
000000000000aaaa11110000
000000000000aaaa11110000
000000000000aaaa11110000
000000000000aaaa11110000
000000000000aaaa11110000
000000000000aaaa11110000
000000000000aaaa11110000
000000000000aaaa11110000
000000000000aaaa11110000
000000000000aaaa11110000
000000000000aaaa11110000
000000000000aaaa11110000
000000000000aaaa11110000
000000000000aaaa11110000
000000000000aaaa11110000
000000000000aaaa11110000
000000000000aaaa11110000
000000000000aaaa01110000
000000000000aaaa00110000
000000000000aaaa00010000
000000000000aaaa00000000
000000000000aaaa00000000
000000000000aaaa00000000
0000000000009aaa00000000
000000000000999a00000000
000000000000999900000000
000000000000999900000000
000000000000999900000000
000000000000999900000000
000000000000999900000000
000000000000999900000000
000000000000999900000000
000000000000999900000000
000000000000999900000000
000000000000999900000000
000000000000999900000000
000000000000999900000000
000000000000999900000000
000000000000999900000000
000000000000999900000000
000000000000999900000000
000000000000999900000000
000000000000999900000000
000000000000898900000000
000000000000888800000000
000000000000888800000000
000000000000888800000000
000000000000888800000000
000000000000888800000000
000000000000888800000000
000000000000888800000000
000000000000888800000000
000000000000888800000000
000000000000888800000000
000000000000888800000000
000000000000888800000000
000000000000888800000000
000000000000888800000000
000000000000888800000000
000000000000788800000000
000000000000777800000000
000000000000777700000000
000000000000777700000000
000000000000777700000000
000000000000777700000000
000000000000777700000000
000000000000777700000000
000000000000777700000000
000000000000676700000000
435400000000767700000000
546500000000777700000000
657600000000777700000000
868700000000777700000000
a8a800000000777700000000
baba00000000777700000000
dbdb00000000777700000000
dded00000000777700000000
edee00000000777700000000
eeee00000000778700000000
eeee00000000878800000000
eeee00000000888800000000
eeee00000000888800000000
eeee00000000888800000000
eeee10100000888800000000
eeee21210000888800000000
eeee32420000888800000000
eeee53640000888800000000
eeee55760000888800000000
eeee65870000888800000000
eeee76880000888800000000
eeee87980000888800000000
eeee98a90000888800000000
eeeea9aa0000888800000000
eeeeaaaa0000888800000000
eeeeaaaa0000889800000000
eeeeaaaa0000989900000000
eeeeaaaa0000999900000000
eeee9aaa0000999900000000
eeee99aa0000999900000000
eeee99aa0000999900000000
eeee99aa0000999900000000
eeee99aa0000999900000000
eeee999a0000999900000000
eeee79890000999900000000
eeee67880000999900000000
eeee66780000999900000000
eeee56770000999900000000
eeee55670000999900000000
eeee45460000999900000000
eeee24340000999900000000
eeee12230000999900000000
eeee11120000999900000000
eeee01010000999900000000
eeee00000000999900000000
eeee0000000099a900000000
eeee0000000099aa00000000
eeee00000000a9aa00000000
dede00000000aaaa00000000
cdbd00000000aaaa00000000
ac8b00000000aaaa00000000
7a8800000000aaaa00000000
778800000000aaaa00000000
778800000000aaaa00000000
677800000000aaaa00000000
666700000000aaaa00000000
566600000000aaaa00000000
455600000000aaaa00000000
444500000000aaaa00000000
344400000000aaaa00100000
233400000000aaaa00110000
223300000000aaaa00110000
222300000000aaaa00110000
122200000000aaaa10110000
112200000000aaaa11110000
111200000000aaaa11110000
111100000000aaaa11110000
111100000000aaaa11110000
011100000000aaaa11110000
000100000000aaaa11110000
000000000000aaaa11110000
000000000000aaaa11110000
000000000000aaaa11110000
000000000000aaaa11110000
000000000000aaaa11110000
000000000000aaaa11110000
000000000000aaaa11110000
000000000000aaaa11110000
000000000000aaaa11110000
000000000000aaaa11110000
000000000000aaaa11110000
000000000000aaaa11110000
000000000000aaaa11110000
000000000000aaaa11110000
000000000000aaaa11110000
000000000000aaaa11110000
000000000000aaaa11110000
000000000000aaaa11110000
000000000000aaaa11110000
000000000000aaaa11110000
000000000000aaaa11110000
000000000000aaaa11110000
000000000000aaaa11110000
000000000000aaaa11110000
000000000000aaaa11110000
000000000000aaaa11110000
000000000000aaaa11110000
000000000000aaaa11110000
000000000000aaaa11110000
000000000000aaaa11110000
000000000000aaaa11110000
000000000000aaaa11110000
000000000000aaaa11110000
000000000000aaaa11110000
000000000000aaaa01110000
000000000000aaaa00110000
000000000000aaaa00110000
000000000000aaaa00110000
000000000000aaaa00010000
000000000000aaaa00000000
000000000000aaaa00000000
000000000000aaaa00000000
0000000000009aaa00000000
00000000000099aa00000000
000000000000999a00000000
000000000000999900000000
000000000000999900000000
000000000000999900000000
000000000000999900000000
000000000000999900000000
000000000000999900000000
000000000000999900000000
000000000000999900000000
000000000000999900000000
000000000000999900000000
000000000000999900000000
000000000000999900000000
000000000000999900000000
000000000000999900000000
000000000000999900000000
000000000000999900000000
000000000000999900000000
000000000000999900000000
000000000000899900000000
000000000000888900000000
000000000000888800000000
000000000000888800000000
000000000000888800000000
000000000000888800000000
000000000000888800000000
000000000000888800000000
000000000000888800000000
000000000000888800000000
000000000000888800000000
000000000000888800000000
000000000000888800000000
000000000000888800000000
000000000000888800000000
000000000000888800000000
000000000000788800000000
000000000000777800000000
000000000000777700000000
000000000000777700000000
000000000000777700000000
000000000000777700000000
000000000000777700000000
000000000000777700000000
000000000000777700000000
000000000000677700000000
000000000000666700000000
434300000000767600000000
545400000000777700000000
756500000000777700000000
878600000000777700000000
a8a800000000777700000000
baba00000000777700000000
cbdb00000000777700000000
dcdd00000000777700000000
dded00000000777700000000
edee00000000777700000000
eeee00000000878700000000
eeee00000000888800000000
eeee00000000888800000000
eeee00000000888800000000
eeee10100000888800000000
eeee21210000888800000000
eeee32320000888800000000
eeee33530000888800000000
eeee43550000888800000000
eeee54650000888800000000
eeee65760000888800000000
eeee76870000888800000000
eeee97980000888800000000
eeee99a90000888800000000
eeee99aa0000888800000000
eeee99aa0000888800000000
eeee99aa0000889800000000
eeee99aa0000989900000000
eeee999a0000999900000000
eeee89990000999900000000
eeee88990000999900000000
eeee88990000999900000000
eeee78990000999900000000
eeee77990000999900000000
eeee67790000999900000000
eeee56670000999900000000
eeee45660000999900000000
eeee44560000999900000000
eeee34550000999900000000
eeee33450000999900000000
eeee23240000999900000000
eeee12120000999900000000
eeee01110000999900000000
eeee00010000999900000000
eeee00000000999900000000
eeee00000000999900000000
eeee00000000999900000000
eeee0000000099a900000000
dede0000000099aa00000000
cdcd00000000a9aa00000000
acac00000000aaaa00000000
8a7a00000000aaaa00000000
687700000000aaaa00000000
667700000000aaaa00000000
566700000000aaaa00000000
556600000000aaaa00000000
455600000000aaaa00000000
344500000000aaaa00000000
334400000000aaaa00000000
233400000000aaaa00000000
222300000000aaaa00000000
222200000000aaaa00000000
122200000000aaaa00000000
111200000000aaaa00100000
111100000000aaaa00110000
111100000000aaaa00110000
011100000000aaaa00110000
001100000000aaaa00110000
000100000000aaaa10110000
000000000000aaaa11110000
000000000000aaaa11110000
000000000000aaaa11110000
000000000000aaaa11110000
000000000000aaaa11110000
000000000000aaaa11110000
000000000000aaaa11110000
000000000000aaaa11110000
000000000000aaaa11110000
000000000000aaaa11110000
000000000000aaaa11110000
000000000000aaaa11110000
000000000000aaaa11110000
000000000000aaaa11110000
000000000000aaaa11110000
000000000000aaaa11110000
000000000000aaaa11110000
000000000000aaaa11110000
000000000000aaaa11110000
000000000000aaaa11110000
000000000000aaaa11110000
000000000000aaaa11110000
000000000000aaaa11110000
000000000000aaaa11110000
000000000000aaaa11110000
000000000000aaaa11110000
000000000000aaaa11110000
000000000000aaaa11110000
000000000000aaaa11110000
000000000000aaaa11110000
000000000000aaaa11110000
000000000000aaaa01110000
000000000000aaaa00110000
000000000000aaaa00110000
000000000000aaaa00110000
000000000000aaaa00010000
000000000000aaaa00000000
000000000000aaaa00000000
000000000000aaaa00000000
000000000000aaaa00000000
000000000000aaaa00000000
0000000000009aaa00000000
00000000000099aa00000000
000000000000999a00000000
000000000000999900000000
000000000000999900000000
000000000000999900000000
000000000000999900000000
000000000000999900000000
000000000000999900000000
000000000000999900000000
000000000000999900000000
000000000000999900000000
000000000000999900000000
000000000000999900000000
000000000000999900000000
000000000000999900000000
000000000000999900000000
000000000000999900000000
000000000000999900000000
000000000000999900000000
000000000000999900000000
000000000000999900000000
000000000000899900000000
000000000000888900000000
000000000000888800000000
000000000000888800000000
000000000000888800000000
000000000000888800000000
000000000000888800000000
000000000000888800000000
000000000000888800000000
000000000000888800000000
000000000000888800000000
000000000000888800000000
000000000000888800000000
000000000000888800000000
000000000000888800000000
000000000000888800000000
000000000000888800000000
000000000000787800000000
000000000000777700000000
000000000000777700000000
000000000000777700000000
000000000000777700000000
000000000000777700000000
000000000000777700000000
000000000000777700000000
000000000000777700000000
000000000000676700000000
000000000000666600000000
434300000000667600000000
545400000000767700000000
757500000000777700000000
878700000000777700000000
98a800000000777700000000
a9ba00000000777700000000
bacb00000000777700000000
cbdc00000000777700000000
dcdd00000000777700000000
eded00000000777700000000
eeee00000000778700000000
eeee00000000878800000000
eeee00000000888800000000
eeee00000000888800000000
eeee00100000888800000000
eeee10210000888800000000
eeee21320000888800000000
eeee22330000888800000000
eeee32430000888800000000
eeee33540000888800000000
eeee53650000888800000000
eeee75760000888800000000
eeee77970000888800000000
eeee87990000888800000000
eeee88990000888800000000
eeee88990000888800000000
eeee78990000888800000000
eeee77990000889800000000
eeee77990000989900000000
eeee67890000999900000000
eeee76880000999900000000
eeee77880000999900000000
eeee67780000999900000000
eeee66770000999900000000
eeee56670000999900000000
eeee45560000999900000000
eeee34450000999900000000
eeee23440000999900000000
eeee22340000999900000000
eeee22330000999900000000
eeee12230000999900000000
eeee11120000999900000000
eeee01010000999900000000
eeee00000000999900000000
eeee00000000999900000000
eeee00000000999900000000
eeee00000000999900000000
eeee00000000999900000000
dede00000000999900000000
cdcd0000000099a900000000
bcac0000000099aa00000000
9b8a0000000099aa00000000
796800000000a9aa00000000
576600000000aaaa00000000
455600000000aaaa00000000
445500000000aaaa00000000
444500000000aaaa00000000
343400000000aaaa00000000
233300000000aaaa00000000
222300000000aaaa00000000
122200000000aaaa00000000
112200000000aaaa00000000
111200000000aaaa00000000
111100000000aaaa00000000
011100000000aaaa00000000
001100000000aaaa00000000
000100000000aaaa00000000
000000000000aaaa00000000
000000000000aaaa00100000
000000000000aaaa00110000
000000000000aaaa00110000
000000000000aaaa00110000
000000000000aaaa00110000
000000000000aaaa00110000
000000000000aaaa00110000
000000000000aaaa00110000
000000000000aaaa00110000
000000000000aaaa00110000
000000000000aaaa00110000
000000000000aaaa00110000
000000000000aaaa00110000
000000000000aaaa00110000
000000000000aaaa00110000
000000000000aaaa00110000
000000000000aaaa00110000
000000000000aaaa00110000
000000000000aaaa00110000
000000000000aaaa10110000
000000000000aaaa11110000
000000000000aaaa11110000
000000000000aaaa11110000
000000000000aaaa11110000
000000000000aaaa01110000
000000000000aaaa00110000
000000000000aaaa00110000
000000000000aaaa00110000
000000000000aaaa00110000
000000000000aaaa00110000
000000000000aaaa00110000
000000000000aaaa00110000
000000000000aaaa00010000
000000000000aaaa00000000
000000000000aaaa00000000
000000000000aaaa00000000
000000000000aaaa00000000
000000000000aaaa00000000
000000000000aaaa00000000
0000000000009aaa00000000
00000000000099aa00000000
00000000000099aa00000000
000000000000999a00000000
000000000000999900000000
000000000000999900000000
000000000000999900000000
000000000000999900000000
000000000000999900000000
000000000000999900000000
000000000000999900000000
000000000000999900000000
000000000000999900000000
000000000000999900000000
000000000000999900000000
000000000000999900000000
000000000000999900000000
000000000000999900000000
000000000000999900000000
000000000000999900000000
000000000000999900000000
000000000000999900000000
000000000000999900000000
000000000000999900000000
000000000000899900000000
000000000000888900000000
000000000000888800000000
000000000000888800000000
000000000000888800000000
000000000000888800000000
000000000000888800000000
000000000000888800000000
000000000000888800000000
000000000000888800000000
000000000000888800000000
000000000000888800000000
000000000000888800000000
000000000000888800000000
000000000000888800000000
000000000000888800000000
000000000000888800000000
000000000000788800000000
000000000000777800000000
000000000000777700000000
000000000000777700000000
000000000000777700000000
000000000000777700000000
000000000000777700000000
000000000000777700000000
000000000000777700000000
000000000000677700000000
000000000000666700000000
000000000000666600000000
434300000000666600000000
545400000000767600000000
657500000000777700000000
868700000000777700000000
989800000000777700000000
a9a900000000777700000000
baba00000000777700000000
cbcb00000000777700000000
dcdc00000000777700000000
dded00000000777700000000
edee00000000777700000000
eeee00000000878700000000
eeee00000000888800000000
eeee00000000888800000000
eeee00000000888800000000
eeee10100000888800000000
eeee11210000888800000000
eeee11220000888800000000
eeee21320000888800000000
eeee22330000888800000000
eeee42530000888800000000
eeee54750000888800000000
eeee65770000888800000000
eeee66870000888800000000
eeee66880000888800000000
eeee76880000888800000000
eeee67780000888800000000
eeee66770000888800000000
eeee66770000889800000000
eeee56670000989900000000
eeee55760000999900000000
eeee55770000999900000000
eeee45670000999900000000
eeee44660000999900000000
eeee44560000999900000000
eeee34450000999900000000
eeee23340000999900000000
eeee12230000999900000000
eeee11220000999900000000
eeee11220000999900000000
eeee11120000999900000000
eeee01110000999900000000
eeee00010000999900000000
eeee00000000999900000000
eeee00000000999900000000
eeee00000000999900000000
eeee00000000999900000000
eeee00000000999900000000
dede00000000999900000000
cdcd00000000999900000000
bcbc00000000999900000000
9b9b00000000999900000000
79790000000099a900000000
67570000000099aa00000000
46450000000099aa00000000
344400000000a9aa00000000
334400000000aaaa00000000
233400000000aaaa00000000
222300000000aaaa00000000
122200000000aaaa00000000
111200000000aaaa00000000
111100000000aaaa00000000
111100000000aaaa00000000
011100000000aaaa00000000
000100000000aaaa00000000
000000000000aaaa00000000
000000000000aaaa00000000
000000000000aaaa00000000
000000000000aaaa00000000
000000000000aaaa00000000
000000000000aaaa00000000
000000000000aaaa00000000
000000000000aaaa00000000
000000000000aaaa00000000
000000000000aaaa00000000
000000000000aaaa00000000
000000000000aaaa00000000
000000000000aaaa00000000
000000000000aaaa00000000
000000000000aaaa00000000
000000000000aaaa00000000
000000000000aaaa00000000
000000000000aaaa00000000
000000000000aaaa00000000
000000000000aaaa00000000
000000000000aaaa00000000
000000000000aaaa00000000
000000000000aaaa00100000
000000000000aaaa00110000
000000000000aaaa00110000
000000000000aaaa00110000
000000000000aaaa00110000
000000000000aaaa00010000
000000000000aaaa00000000
000000000000aaaa00000000
000000000000aaaa00000000
000000000000aaaa00000000
000000000000aaaa00000000
000000000000aaaa00000000
000000000000aaaa00000000
000000000000aaaa00000000
000000000000aaaa00000000
000000000000aaaa00000000
000000000000aaaa00000000
0000000000009aaa00000000
00000000000099aa00000000
00000000000099aa00000000
000000000000999a00000000
000000000000999900000000
000000000000999900000000
000000000000999900000000
000000000000999900000000
000000000000999900000000
000000000000999900000000
000000000000999900000000
000000000000999900000000
000000000000999900000000
000000000000999900000000
000000000000999900000000
000000000000999900000000
000000000000999900000000
000000000000999900000000
000000000000999900000000
000000000000999900000000
000000000000999900000000
000000000000999900000000
000000000000999900000000
000000000000999900000000
000000000000999900000000
000000000000999900000000
000000000000899900000000
000000000000888900000000
000000000000888800000000
000000000000888800000000
000000000000888800000000
000000000000888800000000
000000000000888800000000
000000000000888800000000
000000000000888800000000
000000000000888800000000
000000000000888800000000
000000000000888800000000
000000000000888800000000
000000000000888800000000
000000000000888800000000
000000000000888800000000
000000000000888800000000
000000000000888800000000
000000000000787800000000
000000000000777700000000
000000000000777700000000
000000000000777700000000
000000000000777700000000
000000000000777700000000
000000000000777700000000
000000000000777700000000
000000000000777700000000
000000000000676700000000
000000000000666600000000
000000000000666600000000
434300000000666600000000
545400000000667600000000
656500000000767700000000
768600000000777700000000
879800000000777700000000
98a900000000777700000000
a9ba00000000777700000000
bacb00000000777700000000
cbdc00000000777700000000
dcdd00000000777700000000
eded00000000777700000000
eeee00000000778700000000
eeee00000000878800000000
eeee00000000888800000000
eeee00000000888800000000
eeee00100000888800000000
eeee00110000888800000000
eeee10110000888800000000
eeee11210000888800000000
eeee21220000888800000000
eeee32420000888800000000
eeee43540000888800000000
eeee54650000888800000000
eeee55660000888800000000
eeee55660000888800000000
eeee55760000888800000000
eeee45670000888800000000
eeee44660000888800000000
eeee44660000888800000000
eeee34560000889800000000
eeee33550000989900000000
eeee43550000999900000000
eeee34450000999900000000
eeee33440000999900000000
eeee33440000999900000000
eeee23340000999900000000
eeee12230000999900000000
eeee11120000999900000000
eeee01110000999900000000
eeee00110000999900000000
eeee00110000999900000000
eeee00010000999900000000
eeee00000000999900000000
eeee00000000999900000000
eeee00000000999900000000
eeee00000000999900000000
eeee00000000999900000000
deee00000000999900000000
ddde00000000999900000000
cdcd00000000999900000000
bcbc00000000999900000000
9b9b00000000999900000000
897900000000999900000000
686700000000999900000000
564600000000999900000000
35340000000099a900000000
23330000000099aa00000000
22230000000099aa00000000
122200000000a9aa00000000
111200000000aaaa00000000
111100000000aaaa00000000
111100000000aaaa00000000
011100000000aaaa00000000
000100000000aaaa00000000
000000000000aaaa00000000
000000000000aaaa00000000
000000000000aaaa00000000
000000000000aaaa00000000
000000000000aaaa00000000
000000000000aaaa00000000
000000000000aaaa00000000
000000000000aaaa00000000
000000000000aaaa00000000
000000000000aaaa00000000
000000000000aaaa00000000
000000000000aaaa00000000
000000000000aaaa00000000
000000000000aaaa00000000
000000000000aaaa00000000
000000000000aaaa00000000
000000000000aaaa00000000
000000000000aaaa00000000
000000000000aaaa00000000
000000000000aaaa00000000
000000000000aaaa00000000
000000000000aaaa00000000
000000000000aaaa00000000
000000000000aaaa00000000
000000000000aaaa00000000
000000000000aaaa00000000
000000000000aaaa00000000
000000000000aaaa00000000
000000000000aaaa00000000
000000000000aaaa00000000
000000000000aaaa00000000
000000000000aaaa00000000
000000000000aaaa00000000
000000000000aaaa00000000
000000000000aaaa00000000
000000000000aaaa00000000
000000000000aaaa00000000
0000000000009aaa00000000
00000000000099aa00000000
00000000000099aa00000000
000000000000999a00000000
000000000000999900000000
000000000000999900000000
000000000000999900000000
000000000000999900000000
000000000000999900000000
000000000000999900000000
000000000000999900000000
000000000000999900000000
000000000000999900000000
000000000000999900000000
000000000000999900000000
000000000000999900000000
000000000000999900000000
000000000000999900000000
000000000000999900000000
000000000000999900000000
000000000000999900000000
000000000000999900000000
000000000000999900000000
000000000000999900000000
000000000000999900000000
000000000000999900000000
000000000000999900000000
000000000000999900000000
000000000000899900000000
000000000000888900000000
000000000000888800000000
000000000000888800000000
000000000000888800000000
000000000000888800000000
000000000000888800000000
000000000000888800000000
000000000000888800000000
000000000000888800000000
000000000000888800000000
000000000000888800000000
000000000000888800000000
000000000000888800000000
000000000000888800000000
000000000000888800000000
000000000000888800000000
000000000000888800000000
000000000000788800000000
000000000000777800000000
000000000000777700000000
000000000000777700000000
000000000000777700000000
000000000000777700000000
000000000000777700000000
000000000000777700000000
000000000000777700000000
000000000000677700000000
000000000000666700000000
000000000000666600000000
000000000000566600000000
334300000000666600000000
435400000000666600000000
546500000000667600000000
657600000000767700000000
768700000000777700000000
879800000000777700000000
98a900000000777700000000
b9ba00000000777700000000
cbcb00000000777700000000
dcdc00000000777700000000
eded00000000777700000000
eeee00000000777700000000
eeee00000000778700000000
eeee00000000878800000000
eeee00000000888800000000
eeee00000000888800000000
eeee00000000888800000000
eeee00100000888800000000
eeee10110000888800000000
eeee11210000888800000000
eeee21320000888800000000
eeee32430000888800000000
eeee33540000888800000000
eeee33550000888800000000
eeee43550000888800000000
eeee34550000888800000000
eeee33450000888800000000
eeee33440000888800000000
eeee33440000888800000000
eeee23340000888800000000
eeee22330000889800000000
eeee22430000889900000000
eeee22340000989900000000
eeee22330000999900000000
eeee22330000999900000000
eeee12230000999900000000
eeee11120000999900000000
eeee01110000999900000000
eeee00010000999900000000
eeee00000000999900000000
eeee00000000999900000000
eeee00000000999900000000
eeee00000000999900000000
eeee00000000999900000000
eeee00000000999900000000
eeee00000000999900000000
eeee00000000999900000000
dede00000000999900000000
cddd00000000999900000000
bccd00000000999900000000
bbbc00000000999900000000
9b9b00000000999900000000
898900000000999900000000
686800000000999900000000
565600000000999900000000
353500000000999900000000
232300000000999900000000
122200000000999900000000
11120000000099a900000000
11110000000099aa00000000
01110000000099aa00000000
00110000000099aa00000000
00010000000099aa00000000
00000000000099aa00000000
000000000000a9aa00000000
000000000000aaaa00000000
000000000000aaaa00000000
000000000000aaaa00000000
000000000000aaaa00000000
000000000000aaaa00000000
000000000000aaaa00000000
000000000000aaaa00000000
000000000000aaaa00000000
000000000000aaaa00000000
000000000000aaaa00000000
000000000000aaaa00000000
000000000000aaaa00000000
000000000000aaaa00000000
000000000000aaaa00000000
000000000000aaaa00000000
000000000000aaaa00000000
000000000000aaaa00000000
000000000000aaaa00000000
000000000000aaaa00000000
000000000000aaaa00000000
000000000000aaaa00000000
000000000000aaaa00000000
000000000000aaaa00000000
000000000000aaaa00000000
000000000000aaaa00000000
000000000000aaaa00000000
000000000000aaaa00000000
000000000000aaaa00000000
000000000000aaaa00000000
000000000000aaaa00000000
0000000000009aaa00000000
00000000000099aa00000000
00000000000099aa00000000
00000000000099aa00000000
00000000000099aa00000000
00000000000099aa00000000
000000000000999a00000000
000000000000999900000000
000000000000999900000000
000000000000999900000000
000000000000999900000000
000000000000999900000000
000000000000999900000000
000000000000999900000000
000000000000999900000000
000000000000999900000000
000000000000999900000000
000000000000999900000000
000000000000999900000000
000000000000999900000000
000000000000999900000000
000000000000999900000000
000000000000999900000000
000000000000999900000000
000000000000999900000000
000000000000999900000000
000000000000999900000000
000000000000999900000000
000000000000999900000000
000000000000999900000000
000000000000999900000000
000000000000999900000000
000000000000899900000000
000000000000889900000000
000000000000888900000000
000000000000888800000000
000000000000888800000000
000000000000888800000000
000000000000888800000000
000000000000888800000000
000000000000888800000000
000000000000888800000000
000000000000888800000000
000000000000888800000000
000000000000888800000000
000000000000888800000000
000000000000888800000000
000000000000888800000000
000000000000888800000000
000000000000888800000000
000000000000888800000000
000000000000788800000000
000000000000777800000000
000000000000777700000000
000000000000777700000000
000000000000777700000000
000000000000777700000000
000000000000777700000000
000000000000777700000000
000000000000777700000000
000000000000777700000000
000000000000676700000000
000000000000666600000000
000000000000666600000000
000000000000565600000000
323300000000656600000000
334300000000666600000000
435400000000666600000000
546500000000767600000000
657600000000777700000000
868700000000777700000000
989800000000777700000000
b9b900000000777700000000
cbcb00000000777700000000
dcdc00000000777700000000
eded00000000777700000000
eeee00000000777700000000
eeee00000000777700000000
eeee00000000778700000000
eeee00000000878800000000
eeee00000000888800000000
eeee00000000888800000000
eeee00000000888800000000
eeee00100000888800000000
eeee10110000888800000000
eeee21210000888800000000
eeee22320000888800000000
eeee22330000888800000000
eeee22330000888800000000
eeee22430000888800000000
eeee22340000888800000000
eeee22330000888800000000
eeee22330000888800000000
eeee22330000888800000000
eeee12230000888800000000
eeee11220000888800000000
eeee11220000888800000000
eeee11220000889800000000
eeee11220000989900000000
eeee11220000999900000000
eeee11120000999900000000
eeee01110000999900000000
eeee00010000999900000000
eeee00000000999900000000
eeee00000000999900000000
eeee00000000999900000000
eeee00000000999900000000
eeee00000000999900000000
eeee00000000999900000000
eeee00000000999900000000
eeee00000000999900000000
eeee00000000999900000000
dede00000000999900000000
cdcd00000000999900000000
bcbc00000000999900000000
abbb00000000999900000000
9a9b00000000999900000000
898900000000999900000000
686800000000999900000000
565600000000999900000000
353500000000999900000000
232300000000999900000000
121200000000999900000000
111100000000999900000000
111100000000999900000000
010100000000999900000000
000000000000999900000000
000000000000999900000000
000000000000999900000000
00000000000099a900000000
00000000000099aa00000000
00000000000099aa00000000
00000000000099aa00000000
00000000000099aa00000000
00000000000099aa00000000
00000000000099aa00000000
00000000000099aa00000000
00000000000099aa00000000
00000000000099aa00000000
00000000000099aa00000000
00000000000099aa00000000
00000000000099aa00000000
00000000000099aa00000000
00000000000099aa00000000
00000000000099aa00000000
00000000000099aa00000000
00000000000099aa00000000
00000000000099aa00000000
00000000000099aa00000000
00000000000099aa00000000
00000000000099aa00000000
00000000000099aa00000000
00000000000099aa00000000
00000000000099aa00000000
00000000000099aa00000000
00000000000099aa00000000
00000000000099aa00000000
00000000000099aa00000000
00000000000099aa00000000
00000000000099aa00000000
000000000000999a00000000
000000000000999900000000
000000000000999900000000
000000000000999900000000
000000000000999900000000
000000000000999900000000
000000000000999900000000
000000000000999900000000
000000000000999900000000
000000000000999900000000
000000000000999900000000
000000000000999900000000
000000000000999900000000
000000000000999900000000
000000000000999900000000
000000000000999900000000
000000000000999900000000
000000000000999900000000
000000000000999900000000
000000000000999900000000
000000000000999900000000
000000000000999900000000
000000000000999900000000
000000000000999900000000
000000000000999900000000
000000000000999900000000
000000000000999900000000
000000000000999900000000
000000000000999900000000
000000000000999900000000
000000000000999900000000
000000000000899900000000
000000000000888900000000
000000000000888800000000
000000000000888800000000
000000000000888800000000
000000000000888800000000
000000000000888800000000
000000000000888800000000
000000000000888800000000
000000000000888800000000
000000000000888800000000
000000000000888800000000
000000000000888800000000
000000000000888800000000
000000000000888800000000
000000000000888800000000
000000000000888800000000
000000000000888800000000
000000000000888800000000
000000000000788800000000
000000000000777800000000
000000000000777700000000
000000000000777700000000
000000000000777700000000
000000000000777700000000
000000000000777700000000
000000000000777700000000
000000000000777700000000
000000000000777700000000
000000000000677700000000
000000000000666700000000
000000000000666600000000
000000000000666600000000
000000000000565600000000
223200000000556500000000
323300000000656600000000
434300000000666600000000
545400000000667600000000
656500000000767700000000
768600000000777700000000
979800000000777700000000
a9b900000000777700000000
cacb00000000777700000000
dcdc00000000777700000000
eded00000000777700000000
eeee00000000777700000000
eeee00000000777700000000
eeee00000000777700000000
eeee00000000878700000000
eeee00000000888800000000
eeee00000000888800000000
eeee00000000888800000000
eeee00000000888800000000
eeee00100000888800000000
eeee10210000888800000000
eeee11220000888800000000
eeee11220000888800000000
eeee11220000888800000000
eeee11220000888800000000
eeee11220000888800000000
eeee11220000888800000000
eeee11220000888800000000
eeee11220000888800000000
eeee11120000888800000000
eeee01110000888800000000
eeee10110000888800000000
eeee11110000888800000000
eeee01110000889800000000
eeee00110000989900000000
eeee00110000999900000000
eeee00010000999900000000
eeee00000000999900000000
eeee00000000999900000000
eeee00000000999900000000
eeee00000000999900000000
eeee00000000999900000000
eeee00000000999900000000
eeee00000000999900000000
eeee00000000999900000000
eeee00000000999900000000
deee00000000999900000000
ddde00000000999900000000
cdcd00000000999900000000
acbc00000000999900000000
9aab00000000999900000000
899a00000000999900000000
788900000000999900000000
676800000000999900000000
565600000000999900000000
453500000000999900000000
242300000000999900000000
121200000000999900000000
111100000000999900000000
011100000000999900000000
000100000000999900000000
000000000000999900000000
000000000000999900000000
000000000000999900000000
000000000000999900000000
000000000000999900000000
000000000000999900000000
000000000000999900000000
000000000000999900000000
000000000000999900000000
000000000000999900000000
000000000000999900000000
000000000000999900000000
000000000000999900000000
000000000000999900000000
000000000000999900000000
000000000000999900000000
000000000000999900000000
000000000000999900000000
000000000000999900000000
000000000000999900000000
000000000000999900000000
000000000000999900000000
000000000000999900000000
000000000000999900000000
000000000000999900000000
000000000000999900000000
000000000000999900000000
000000000000999900000000
000000000000999900000000
000000000000999900000000
000000000000999900000000
000000000000999900000000
000000000000999900000000
000000000000999900000000
000000000000999900000000
000000000000999900000000
000000000000999900000000
000000000000999900000000
000000000000999900000000
000000000000999900000000
000000000000999900000000
000000000000999900000000
000000000000999900000000
000000000000999900000000
000000000000999900000000
000000000000999900000000
000000000000999900000000
000000000000999900000000
000000000000999900000000
000000000000999900000000
000000000000999900000000
000000000000999900000000
000000000000999900000000
000000000000999900000000
000000000000999900000000
000000000000999900000000
000000000000999900000000
000000000000999900000000
000000000000999900000000
000000000000999900000000
000000000000999900000000
000000000000999900000000
000000000000999900000000
000000000000999900000000
000000000000899900000000
000000000000888900000000
000000000000888800000000
000000000000888800000000
000000000000888800000000
000000000000888800000000
000000000000888800000000
000000000000888800000000
000000000000888800000000
000000000000888800000000
000000000000888800000000
000000000000888800000000
000000000000888800000000
000000000000888800000000
000000000000888800000000
000000000000888800000000
000000000000888800000000
000000000000888800000000
000000000000888800000000
000000000000888800000000
000000000000787800000000
000000000000777700000000
000000000000777700000000
000000000000777700000000
000000000000777700000000
000000000000777700000000
000000000000777700000000
000000000000777700000000
000000000000777700000000
000000000000777700000000
000000000000676700000000
000000000000666600000000
000000000000666600000000
000000000000566600000000
000000000000555600000000
212200000000555500000000
223200000000656500000000
324300000000666600000000
435400000000666600000000
646500000000667600000000
767600000000767700000000
979700000000777700000000
a9a900000000777700000000
baca00000000777700000000
cbdc00000000777700000000
dced00000000777700000000
edee00000000777700000000
eeee00000000777700000000
eeee00000000777700000000
eeee00000000778700000000
eeee00000000878800000000
eeee00000000888800000000
eeee00000000888800000000
eeee00000000888800000000
eeee00000000888800000000
eeee00100000888800000000
eeee10110000888800000000
eeee11110000888800000000
eeee11110000888800000000
eeee11110000888800000000
eeee11110000888800000000
eeee01110000888800000000
eeee00110000888800000000
eeee00110000888800000000
eeee00110000888800000000
eeee00010000888800000000
eeee00100000888800000000
eeee00110000888800000000
eeee00010000888800000000
eeee00000000889800000000
eeee00000000889900000000
eeee00000000989900000000
eeee00000000999900000000
eeee00000000999900000000
eeee00000000999900000000
eeee00000000999900000000
eeee00000000999900000000
eeee00000000999900000000
eeee00000000999900000000
eeee00000000999900000000
deee00000000999900000000
ddde00000000999900000000
cddd00000000999900000000
bccd00000000999900000000
abac00000000999900000000
9a9a00000000999900000000
798900000000999900000000
677800000000999900000000
666700000000999900000000
565600000000999900000000
454500000000999900000000
242400000000999900000000
221200000000999900000000
121100000000999900000000
010100000000999900000000
000000000000999900000000
000000000000999900000000
000000000000999900000000
000000000000999900000000
000000000000999900000000
000000000000999900000000
000000000000999900000000
000000000000999900000000
000000000000999900000000
000000000000999900000000
000000000000999900000000
000000000000999900000000
000000000000999900000000
000000000000999900000000
000000000000999900000000
000000000000999900000000
000000000000999900000000
000000000000999900000000
000000000000999900000000
000000000000999900000000
000000000000999900000000
000000000000999900000000
000000000000999900000000
000000000000999900000000
000000000000999900000000
000000000000999900000000
000000000000999900000000
000000000000999900000000
000000000000999900000000
000000000000999900000000
000000000000999900000000
000000000000999900000000
000000000000999900000000
000000000000999900000000
000000000000999900000000
000000000000999900000000
000000000000999900000000
000000000000999900000000
000000000000999900000000
000000000000999900000000
000000000000999900000000
000000000000999900000000
000000000000999900000000
000000000000999900000000
000000000000999900000000
000000000000999900000000
000000000000999900000000
000000000000999900000000
000000000000999900000000
000000000000999900000000
000000000000999900000000
000000000000999900000000
000000000000999900000000
000000000000999900000000
000000000000999900000000
000000000000999900000000
000000000000999900000000
000000000000999900000000
000000000000999900000000
000000000000999900000000
000000000000999900000000
000000000000999900000000
000000000000999900000000
000000000000899900000000
000000000000889900000000
000000000000888900000000
000000000000888800000000
000000000000888800000000
000000000000888800000000
000000000000888800000000
000000000000888800000000
000000000000888800000000
000000000000888800000000
000000000000888800000000
000000000000888800000000
000000000000888800000000
000000000000888800000000
000000000000888800000000
000000000000888800000000
000000000000888800000000
000000000000888800000000
000000000000888800000000
000000000000888800000000
000000000000888800000000
000000000000788800000000
000000000000777800000000
000000000000777700000000
000000000000777700000000
000000000000777700000000
000000000000777700000000
000000000000777700000000
000000000000777700000000
000000000000777700000000
000000000000777700000000
000000000000677700000000
000000000000666700000000
000000000000666600000000
000000000000666600000000
000000000000565600000000
000000000000555500000000
112100000000555500000000
212200000000556500000000
323200000000656600000000
434300000000666600000000
546400000000666600000000
757600000000667600000000
879700000000767700000000
a8a900000000777700000000
baba00000000777700000000
cbcb00000000777700000000
dcdc00000000777700000000
dded00000000777700000000
ddee00000000777700000000
edee00000000777700000000
eeee00000000777700000000
eeee00000000778700000000
eeee00000000878800000000
eeee00000000888800000000
eeee00000000888800000000
eeee00000000888800000000
eeee00000000888800000000
eeee00100000888800000000
eeee00110000888800000000
eeee00110000888800000000
eeee00110000888800000000
eeee00110000888800000000
eeee00010000888800000000
eeee00000000888800000000
eeee00000000888800000000
eeee00000000888800000000
eeee00000000888800000000
eeee00000000888800000000
eeee00000000888800000000
eeee00000000888800000000
eeee00000000888800000000
eeee00000000888800000000
eeee00000000889800000000
eeee00000000889900000000
eeee00000000989900000000
eeee00000000999900000000
eeee00000000999900000000
eeee00000000999900000000
eeee00000000999900000000
deee00000000999900000000
ddee00000000999900000000
ddde00000000999900000000
cddd00000000999900000000
cccd00000000999900000000
bcbc00000000999900000000
abab00000000999900000000
8a9a00000000999900000000
787900000000999900000000
676700000000999900000000
566600000000999900000000
455600000000999900000000
344500000000999900000000
232400000000999900000000
222200000000999900000000
121200000000999900000000
010100000000999900000000
000000000000999900000000
000000000000999900000000
000000000000999900000000
000000000000999900000000
000000000000999900000000
000000000000999900000000
000000000000999900000000
000000000000999900000000
000000000000999900000000
000000000000999900000000
000000000000999900000000
000000000000999900000000
000000000000999900000000
000000000000999900000000
000000000000999900000000
000000000000999900000000
000000000000999900000000
000000000000999900000000
000000000000999900000000
000000000000999900000000
000000000000999900000000
000000000000999900000000
000000000000999900000000
000000000000999900000000
000000000000999900000000
000000000000999900000000
000000000000999900000000
000000000000999900000000
000000000000999900000000
000000000000999900000000
000000000000999900000000
000000000000999900000000
000000000000999900000000
000000000000999900000000
000000000000999900000000
000000000000999900000000
000000000000999900000000
000000000000999900000000
000000000000999900000000
000000000000999900000000
000000000000999900000000
000000000000999900000000
000000000000999900000000
000000000000999900000000
000000000000999900000000
000000000000999900000000
000000000000999900000000
000000000000999900000000
000000000000999900000000
000000000000999900000000
000000000000999900000000
000000000000999900000000
000000000000999900000000
000000000000999900000000
000000000000999900000000
000000000000999900000000
000000000000999900000000
000000000000999900000000
000000000000999900000000
000000000000999900000000
000000000000999900000000
000000000000899900000000
000000000000889900000000
000000000000888900000000
000000000000888800000000
000000000000888800000000
000000000000888800000000
000000000000888800000000
000000000000888800000000
000000000000888800000000
000000000000888800000000
000000000000888800000000
000000000000888800000000
000000000000888800000000
000000000000888800000000
000000000000888800000000
000000000000888800000000
000000000000888800000000
000000000000888800000000
000000000000888800000000
000000000000888800000000
000000000000888800000000
000000000000888800000000
000000000000788800000000
000000000000777800000000
000000000000777700000000
000000000000777700000000
000000000000777700000000
000000000000777700000000
000000000000777700000000
000000000000777700000000
000000000000777700000000
000000000000777700000000
000000000000677700000000
000000000000666700000000
000000000000666600000000
000000000000666600000000
000000000000566600000000
000000000000555600000000
000000000000555500000000
111100000000545500000000
212100000000555500000000
323200000000556500000000
434300000000656600000000
545400000000666600000000
757500000000666600000000
878700000000667600000000
98a800000000767700000000
a9ba00000000777700000000
bacb00000000777700000000
cbdc00000000777700000000
ccdd00000000777700000000
dcdd00000000777700000000
dded00000000777700000000
ddee00000000777700000000
edee00000000777700000000
eeee00000000778700000000
eeee00000000878800000000
eeee00000000888800000000
eeee00000000888800000000
eeee00000000888800000000
eeee00000000888800000000
eeee00000000888800000000
eeee00000000888800000000
eeee00000000888800000000
eeee00000000888800000000
eeee00000000888800000000
eeee00000000888800000000
eeee00000000888800000000
eeee00000000888800000000
eeee00000000888800000000
eeee00000000888800000000
eeee00000000888800000000
eeee00000000888800000000
eeee00000000888800000000
eeee00000000888800000000
eeee00000000888800000000
eeee00000000888800000000
eeee00000000889800000000
eeee00000000989900000000
eeee00000000999900000000
deee00000000999900000000
ddee00000000999900000000
ddde00000000999900000000
cddd00000000999900000000
ccdd00000000999900000000
cccd00000000999900000000
bccc00000000999900000000
abbc00000000999900000000
9aab00000000999900000000
898a00000000999900000000
787800000000999900000000
676700000000999900000000
465600000000999900000000
444500000000999900000000
343400000000999900000000
232300000000999900000000
222200000000999900000000
121200000000999900000000
010100000000999900000000
000000000000999900000000
000000000000999900000000
000000000000999900000000
000000000000999900000000
000000000000999900000000
000000000000999900000000
000000000000999900000000
000000000000999900000000
000000000000999900000000
000000000000999900000000
000000000000999900000000
000000000000999900000000
000000000000999900000000
000000000000999900000000
000000000000999900000000
000000000000999900000000
000000000000999900000000
000000000000999900000000
000000000000999900000000
000000000000999900000000
000000000000999900000000
000000000000999900000000
000000000000999900000000
000000000000999900000000
000000000000999900000000
000000000000999900000000
000000000000999900000000
000000000000999900000000
000000000000999900000000
000000000000999900000000
000000000000999900000000
000000000000999900000000
000000000000999900000000
000000000000999900000000
000000000000999900000000
000000000000999900000000
000000000000999900000000
000000000000999900000000
000000000000999900000000
000000000000999900000000
000000000000999900000000
000000000000999900000000
000000000000999900000000
000000000000999900000000
000000000000999900000000
000000000000999900000000
000000000000999900000000
000000000000999900000000
000000000000999900000000
000000000000999900000000
000000000000999900000000
000000000000999900000000
000000000000999900000000
000000000000999900000000
000000000000999900000000
000000000000999900000000
000000000000999900000000
000000000000999900000000
000000000000999900000000
000000000000999900000000
000000000000899900000000
000000000000888900000000
000000000000888800000000
000000000000888800000000
000000000000888800000000
000000000000888800000000
000000000000888800000000
000000000000888800000000
000000000000888800000000
000000000000888800000000
000000000000888800000000
000000000000888800000000
000000000000888800000000
000000000000888800000000
000000000000888800000000
000000000000888800000000
000000000000888800000000
000000000000888800000000
000000000000888800000000
000000000000888800000000
000000000000888800000000
000000000000888800000000
000000000000788800000000
000000000000777800000000
000000000000777700000000
000000000000777700000000
000000000000777700000000
000000000000777700000000
000000000000777700000000
000000000000777700000000
000000000000777700000000
000000000000777700000000
000000000000777700000000
000000000000676700000000
000000000000666600000000
000000000000666600000000
000000000000566600000000
000000000000555600000000
000000000000555500000000
000000000000455500000000
111100000000445400000000
212100000000545500000000
323200000000555500000000
434300000000556500000000
545400000000656600000000
657500000000666600000000
768700000000666600000000
979800000000667600000000
a9a900000000767700000000
baba00000000777700000000
bbcb00000000777700000000
cbcc00000000777700000000
ccdc00000000777700000000
ccdd00000000777700000000
dcdd00000000777700000000
dded00000000777700000000
edee00000000777700000000
eeee00000000778700000000
eeee00000000878800000000
eeee00000000888800000000
eeee00000000888800000000
eeee00000000888800000000
eeee00000000888800000000
eeee00000000888800000000
eeee00000000888800000000
eeee00000000888800000000
eeee00000000888800000000
eeee00000000888800000000
eeee00000000888800000000
eeee00000000888800000000
eeee00000000888800000000
eeee00000000888800000000
eeee00000000888800000000
eeee00000000888800000000
eeee00000000888800000000
eeee00000000888800000000
eeee00000000888800000000
eeee00000000888800000000
eeee00000000888800000000
eeee00000000889800000000
deee00000000889900000000
cdde00000000889900000000
ccdd00000000989900000000
ccdd00000000999900000000
bccd00000000999900000000
bbcc00000000999900000000
bbcc00000000999900000000
abbc00000000999900000000
9aab00000000999900000000
999a00000000999900000000
798900000000999900000000
677800000000999900000000
566700000000999900000000
454600000000999900000000
344400000000999900000000
233400000000999900000000
222300000000999900000000
122200000000999900000000
111200000000999900000000
010100000000999900000000
000000000000999900000000
000000000000999900000000
000000000000999900000000
000000000000999900000000
000000000000999900000000
000000000000999900000000
000000000000999900000000
000000000000999900000000
000000000000999900000000
000000000000999900000000
000000000000999900000000
000000000000999900000000
000000000000999900000000
000000000000999900000000
000000000000999900000000
000000000000999900000000
000000000000999900000000
000000000000999900000000
000000000000999900000000
000000000000999900000000
000000000000999900000000
000000000000999900000000
000000000000999900000000
000000000000999900000000
000000000000999900000000
000000000000999900000000
000000000000999900000000
000000000000999900000000
000000000000999900000000
000000000000999900000000
000000000000999900000000
000000000000999900000000
000000000000999900000000
000000000000999900000000
000000000000999900000000
000000000000999900000000
000000000000999900000000
000000000000999900000000
000000000000999900000000
000000000000999900000000
000000000000999900000000
000000000000999900000000
000000000000999900000000
000000000000999900000000
000000000000999900000000
000000000000999900000000
000000000000999900000000
000000000000999900000000
000000000000999900000000
000000000000999900000000
000000000000999900000000
000000000000999900000000
000000000000999900000000
000000000000999900000000
000000000000999900000000
000000000000999900000000
000000000000999900000000
000000000000899900000000
000000000000889900000000
000000000000889900000000
000000000000888900000000
000000000000888800000000
000000000000888800000000
000000000000888800000000
000000000000888800000000
000000000000888800000000
000000000000888800000000
000000000000888800000000
000000000000888800000000
000000000000888800000000
000000000000888800000000
000000000000888800000000
000000000000888800000000
000000000000888800000000
000000000000888800000000
000000000000888800000000
000000000000888800000000
000000000000888800000000
000000000000888800000000
000000000000888800000000
000000000000888800000000
000000000000788800000000
000000000000777800000000
000000000000777700000000
000000000000777700000000
000000000000777700000000
000000000000777700000000
000000000000777700000000
000000000000777700000000
000000000000777700000000
000000000000777700000000
000000000000777700000000
000000000000677700000000
000000000000666700000000
000000000000666600000000
000000000000666600000000
000000000000565600000000
000000000000555500000000
000000000000555500000000
000000000000454500000000
101100000000444400000000
212100000000445400000000
323200000000545500000000
434300000000555500000000
545400000000556500000000
656500000000656600000000
767600000000666600000000
879700000000666600000000
98a900000000767600000000
a9ba00000000777700000000
aabb00000000777700000000
bacb00000000777700000000
bbcc00000000777700000000
cbcc00000000777700000000
ccdc00000000777700000000
dcdd00000000777700000000
eded00000000777700000000
eeee00000000777700000000
eeee00000000778700000000
eeee00000000878800000000
eeee00000000888800000000
eeee00000000888800000000
eeee00000000888800000000
eeee00000000888800000000
eeee00000000888800000000
eeee00000000888800000000
eeee00000000888800000000
eeee00000000888800000000
eeee00000000888800000000
eeee00000000888800000000
eeee00000000888800000000
eeee00000000888800000000
eeee00000000888800000000
eeee00000000888800000000
eeee00000000888800000000
eeee00000000888800000000
eeee00000000888800000000
eeee00000000888800000000
eeee00000000888800000000
deee00000000888800000000
ddde00000000888800000000
cdcd00000000888800000000
bccc00000000889800000000
bbcc00000000889900000000
abbc00000000989900000000
aabb00000000999900000000
aabb00000000999900000000
9aab00000000999900000000
999a00000000999900000000
899900000000999900000000
787900000000999900000000
676700000000999900000000
565600000000999900000000
454500000000999900000000
343400000000999900000000
232300000000999900000000
122200000000999900000000
111200000000999900000000
111100000000999900000000
010100000000999900000000
000000000000999900000000
000000000000999900000000
000000000000999900000000
000000000000999900000000
000000000000999900000000
000000000000999900000000
000000000000999900000000
000000000000999900000000
000000000000999900000000
000000000000999900000000
000000000000999900000000
000000000000999900000000
000000000000999900000000
000000000000999900000000
000000000000999900000000
000000000000999900000000
000000000000999900000000
000000000000999900000000
000000000000999900000000
000000000000999900000000
000000000000999900000000
000000000000999900000000
000000000000999900000000
000000000000999900000000
000000000000999900000000
000000000000999900000000
000000000000999900000000
000000000000999900000000
000000000000999900000000
000000000000999900000000
000000000000999900000000
000000000000999900000000
000000000000999900000000
000000000000999900000000
000000000000999900000000
000000000000999900000000
000000000000999900000000
000000000000999900000000
000000000000999900000000
000000000000999900000000
000000000000999900000000
000000000000999900000000
000000000000999900000000
000000000000999900000000
000000000000999900000000
000000000000999900000000
000000000000999900000000
000000000000999900000000
000000000000999900000000
000000000000999900000000
000000000000999900000000
000000000000999900000000
000000000000999900000000
000000000000999900000000
000000000000999900000000
000000000000899900000000
000000000000889900000000
000000000000888900000000
000000000000888800000000
000000000000888800000000
000000000000888800000000
000000000000888800000000
000000000000888800000000
000000000000888800000000
000000000000888800000000
000000000000888800000000
000000000000888800000000
000000000000888800000000
000000000000888800000000
000000000000888800000000
000000000000888800000000
000000000000888800000000
000000000000888800000000
000000000000888800000000
000000000000888800000000
000000000000888800000000
000000000000888800000000
000000000000888800000000
000000000000888800000000
000000000000888800000000
000000000000788800000000
000000000000777800000000
000000000000777700000000
000000000000777700000000
000000000000777700000000
000000000000777700000000
000000000000777700000000
000000000000777700000000
000000000000777700000000
000000000000777700000000
000000000000777700000000
000000000000677700000000
000000000000666700000000
000000000000666600000000
000000000000666600000000
000000000000566600000000
000000000000555600000000
000000000000555500000000
000000000000455500000000
000000000000444500000000
101000000000434400000000
212100000000444400000000
223200000000445400000000
324300000000545500000000
435400000000555500000000
546500000000556500000000
657600000000656600000000
768700000000666600000000
879800000000667600000000
98a900000000767700000000
99aa00000000777700000000
a9ba00000000777700000000
aabb00000000777700000000
bacb00000000777700000000
bbcc00000000777700000000
cbdc00000000777700000000
dced00000000777700000000
edee00000000777700000000
eeee00000000777700000000
eeee00000000778700000000
eeee00000000878800000000
eeee00000000888800000000
eeee00000000888800000000
eeee00000000888800000000
eeee00000000888800000000
eeee00000000888800000000
eeee00000000888800000000
eeee00000000888800000000
eeee00000000888800000000
eeee00000000888800000000
eeee00000000888800000000
eeee00000000888800000000
eeee00000000888800000000
eeee00000000888800000000
eeee00000000888800000000
deee00000000888800000000
ddee00000000888800000000
ddee00000000888800000000
ddee00000000888800000000
ddde00000000888800000000
cddd00000000888800000000
bccd00000000888800000000
abbc00000000888800000000
aabb00000000888800000000
9aab00000000889800000000
99aa00000000889900000000
89aa00000000889900000000
889a00000000989900000000
889900000000999900000000
788900000000999900000000
677800000000999900000000
566700000000999900000000
455600000000999900000000
444500000000999900000000
343400000000999900000000
232300000000999900000000
121200000000999900000000
111100000000999900000000
111100000000999900000000
010100000000999900000000
000000000000999900000000
000000000000999900000000
000000000000999900000000
000000000000999900000000
000000000000999900000000
000000000000999900000000
000000000000999900000000
000000000000999900000000
000000000000999900000000
000000000000999900000000
000000000000999900000000
000000000000999900000000
000000000000999900000000
000000000000999900000000
000000000000999900000000
000000000000999900000000
000000000000999900000000
000000000000999900000000
000000000000999900000000
000000000000999900000000
000000000000999900000000
000000000000999900000000
000000000000999900000000
000000000000999900000000
000000000000999900000000
000000000000999900000000
000000000000999900000000
000000000000999900000000
000000000000999900000000
000000000000999900000000
000000000000999900000000
000000000000999900000000
000000000000999900000000
000000000000999900000000
000000000000999900000000
000000000000999900000000
000000000000999900000000
000000000000999900000000
000000000000999900000000
000000000000999900000000
000000000000999900000000
000000000000999900000000
000000000000999900000000
000000000000999900000000
000000000000999900000000
000000000000999900000000
000000000000999900000000
000000000000999900000000
000000000000999900000000
000000000000999900000000
000000000000999900000000
000000000000999900000000
000000000000899900000000
000000000000889900000000
000000000000889900000000
000000000000888900000000
000000000000888800000000
000000000000888800000000
000000000000888800000000
000000000000888800000000
000000000000888800000000
000000000000888800000000
000000000000888800000000
000000000000888800000000
000000000000888800000000
000000000000888800000000
000000000000888800000000
000000000000888800000000
000000000000888800000000
000000000000888800000000
000000000000888800000000
000000000000888800000000
000000000000888800000000
000000000000888800000000
000000000000888800000000
000000000000888800000000
000000000000888800000000
000000000000888800000000
000000000000888800000000
000000000000788800000000
000000000000777800000000
000000000000777700000000
000000000000777700000000
000000000000777700000000
000000000000777700000000
000000000000777700000000
000000000000777700000000
000000000000777700000000
000000000000777700000000
000000000000777700000000
000000000000777700000000
000000000000676700000000
000000000000666600000000
000000000000666600000000
000000000000666600000000
000000000000565600000000
000000000000555500000000
000000000000555500000000
000000000000454500000000
000000000000444400000000
101000000000334300000000
112100000000434400000000
212200000000444400000000
323200000000545400000000
434300000000555500000000
545400000000555500000000
656500000000656500000000
667600000000666600000000
768700000000666600000000
779800000000667600000000
879900000000767700000000
98a900000000777700000000
99aa00000000777700000000
a9ba00000000777700000000
babb00000000777700000000
cbcb00000000777700000000
dcdc00000000777700000000
dded00000000777700000000
edee00000000777700000000
eeee00000000777700000000
eeee00000000778700000000
eeee00000000878800000000
eeee00000000888800000000
eeee00000000888800000000
eeee00000000888800000000
eeee00000000888800000000
eeee00000000888800000000
eeee00000000888800000000
eeee00000000888800000000
eeee00000000888800000000
deee00000000888800000000
ddee00000000888800000000
ddee00000000888800000000
ddee00000000888800000000
ddee00000000888800000000
ddde00000000888800000000
cddd00000000888800000000
dcdd00000000888800000000
dddd00000000888800000000
cddd00000000888800000000
bccd00000000888800000000
abbc00000000888800000000
9aab00000000888800000000
99aa00000000888800000000
899a00000000888800000000
889900000000888800000000
788900000000888800000000
778800000000889800000000
778800000000889900000000
677800000000889900000000
666700000000989900000000
565600000000999900000000
454500000000999900000000
344400000000999900000000
233400000000999900000000
222300000000999900000000
121200000000999900000000
111100000000999900000000
011100000000999900000000
000100000000999900000000
000000000000999900000000
000000000000999900000000
000000000000999900000000
000000000000999900000000
000000000000999900000000
000000000000999900000000
000000000000999900000000
000000000000999900000000
000000000000999900000000
000000000000999900000000
000000000000999900000000
000000000000999900000000
000000000000999900000000
000000000000999900000000
000000000000999900000000
000000000000999900000000
000000000000999900000000
000000000000999900000000
000000000000999900000000
000000000000999900000000
000000000000999900000000
000000000000999900000000
000000000000999900000000
000000000000999900000000
000000000000999900000000
000000000000999900000000
000000000000999900000000
000000000000999900000000
000000000000999900000000
000000000000999900000000
000000000000999900000000
000000000000999900000000
000000000000999900000000
000000000000999900000000
000000000000999900000000
000000000000999900000000
000000000000999900000000
000000000000999900000000
000000000000999900000000
000000000000999900000000
000000000000999900000000
000000000000999900000000
000000000000999900000000
000000000000999900000000
000000000000999900000000
000000000000999900000000
000000000000999900000000
000000000000999900000000
000000000000999900000000
000000000000899900000000
000000000000889900000000
000000000000889900000000
000000000000888900000000
000000000000888800000000
000000000000888800000000
000000000000888800000000
000000000000888800000000
000000000000888800000000
000000000000888800000000
000000000000888800000000
000000000000888800000000
000000000000888800000000
000000000000888800000000
000000000000888800000000
000000000000888800000000
000000000000888800000000
000000000000888800000000
000000000000888800000000
000000000000888800000000
000000000000888800000000
000000000000888800000000
000000000000888800000000
000000000000888800000000
000000000000888800000000
000000000000888800000000
000000000000888800000000
000000000000888800000000
000000000000888800000000
000000000000788800000000
000000000000777800000000
000000000000777700000000
000000000000777700000000
000000000000777700000000
000000000000777700000000
000000000000777700000000
000000000000777700000000
000000000000777700000000
000000000000777700000000
000000000000777700000000
000000000000777700000000
000000000000677700000000
000000000000666700000000
000000000000666600000000
000000000000666600000000
000000000000566600000000
000000000000555600000000
000000000000555500000000
000000000000455500000000
000000000000444500000000
000000000000444400000000
101000000000333300000000
111100000000434300000000
212100000000444400000000
323200000000445400000000
334300000000545500000000
435400000000555500000000
546500000000556500000000
556600000000656600000000
657600000000666600000000
767700000000666600000000
778700000000667600000000
879800000000767700000000
889900000000777700000000
98a900000000777700000000
a9ba00000000777700000000
bacb00000000777700000000
cbdc00000000777700000000
dcdd00000000777700000000
dded00000000777700000000
ddee00000000777700000000
edee00000000777700000000
eeee00000000778700000000
eeee00000000778800000000
eeee00000000878800000000
deee00000000888800000000
ddee00000000888800000000
ddee00000000888800000000
ddee00000000888800000000
ddee00000000888800000000
ddee00000000888800000000
cdde00000000888800000000
ccdd00000000888800000000
ccdd00000000888800000000
dcdd00000000888800000000
cddd00000000888800000000
ccdd00000000888800000000
cccd00000000888800000000
ccdc00000000888800000000
ccdd00000000888800000000
bccd00000000888800000000
abbc00000000888800000000
aaab00000000888800000000
9a9a00000000888800000000
899900000000888800000000
788900000000888800000000
678800000000888800000000
667800000000888800000000
667700000000888800000000
667700000000888800000000
566700000000888800000000
556600000000889800000000
455600000000889900000000
344500000000889900000000
333400000000889900000000
232300000000989900000000
122200000000999900000000
111200000000999900000000
111100000000999900000000
010100000000999900000000
000000000000999900000000
000000000000999900000000
000000000000999900000000
000000000000999900000000
000000000000999900000000
000000000000999900000000
000000000000999900000000
000000000000999900000000
000000000000999900000000
000000000000999900000000
000000000000999900000000
000000000000999900000000
000000000000999900000000
000000000000999900000000
000000000000999900000000
000000000000999900000000
000000000000999900000000
000000000000999900000000
000000000000999900000000
000000000000999900000000
000000000000999900000000
000000000000999900000000
000000000000999900000000
000000000000999900000000
000000000000999900000000
000000000000999900000000
000000000000999900000000
000000000000999900000000
000000000000999900000000
000000000000999900000000
000000000000999900000000
000000000000999900000000
000000000000999900000000
000000000000999900000000
000000000000999900000000
000000000000999900000000
000000000000999900000000
000000000000999900000000
000000000000999900000000
000000000000999900000000
000000000000999900000000
000000000000999900000000
000000000000999900000000
000000000000999900000000
000000000000999900000000
000000000000999900000000
000000000000899900000000
000000000000889900000000
000000000000889900000000
000000000000889900000000
000000000000888900000000
000000000000888800000000
000000000000888800000000
000000000000888800000000
000000000000888800000000
000000000000888800000000
000000000000888800000000
000000000000888800000000
000000000000888800000000
000000000000888800000000
000000000000888800000000
000000000000888800000000
000000000000888800000000
000000000000888800000000
000000000000888800000000
000000000000888800000000
000000000000888800000000
000000000000888800000000
000000000000888800000000
000000000000888800000000
000000000000888800000000
000000000000888800000000
000000000000888800000000
000000000000888800000000
000000000000888800000000
000000000000888800000000
000000000000888800000000
000000000000788800000000
000000000000778800000000
000000000000777800000000
000000000000777700000000
000000000000777700000000
000000000000777700000000
000000000000777700000000
000000000000777700000000
000000000000777700000000
000000000000777700000000
000000000000777700000000
000000000000777700000000
000000000000777700000000
000000000000677700000000
000000000000666700000000
000000000000666600000000
000000000000666600000000
000000000000566600000000
000000000000555600000000
000000000000555500000000
000000000000455500000000
000000000000444500000000
000000000000444400000000
000000000000344400000000
101000000000333300000000
111100000000334300000000
212100000000434400000000
223200000000444400000000
323300000000445400000000
434300000000545500000000
445400000000555500000000
545500000000556500000000
556500000000656600000000
657600000000666600000000
667700000000666600000000
768700000000667600000000
778800000000767700000000
879800000000777700000000
98a900000000777700000000
b9ba00000000777700000000
cbcb00000000777700000000
ccdc00000000777700000000
dcdd00000000777700000000
dddd00000000777700000000
dded00000000777700000000
ddee00000000777700000000
ddee00000000777700000000
ddee00000000778700000000
ddde00000000878800000000
cddd00000000888800000000
ccdd00000000888800000000
ccdd00000000888800000000
ccdd00000000888800000000
ccdd00000000888800000000
bccd00000000888800000000
bbcc00000000888800000000
bbcc00000000888800000000
cbdc00000000888800000000
cccd00000000888800000000
bccc00000000888800000000
bbcc00000000888800000000
abcc00000000888800000000
bacc00000000888800000000
abbc00000000888800000000
aaab00000000888800000000
9aaa00000000888800000000
899a00000000888800000000
788900000000888800000000
677800000000888800000000
566700000000888800000000
556600000000888800000000
556600000000888800000000
556600000000888800000000
455600000000888800000000
445500000000888800000000
344500000000888800000000
333400000000888800000000
233300000000888800000000
222300000000889800000000
121200000000889900000000
111100000000889900000000
011100000000889900000000
000100000000889900000000
000000000000889900000000
000000000000989900000000
000000000000999900000000
000000000000999900000000
000000000000999900000000
000000000000999900000000
000000000000999900000000
000000000000999900000000
000000000000999900000000
000000000000999900000000
000000000000999900000000
000000000000999900000000
000000000000999900000000
000000000000999900000000
000000000000999900000000
000000000000999900000000
000000000000999900000000
000000000000999900000000
000000000000999900000000
000000000000999900000000
000000000000999900000000
000000000000999900000000
000000000000999900000000
000000000000999900000000
000000000000999900000000
000000000000999900000000
000000000000999900000000
000000000000999900000000
000000000000999900000000
000000000000999900000000
000000000000999900000000
000000000000999900000000
000000000000999900000000
000000000000999900000000
000000000000999900000000
000000000000999900000000
000000000000999900000000
000000000000999900000000
000000000000999900000000
000000000000999900000000
000000000000899900000000
000000000000889900000000
000000000000889900000000
000000000000889900000000
000000000000889900000000
000000000000889900000000
000000000000888900000000
000000000000888800000000
000000000000888800000000
000000000000888800000000
000000000000888800000000
000000000000888800000000
000000000000888800000000
000000000000888800000000
000000000000888800000000
000000000000888800000000
000000000000888800000000
000000000000888800000000
000000000000888800000000
000000000000888800000000
000000000000888800000000
000000000000888800000000
000000000000888800000000
000000000000888800000000
000000000000888800000000
000000000000888800000000
000000000000888800000000
000000000000888800000000
000000000000888800000000
000000000000888800000000
000000000000888800000000
000000000000888800000000
000000000000888800000000
000000000000888800000000
000000000000888800000000
000000000000888800000000
000000000000788800000000
000000000000777800000000
000000000000777700000000
000000000000777700000000
000000000000777700000000
000000000000777700000000
000000000000777700000000
000000000000777700000000
000000000000777700000000
000000000000777700000000
000000000000777700000000
000000000000777700000000
000000000000777700000000
000000000000677700000000
000000000000666700000000
000000000000666600000000
000000000000666600000000
000000000000566600000000
000000000000555600000000
000000000000555500000000
000000000000555500000000
000000000000454500000000
000000000000444400000000
000000000000444400000000
000000000000343400000000
001000000000323300000000
101100000000333300000000
112100000000334300000000
212200000000434400000000
323200000000444400000000
334300000000445400000000
334400000000545500000000
435400000000555500000000
445500000000556500000000
546500000000656600000000
556600000000666600000000
657600000000666600000000
667700000000667600000000
768700000000767700000000
979800000000777700000000
a9b900000000777700000000
bacb00000000777700000000
bbcc00000000777700000000
cbdc00000000777700000000
ccdd00000000777700000000
ccdd00000000777700000000
ccdd00000000777700000000
ccdd00000000777700000000
ccdd00000000777700000000
ccdd00000000778700000000
bccd00000000878800000000
bbcc00000000888800000000
bbcc00000000888800000000
bbcc00000000888800000000
bbcc00000000888800000000
abbc00000000888800000000
aabb00000000888800000000
aabb00000000888800000000
aacb00000000888800000000
bacc00000000888800000000
abbc00000000888800000000
9abb00000000888800000000
99ab00000000888800000000
99ba00000000888800000000
99ab00000000888800000000
99aa00000000888800000000
899a00000000888800000000
788900000000888800000000
677800000000888800000000
566700000000888800000000
455600000000888800000000
445500000000888800000000
445500000000888800000000
445500000000888800000000
344500000000888800000000
334400000000888800000000
333400000000888800000000
233300000000888800000000
222300000000888800000000
122200000000888800000000
111200000000888800000000
111100000000888800000000
010100000000888800000000
000000000000888800000000
000000000000888800000000
000000000000889800000000
000000000000889900000000
000000000000889900000000
000000000000889900000000
000000000000889900000000
000000000000889900000000
000000000000889900000000
000000000000889900000000
000000000000889900000000
000000000000889900000000
000000000000889900000000
000000000000889900000000
000000000000889900000000
000000000000889900000000
000000000000989900000000
000000000000999900000000
000000000000999900000000
000000000000999900000000
000000000000999900000000
000000000000999900000000
000000000000999900000000
000000000000999900000000
000000000000999900000000
000000000000999900000000
000000000000999900000000
000000000000899900000000
000000000000889900000000
000000000000889900000000
000000000000889900000000
000000000000889900000000
000000000000889900000000
000000000000889900000000
000000000000889900000000
000000000000889900000000
000000000000889900000000
000000000000889900000000
000000000000889900000000
000000000000889900000000
000000000000889900000000
000000000000888900000000
000000000000888800000000
000000000000888800000000
000000000000888800000000
000000000000888800000000
000000000000888800000000
000000000000888800000000
000000000000888800000000
000000000000888800000000
000000000000888800000000
000000000000888800000000
000000000000888800000000
000000000000888800000000
000000000000888800000000
000000000000888800000000
000000000000888800000000
000000000000888800000000
000000000000888800000000
000000000000888800000000
000000000000888800000000
000000000000888800000000
000000000000888800000000
000000000000888800000000
000000000000888800000000
000000000000888800000000
000000000000888800000000
000000000000888800000000
000000000000888800000000
000000000000888800000000
000000000000888800000000
000000000000888800000000
000000000000888800000000
000000000000888800000000
000000000000888800000000
000000000000888800000000
000000000000788800000000
000000000000777800000000
000000000000777700000000
000000000000777700000000
000000000000777700000000
000000000000777700000000
000000000000777700000000
000000000000777700000000
000000000000777700000000
000000000000777700000000
000000000000777700000000
000000000000777700000000
000000000000777700000000
000000000000677700000000
000000000000666700000000
000000000000666600000000
000000000000666600000000
000000000000666600000000
000000000000565600000000
000000000000555500000000
000000000000555500000000
000000000000455500000000
000000000000444500000000
000000000000444400000000
000000000000344400000000
000000000000333400000000
000000000000223200000000
101000000000323300000000
111100000000333300000000
212100000000334300000000
223200000000434400000000
223300000000444400000000
323300000000445400000000
334300000000545500000000
334400000000555500000000
435400000000556500000000
445500000000656600000000
546500000000666600000000
656600000000666600000000
767600000000667600000000
879700000000767700000000
98a900000000777700000000
a9ba00000000777700000000
babb00000000777700000000
bbcb00000000777700000000
bbcc00000000777700000000
bbcc00000000777700000000
bbcc00000000777700000000
bbcc00000000777700000000
bbcc00000000777700000000
bbcc00000000777700000000
abbc00000000778700000000
aabb00000000778800000000
aabb00000000878800000000
aabb00000000888800000000
aabb00000000888800000000
9aab00000000888800000000
99aa00000000888800000000
99aa00000000888800000000
99aa00000000888800000000
99ba00000000888800000000
99ab00000000888800000000
899a00000000888800000000
889900000000888800000000
889900000000888800000000
889900000000888800000000
889900000000888800000000
788900000000888800000000
677800000000888800000000
566700000000888800000000
555600000000888800000000
454500000000888800000000
344400000000888800000000
334400000000888800000000
334400000000888800000000
333400000000888800000000
233300000000888800000000
223300000000888800000000
222300000000888800000000
222200000000888800000000
121200000000888800000000
111100000000888800000000
011100000000888800000000
000100000000888800000000
000000000000888800000000
000000000000888800000000
000000000000888800000000
000000000000888800000000
000000000000888800000000
000000000000888800000000
000000000000888800000000
000000000000888800000000
000000000000888800000000
000000000000888800000000
000000000000888800000000
000000000000888800000000
000000000000888800000000
000000000000888800000000
000000000000888800000000
000000000000888800000000
000000000000889800000000
000000000000889900000000
000000000000889900000000
000000000000889900000000
000000000000889900000000
000000000000889900000000
000000000000889900000000
000000000000889900000000
000000000000889900000000
000000000000889900000000
000000000000889900000000
000000000000888900000000
000000000000888800000000
000000000000888800000000
000000000000888800000000
000000000000888800000000
000000000000888800000000
000000000000888800000000
000000000000888800000000
000000000000888800000000
000000000000888800000000
000000000000888800000000
000000000000888800000000
000000000000888800000000
000000000000888800000000
000000000000888800000000
000000000000888800000000
000000000000888800000000
000000000000888800000000
000000000000888800000000
000000000000888800000000
000000000000888800000000
000000000000888800000000
000000000000888800000000
000000000000888800000000
000000000000888800000000
000000000000888800000000
000000000000888800000000
000000000000888800000000
000000000000888800000000
000000000000888800000000
000000000000888800000000
000000000000888800000000
000000000000888800000000
000000000000888800000000
000000000000888800000000
000000000000888800000000
000000000000888800000000
000000000000888800000000
000000000000888800000000
000000000000888800000000
000000000000888800000000
000000000000888800000000
000000000000888800000000
000000000000888800000000
000000000000888800000000
000000000000888800000000
000000000000888800000000
000000000000788800000000
000000000000778800000000
000000000000777800000000
000000000000777700000000
000000000000777700000000
000000000000777700000000
000000000000777700000000
000000000000777700000000
000000000000777700000000
000000000000777700000000
000000000000777700000000
000000000000777700000000
000000000000777700000000
000000000000777700000000
000000000000677700000000
000000000000666700000000
000000000000666600000000
000000000000666600000000
000000000000666600000000
000000000000566600000000
000000000000555600000000
000000000000555500000000
000000000000455500000000
000000000000444500000000
000000000000444400000000
000000000000344400000000
000000000000333400000000
000000000000333300000000
000000000000222200000000
101000000000323200000000
111100000000333300000000
112100000000333300000000
112200000000434300000000
212200000000444400000000
223200000000444400000000
223300000000445400000000
323300000000545500000000
334300000000555500000000
334400000000556500000000
435400000000656600000000
546500000000666600000000
657600000000666600000000
868700000000667600000000
889800000000767700000000
98a900000000777700000000
a9ba00000000777700000000
aabb00000000777700000000
aabb00000000777700000000
aabb00000000777700000000
aabb00000000777700000000
aabb00000000777700000000
aabb00000000777700000000
aabb00000000777700000000
9aab00000000777700000000
99aa00000000777700000000
99aa00000000778700000000
99aa00000000778800000000
99aa00000000878800000000
899a00000000888800000000
889900000000888800000000
889900000000888800000000
889900000000888800000000
889900000000888800000000
889900000000888800000000
788900000000888800000000
778800000000888800000000
778800000000888800000000
778800000000888800000000
778800000000888800000000
677800000000888800000000
566700000000888800000000
555600000000888800000000
455500000000888800000000
344500000000888800000000
333400000000888800000000
233300000000888800000000
223300000000888800000000
223300000000888800000000
222300000000888800000000
222200000000888800000000
122200000000888800000000
112200000000888800000000
111200000000888800000000
111100000000888800000000
010100000000888800000000
000000000000888800000000
000000000000888800000000
000000000000888800000000
000000000000888800000000
000000000000888800000000
000000000000888800000000
000000000000888800000000
000000000000888800000000
000000000000888800000000
000000000000888800000000
000000000000888800000000
000000000000888800000000
000000000000888800000000
000000000000888800000000
000000000000888800000000
000000000000888800000000
000000000000888800000000
000000000000888800000000
000000000000888800000000
000000000000888800000000
000000000000888800000000
000000000000888800000000
000000000000888800000000
000000000000888800000000
000000000000888800000000
000000000000888800000000
000000000000888800000000
000000000000888800000000
000000000000888800000000
000000000000888800000000
000000000000888800000000
000000000000888800000000
000000000000888800000000
000000000000888800000000
000000000000888800000000
000000000000888800000000
000000000000888800000000
000000000000888800000000
000000000000888800000000
000000000000888800000000
000000000000888800000000
000000000000888800000000
000000000000888800000000
000000000000888800000000
000000000000888800000000
000000000000888800000000
000000000000888800000000
000000000000888800000000
000000000000888800000000
000000000000888800000000
000000000000888800000000
000000000000888800000000
000000000000888800000000
000000000000888800000000
000000000000888800000000
000000000000888800000000
000000000000888800000000
000000000000888800000000
000000000000888800000000
000000000000888800000000
000000000000888800000000
000000000000888800000000
000000000000888800000000
000000000000888800000000
000000000000888800000000
000000000000888800000000
000000000000888800000000
000000000000888800000000
000000000000888800000000
000000000000888800000000
000000000000888800000000
000000000000888800000000
000000000000888800000000
000000000000788800000000
000000000000778800000000
000000000000777800000000
000000000000777700000000
000000000000777700000000
000000000000777700000000
000000000000777700000000
000000000000777700000000
000000000000777700000000
000000000000777700000000
000000000000777700000000
000000000000777700000000
000000000000777700000000
000000000000777700000000
000000000000777700000000
000000000000677700000000
000000000000666700000000
000000000000666600000000
000000000000666600000000
000000000000666600000000
000000000000566600000000
000000000000555600000000
000000000000555500000000
000000000000455500000000
000000000000444500000000
000000000000444400000000
000000000000444400000000
000000000000343400000000
000000000000333300000000
000000000000333300000000
000000000000222200000000
001000000000223200000000
101100000000323300000000
111100000000333300000000
111100000000334300000000
112100000000434400000000
112200000000444400000000
212200000000444400000000
223200000000445400000000
223300000000545500000000
323300000000555500000000
434300000000556500000000
445400000000656600000000
646500000000666600000000
768600000000666600000000
878800000000667600000000
889800000000767700000000
98a900000000777700000000
99aa00000000777700000000
99aa00000000777700000000
99aa00000000777700000000
99aa00000000777700000000
99aa00000000777700000000
99aa00000000777700000000
89aa00000000777700000000
889a00000000777700000000
889900000000777700000000
889900000000777700000000
889900000000777700000000
889900000000778700000000
788900000000778800000000
778800000000878800000000
678800000000888800000000
768800000000888800000000
778800000000888800000000
778800000000888800000000
677800000000888800000000
667700000000888800000000
667700000000888800000000
667700000000888800000000
667700000000888800000000
566700000000888800000000
555600000000888800000000
455500000000888800000000
344500000000888800000000
333400000000888800000000
233300000000888800000000
222300000000888800000000
122200000000888800000000
112200000000888800000000
112200000000888800000000
112200000000888800000000
111200000000888800000000
111100000000888800000000
111100000000888800000000
011100000000888800000000
000100000000888800000000
000000000000888800000000
000000000000888800000000
000000000000888800000000
000000000000888800000000
000000000000888800000000
000000000000888800000000
000000000000888800000000
000000000000888800000000
000000000000888800000000
000000000000888800000000
000000000000888800000000
000000000000888800000000
000000000000888800000000
000000000000888800000000
000000000000888800000000
000000000000888800000000
000000000000888800000000
000000000000888800000000
000000000000888800000000
000000000000888800000000
000000000000888800000000
000000000000888800000000
000000000000888800000000
000000000000888800000000
000000000000888800000000
000000000000888800000000
000000000000888800000000
000000000000888800000000
000000000000888800000000
000000000000888800000000
000000000000888800000000
000000000000888800000000
000000000000888800000000
000000000000888800000000
000000000000888800000000
000000000000888800000000
000000000000888800000000
000000000000888800000000
000000000000888800000000
000000000000888800000000
000000000000888800000000
000000000000888800000000
000000000000888800000000
000000000000888800000000
000000000000888800000000
000000000000888800000000
000000000000888800000000
000000000000888800000000
000000000000888800000000
000000000000888800000000
000000000000888800000000
000000000000888800000000
000000000000888800000000
000000000000888800000000
000000000000888800000000
000000000000888800000000
000000000000888800000000
000000000000888800000000
000000000000888800000000
000000000000888800000000
000000000000888800000000
000000000000888800000000
000000000000888800000000
000000000000888800000000
000000000000888800000000
000000000000888800000000
000000000000888800000000
000000000000888800000000
000000000000888800000000
000000000000888800000000
000000000000888800000000
000000000000788800000000
000000000000778800000000
000000000000777800000000
000000000000777700000000
000000000000777700000000
000000000000777700000000
000000000000777700000000
000000000000777700000000
000000000000777700000000
000000000000777700000000
000000000000777700000000
000000000000777700000000
000000000000777700000000
000000000000777700000000
000000000000777700000000
000000000000777700000000
000000000000677700000000
000000000000666700000000
000000000000666600000000
000000000000666600000000
000000000000566600000000
000000000000556600000000
000000000000555600000000
000000000000555500000000
000000000000455500000000
000000000000444500000000
000000000000444400000000
000000000000444400000000
000000000000344400000000
000000000000333400000000
000000000000333300000000
000000000000233300000000
000000000000222200000000
000000000000222200000000
001000000000223200000000
001100000000323300000000
101100000000333300000000
111100000000334300000000
111100000000434400000000
112100000000444400000000
112200000000444400000000
212200000000445400000000
223200000000545500000000
324300000000555500000000
434400000000556500000000
546400000000656600000000
657600000000666600000000
768700000000666600000000
778800000000667600000000
879800000000667700000000
889900000000767700000000
889900000000777700000000
889900000000777700000000
889900000000777700000000
889900000000777700000000
889900000000777700000000
788900000000777700000000
778800000000777700000000
778800000000777700000000
778800000000777700000000
778800000000777700000000
778800000000777700000000
677800000000777700000000
667700000000778700000000
566700000000878800000000
557600000000888800000000
657700000000888800000000
667700000000888800000000
566700000000888800000000
556600000000888800000000
556600000000888800000000
556600000000888800000000
556600000000888800000000
555600000000888800000000
455500000000888800000000
344500000000888800000000
333400000000888800000000
233300000000888800000000
222300000000888800000000
122200000000888800000000
111200000000888800000000
111100000000888800000000
111100000000888800000000
111100000000888800000000
111100000000888800000000
011100000000888800000000
001100000000888800000000
000100000000888800000000
000000000000888800000000
000000000000888800000000
000000000000888800000000
000000000000888800000000
000000000000888800000000
000000000000888800000000
000000000000888800000000
000000000000888800000000
000000000000888800000000
000000000000888800000000
000000000000888800000000
000000000000888800000000
000000000000888800000000
000000000000888800000000
000000000000888800000000
000000000000888800000000
000000000000888800000000
000000000000888800000000
000000000000888800000000
000000000000888800000000
000000000000888800000000
000000000000888800000000
000000000000888800000000
000000000000888800000000
000000000000888800000000
000000000000888800000000
000000000000888800000000
000000000000888800000000
000000000000888800000000
000000000000888800000000
000000000000888800000000
000000000000888800000000
000000000000888800000000
000000000000888800000000
000000000000888800000000
000000000000888800000000
000000000000888800000000
000000000000888800000000
000000000000888800000000
000000000000888800000000
000000000000888800000000
000000000000888800000000
000000000000888800000000
000000000000888800000000
000000000000888800000000
000000000000888800000000
000000000000888800000000
000000000000888800000000
000000000000888800000000
000000000000888800000000
000000000000888800000000
000000000000888800000000
000000000000888800000000
000000000000888800000000
000000000000888800000000
000000000000888800000000
000000000000888800000000
000000000000888800000000
000000000000888800000000
000000000000888800000000
000000000000888800000000
000000000000888800000000
000000000000888800000000
000000000000888800000000
000000000000888800000000
000000000000888800000000
000000000000888800000000
000000000000888800000000
000000000000888800000000
000000000000888800000000
000000000000888800000000
000000000000788800000000
000000000000777800000000
000000000000777700000000
000000000000777700000000
000000000000777700000000
000000000000777700000000
000000000000777700000000
000000000000777700000000
000000000000777700000000
000000000000777700000000
000000000000777700000000
000000000000777700000000
000000000000777700000000
000000000000777700000000
000000000000777700000000
000000000000677700000000
000000000000667700000000
000000000000666700000000
000000000000666600000000
000000000000666600000000
000000000000566600000000
000000000000555600000000
000000000000555500000000
000000000000555500000000
000000000000455500000000
000000000000444500000000
000000000000444400000000
000000000000444400000000
000000000000344400000000
000000000000333400000000
000000000000333300000000
000000000000233300000000
000000000000222300000000
000000000000212200000000
000000000000222200000000
000000000000222200000000
000000000000223200000000
001000000000323300000000
101100000000333300000000
111100000000334300000000
111100000000434400000000
111100000000444400000000
112100000000444400000000
212200000000445400000000
223200000000545500000000
324300000000555500000000
435400000000556500000000
546500000000656600000000
657600000000666600000000
667700000000666600000000
768700000000666600000000
778800000000667600000000
778800000000767700000000
778800000000777700000000
778800000000777700000000
778800000000777700000000
778800000000777700000000
677800000000777700000000
667700000000777700000000
667700000000777700000000
667700000000777700000000
667700000000777700000000
667700000000777700000000
566700000000777700000000
556600000000777700000000
455600000000778700000000
445500000000778800000000
546500000000778800000000
556600000000878800000000
555600000000888800000000
455500000000888800000000
445500000000888800000000
445500000000888800000000
445500000000888800000000
445500000000888800000000
344500000000888800000000
333400000000888800000000
233300000000888800000000
222300000000888800000000
122200000000888800000000
111200000000888800000000
111100000000888800000000
011100000000888800000000
001100000000888800000000
001100000000888800000000
001100000000888800000000
000100000000888800000000
000000000000888800000000
000000000000888800000000
000000000000888800000000
000000000000888800000000
000000000000888800000000
000000000000888800000000
000000000000888800000000
000000000000888800000000
000000000000888800000000
000000000000888800000000
000000000000888800000000
000000000000888800000000
000000000000888800000000
000000000000888800000000
000000000000888800000000
000000000000888800000000
000000000000888800000000
000000000000888800000000
000000000000888800000000
000000000000888800000000
000000000000888800000000
000000000000888800000000
000000000000888800000000
000000000000888800000000
000000000000888800000000
000000000000888800000000
000000000000888800000000
000000000000888800000000
000000000000888800000000
000000000000888800000000
000000000000888800000000
000000000000888800000000
000000000000888800000000
000000000000888800000000
000000000000888800000000
000000000000888800000000
000000000000888800000000
000000000000888800000000
000000000000888800000000
000000000000888800000000
000000000000888800000000
000000000000888800000000
000000000000888800000000
000000000000888800000000
000000000000888800000000
000000000000888800000000
000000000000888800000000
000000000000888800000000
000000000000888800000000
000000000000888800000000
000000000000888800000000
000000000000888800000000
000000000000888800000000
000000000000888800000000
000000000000888800000000
000000000000888800000000
000000000000888800000000
000000000000888800000000
000000000000888800000000
000000000000888800000000
000000000000888800000000
000000000000888800000000
000000000000888800000000
000000000000888800000000
000000000000888800000000
000000000000888800000000
000000000000888800000000
000000000000888800000000
000000000000888800000000
000000000000888800000000
000000000000788800000000
000000000000778800000000
000000000000778800000000
000000000000777800000000
000000000000777700000000
000000000000777700000000
000000000000777700000000
000000000000777700000000
000000000000777700000000
000000000000777700000000
000000000000777700000000
000000000000777700000000
000000000000777700000000
000000000000777700000000
000000000000777700000000
000000000000777700000000
000000000000777700000000
000000000000677700000000
000000000000666700000000
000000000000666600000000
000000000000666600000000
000000000000666600000000
000000000000566600000000
000000000000555600000000
000000000000555500000000
000000000000555500000000
000000000000455500000000
000000000000444500000000
000000000000444400000000
000000000000444400000000
000000000000344400000000
000000000000333400000000
000000000000333300000000
000000000000233300000000
000000000000222300000000
000000000000222200000000
000000000000112100000000
000000000000212200000000
000000000000222200000000
000000000000222200000000
000000000000223200000000
001000000000323300000000
001100000000333300000000
001100000000334300000000
101100000000434400000000
111100000000444400000000
112100000000444400000000
212200000000445400000000
323200000000545500000000
434300000000555500000000
445400000000556500000000
546500000000556600000000
556600000000656600000000
657600000000666600000000
667700000000666600000000
667700000000667600000000
667700000000767700000000
667700000000777700000000
667700000000777700000000
667700000000777700000000
566700000000777700000000
556600000000777700000000
556600000000777700000000
556600000000777700000000
556600000000777700000000
556600000000777700000000
455600000000777700000000
445500000000777700000000
344500000000777700000000
334400000000777700000000
435400000000777700000000
445500000000778700000000
445500000000778800000000
344500000000878800000000
334400000000888800000000
334400000000888800000000
334400000000888800000000
334400000000888800000000
333400000000888800000000
233300000000888800000000
222300000000888800000000
122200000000888800000000
111200000000888800000000
111100000000888800000000
011100000000888800000000
000100000000888800000000
000000000000888800000000
000000000000888800000000
000000000000888800000000
000000000000888800000000
000000000000888800000000
000000000000888800000000
000000000000888800000000
000000000000888800000000
000000000000888800000000
000000000000888800000000
000000000000888800000000
000000000000888800000000
000000000000888800000000
000000000000888800000000
000000000000888800000000
000000000000888800000000
000000000000888800000000
000000000000888800000000
000000000000888800000000
000000000000888800000000
000000000000888800000000
000000000000888800000000
000000000000888800000000
000000000000888800000000
000000000000888800000000
000000000000888800000000
000000000000888800000000
000000000000888800000000
000000000000888800000000
000000000000888800000000
000000000000888800000000
000000000000888800000000
000000000000888800000000
000000000000888800000000
000000000000888800000000
000000000000888800000000
000000000000888800000000
000000000000888800000000
000000000000888800000000
000000000000888800000000
000000000000888800000000
000000000000888800000000
000000000000888800000000
000000000000888800000000
000000000000888800000000
000000000000888800000000
000000000000888800000000
000000000000888800000000
000000000000888800000000
000000000000888800000000
000000000000888800000000
000000000000888800000000
000000000000888800000000
000000000000888800000000
000000000000888800000000
000000000000888800000000
000000000000888800000000
000000000000888800000000
000000000000888800000000
000000000000888800000000
000000000000888800000000
000000000000888800000000
000000000000888800000000
000000000000888800000000
000000000000888800000000
000000000000888800000000
000000000000888800000000
000000000000888800000000
000000000000888800000000
000000000000888800000000
000000000000888800000000
000000000000888800000000
000000000000788800000000
000000000000778800000000
000000000000777800000000
000000000000777700000000
000000000000777700000000
000000000000777700000000
000000000000777700000000
000000000000777700000000
000000000000777700000000
000000000000777700000000
000000000000777700000000
000000000000777700000000
000000000000777700000000
000000000000777700000000
000000000000777700000000
000000000000777700000000
000000000000777700000000
000000000000777700000000
000000000000677700000000
000000000000666700000000
000000000000666600000000
000000000000666600000000
000000000000566600000000
000000000000556600000000
000000000000555600000000
000000000000555500000000
000000000000455500000000
000000000000445500000000
000000000000444500000000
000000000000444400000000
000000000000344400000000
000000000000334400000000
000000000000333400000000
000000000000333300000000
000000000000233300000000
000000000000222300000000
000000000000222200000000
000000000000222200000000
000000000000111100000000
000000000000112100000000
000000000000212200000000
000000000000222200000000
000000000000222200000000
000000000000223200000000
000000000000323300000000
000000000000333300000000
001000000000334300000000
101100000000334400000000
111100000000434400000000
212100000000444400000000
323200000000445400000000
334300000000545500000000
434400000000555500000000
445400000000555500000000
445500000000556500000000
546500000000656600000000
556600000000666600000000
556600000000666600000000
556600000000667600000000
556600000000767700000000
556600000000777700000000
556600000000777700000000
455600000000777700000000
445500000000777700000000
445500000000777700000000
445500000000777700000000
445500000000777700000000
445500000000777700000000
344500000000777700000000
334400000000777700000000
333400000000777700000000
333300000000777700000000
334300000000777700000000
334400000000777700000000
334400000000777700000000
333400000000778700000000
233300000000778800000000
223300000000778800000000
223300000000878800000000
223300000000888800000000
223300000000888800000000
222300000000888800000000
122200000000888800000000
111200000000888800000000
111100000000888800000000
011100000000888800000000
000100000000888800000000
000000000000888800000000
000000000000888800000000
000000000000888800000000
000000000000888800000000
000000000000888800000000
000000000000888800000000
000000000000888800000000
000000000000888800000000
000000000000888800000000
000000000000888800000000
000000000000888800000000
000000000000888800000000
000000000000888800000000
000000000000888800000000
000000000000888800000000
000000000000888800000000
000000000000888800000000
000000000000888800000000
000000000000888800000000
000000000000888800000000
000000000000888800000000
000000000000888800000000
000000000000888800000000
000000000000888800000000
000000000000888800000000
000000000000888800000000
000000000000888800000000
000000000000888800000000
000000000000888800000000
000000000000888800000000
000000000000888800000000
000000000000888800000000
000000000000888800000000
000000000000888800000000
000000000000888800000000
000000000000888800000000
000000000000888800000000
000000000000888800000000
000000000000888800000000
000000000000888800000000
000000000000888800000000
000000000000888800000000
000000000000888800000000
000000000000888800000000
000000000000888800000000
000000000000888800000000
000000000000888800000000
000000000000888800000000
000000000000888800000000
000000000000888800000000
000000000000888800000000
000000000000888800000000
000000000000888800000000
000000000000888800000000
000000000000888800000000
000000000000888800000000
000000000000888800000000
000000000000888800000000
000000000000888800000000
000000000000888800000000
000000000000888800000000
000000000000888800000000
000000000000888800000000
000000000000888800000000
000000000000888800000000
000000000000888800000000
000000000000888800000000
000000000000888800000000
000000000000888800000000
000000000000888800000000
000000000000788800000000
000000000000778800000000
000000000000778800000000
000000000000777800000000
000000000000777700000000
000000000000777700000000
000000000000777700000000
000000000000777700000000
000000000000777700000000
000000000000777700000000
000000000000777700000000
000000000000777700000000
000000000000777700000000
000000000000777700000000
000000000000777700000000
000000000000777700000000
000000000000777700000000
000000000000777700000000
000000000000777700000000
000000000000777700000000
000000000000677700000000
000000000000666700000000
000000000000666600000000
000000000000666600000000
000000000000566600000000
000000000000555600000000
000000000000555500000000
000000000000555500000000
000000000000455500000000
000000000000444500000000
000000000000444400000000
000000000000444400000000
000000000000344400000000
000000000000333400000000
000000000000333300000000
000000000000333300000000
000000000000233300000000
000000000000222300000000
000000000000222200000000
000000000000222200000000
000000000000122200000000
000000000000111100000000
000000000000111100000000
000000000000112100000000
000000000000212200000000
000000000000222200000000
000000000000222200000000
000000000000223200000000
000000000000323300000000
000000000000333300000000
101000000000333300000000
111100000000334300000000
112100000000434400000000
213200000000444400000000
323300000000445400000000
334300000000445500000000
334400000000545500000000
434400000000555500000000
445400000000556500000000
445500000000656600000000
445500000000666600000000
445500000000666600000000
445500000000667600000000
445500000000667700000000
445500000000767700000000
344500000000777700000000
334400000000777700000000
334400000000777700000000
334400000000777700000000
334400000000777700000000
334400000000777700000000
333400000000777700000000
233300000000777700000000
223300000000777700000000
223300000000777700000000
223300000000777700000000
223300000000777700000000
223300000000777700000000
223300000000777700000000
222300000000777700000000
122200000000777700000000
112200000000778700000000
212200000000778800000000
222200000000778800000000
122200000000878800000000
111200000000888800000000
111100000000888800000000
011100000000888800000000
000100000000888800000000
000000000000888800000000
000000000000888800000000
000000000000888800000000
000000000000888800000000
000000000000888800000000
000000000000888800000000
000000000000888800000000
000000000000888800000000
000000000000888800000000
000000000000888800000000
000000000000888800000000
000000000000888800000000
000000000000888800000000
000000000000888800000000
000000000000888800000000
000000000000888800000000
000000000000888800000000
000000000000888800000000
000000000000888800000000
000000000000888800000000
000000000000888800000000
000000000000888800000000
000000000000888800000000
000000000000888800000000
000000000000888800000000
000000000000888800000000
000000000000888800000000
000000000000888800000000
000000000000888800000000
000000000000888800000000
000000000000888800000000
000000000000888800000000
000000000000888800000000
000000000000888800000000
000000000000888800000000
000000000000888800000000
000000000000888800000000
000000000000888800000000
000000000000888800000000
000000000000888800000000
000000000000888800000000
000000000000888800000000
000000000000888800000000
000000000000888800000000
000000000000888800000000
000000000000888800000000
000000000000888800000000
000000000000888800000000
000000000000888800000000
000000000000888800000000
000000000000888800000000
000000000000888800000000
000000000000888800000000
000000000000888800000000
000000000000888800000000
000000000000888800000000
000000000000888800000000
000000000000888800000000
000000000000888800000000
000000000000888800000000
000000000000888800000000
000000000000888800000000
000000000000888800000000
000000000000888800000000
000000000000888800000000
000000000000888800000000
000000000000888800000000
000000000000888800000000
000000000000788800000000
000000000000778800000000
000000000000778800000000
000000000000777800000000
000000000000777700000000
000000000000777700000000
000000000000777700000000
000000000000777700000000
000000000000777700000000
000000000000777700000000
000000000000777700000000
000000000000777700000000
000000000000777700000000
000000000000777700000000
000000000000777700000000
000000000000777700000000
000000000000777700000000
000000000000777700000000
000000000000777700000000
000000000000777700000000
000000000000777700000000
000000000000777700000000
000000000000677700000000
000000000000666700000000
000000000000666600000000
000000000000666600000000
000000000000566600000000
000000000000555600000000
000000000000555500000000
000000000000555500000000
000000000000455500000000
000000000000444500000000
000000000000444400000000
000000000000444400000000
000000000000344400000000
000000000000333400000000
000000000000333300000000
000000000000333300000000
000000000000233300000000
000000000000222300000000
000000000000222200000000
000000000000222200000000
000000000000222200000000
000000000000121200000000
000000000000111100000000
000000000000111100000000
000000000000111100000000
000000000000112100000000
000000000000212200000000
000000000000222200000000
000000000000222200000000
000000000000223200000000
000000000000323300000000
001000000000333300000000
101100000000333300000000
111100000000334300000000
212100000000434400000000
223200000000444400000000
223300000000444400000000
323300000000445400000000
334300000000545500000000
334400000000555500000000
334400000000556500000000
334400000000656600000000
334400000000666600000000
334400000000666600000000
334400000000666600000000
334400000000667600000000
233400000000667700000000
223300000000767700000000
223300000000777700000000
223300000000777700000000
223300000000777700000000
223300000000777700000000
223300000000777700000000
222300000000777700000000
122200000000777700000000
112200000000777700000000
112200000000777700000000
212200000000777700000000
222200000000777700000000
122200000000777700000000
112200000000777700000000
111200000000777700000000
111100000000777700000000
112100000000777700000000
112200000000777700000000
111200000000778700000000
111100000000778800000000
011100000000778800000000
000100000000778800000000
000000000000878800000000
000000000000888800000000
000000000000888800000000
000000000000888800000000
000000000000888800000000
000000000000888800000000
000000000000888800000000
000000000000888800000000
000000000000888800000000
000000000000888800000000
000000000000888800000000
000000000000888800000000
000000000000888800000000
000000000000888800000000
000000000000888800000000
000000000000888800000000
000000000000888800000000
000000000000888800000000
000000000000888800000000
000000000000888800000000
000000000000888800000000
000000000000888800000000
000000000000888800000000
000000000000888800000000
000000000000888800000000
000000000000888800000000
000000000000888800000000
000000000000888800000000
000000000000888800000000
000000000000888800000000
000000000000888800000000
000000000000888800000000
000000000000888800000000
000000000000888800000000
000000000000888800000000
000000000000888800000000
000000000000888800000000
000000000000888800000000
000000000000888800000000
000000000000888800000000
000000000000888800000000
000000000000888800000000
000000000000888800000000
000000000000888800000000
000000000000888800000000
000000000000888800000000
000000000000888800000000
000000000000888800000000
000000000000888800000000
000000000000888800000000
000000000000888800000000
000000000000888800000000
000000000000888800000000
000000000000888800000000
000000000000888800000000
000000000000888800000000
000000000000888800000000
000000000000888800000000
000000000000888800000000
000000000000888800000000
000000000000888800000000
000000000000888800000000
000000000000888800000000
000000000000888800000000
000000000000888800000000
000000000000788800000000
000000000000778800000000
000000000000778800000000
000000000000778800000000
000000000000777800000000
000000000000777700000000
000000000000777700000000
000000000000777700000000
000000000000777700000000
000000000000777700000000
000000000000777700000000
000000000000777700000000
000000000000777700000000
000000000000777700000000
000000000000777700000000
000000000000777700000000
000000000000777700000000
000000000000777700000000
000000000000777700000000
000000000000777700000000
000000000000777700000000
000000000000777700000000
000000000000777700000000
000000000000777700000000
000000000000677700000000
000000000000667700000000
000000000000666700000000
000000000000666600000000
000000000000666600000000
000000000000566600000000
000000000000555600000000
000000000000555500000000
000000000000455500000000
000000000000445500000000
000000000000444500000000
000000000000444400000000
000000000000344400000000
000000000000334400000000
000000000000333400000000
000000000000333300000000
000000000000333300000000
000000000000233300000000
000000000000222300000000
000000000000222200000000
000000000000222200000000
000000000000222200000000
000000000000122200000000
000000000000111200000000
000000000000111100000000
000000000000111100000000
000000000000111100000000
000000000000111100000000
000000000000112100000000
000000000000212200000000
000000000000222200000000
000000000000222200000000
000000000000223200000000
000000000000323300000000
101000000000333300000000
111100000000333300000000
112100000000334300000000
212200000000334400000000
222200000000434400000000
223200000000444400000000
223300000000445400000000
223300000000545500000000
223300000000555500000000
223300000000556500000000
223300000000556600000000
223300000000656600000000
223300000000666600000000
223300000000666600000000
222300000000666600000000
222200000000667600000000
222200000000667700000000
222200000000767700000000
222200000000777700000000
222200000000777700000000
122200000000777700000000
112200000000777700000000
111200000000777700000000
111100000000777700000000
111100000000777700000000
112100000000777700000000
112200000000777700000000
111200000000777700000000
111100000000777700000000
111100000000777700000000
111100000000777700000000
111100000000777700000000
111100000000777700000000
111100000000777700000000
011100000000777700000000
000100000000777700000000
000000000000777700000000
000000000000778700000000
000000000000778800000000
000000000000778800000000
000000000000778800000000
000000000000778800000000
000000000000878800000000
000000000000888800000000
000000000000888800000000
000000000000888800000000
000000000000888800000000
000000000000888800000000
000000000000888800000000
000000000000888800000000
000000000000888800000000
000000000000888800000000
000000000000888800000000
000000000000888800000000
000000000000888800000000
000000000000888800000000
000000000000888800000000
000000000000888800000000
000000000000888800000000
000000000000888800000000
000000000000888800000000
000000000000888800000000
000000000000888800000000
000000000000888800000000
000000000000888800000000
000000000000888800000000
000000000000888800000000
000000000000888800000000
000000000000888800000000
000000000000888800000000
000000000000888800000000
000000000000888800000000
000000000000888800000000
000000000000888800000000
000000000000888800000000
000000000000888800000000
000000000000888800000000
000000000000888800000000
000000000000888800000000
000000000000888800000000
000000000000888800000000
000000000000888800000000
000000000000888800000000
000000000000888800000000
000000000000888800000000
000000000000888800000000
000000000000888800000000
000000000000888800000000
000000000000888800000000
000000000000888800000000
000000000000888800000000
000000000000888800000000
000000000000888800000000
000000000000888800000000
000000000000888800000000
000000000000888800000000
000000000000888800000000
000000000000788800000000
000000000000778800000000
000000000000778800000000
000000000000778800000000
000000000000778800000000
000000000000777800000000
000000000000777700000000
000000000000777700000000
000000000000777700000000
000000000000777700000000
000000000000777700000000
000000000000777700000000
000000000000777700000000
000000000000777700000000
000000000000777700000000
000000000000777700000000
000000000000777700000000
000000000000777700000000
000000000000777700000000
000000000000777700000000
000000000000777700000000
000000000000777700000000
000000000000777700000000
000000000000777700000000
000000000000777700000000
000000000000777700000000
000000000000777700000000
000000000000777700000000
000000000000677700000000
000000000000666700000000
000000000000666600000000
000000000000666600000000
000000000000666600000000
000000000000566600000000
000000000000555600000000
000000000000555500000000
000000000000455500000000
000000000000444500000000
000000000000444400000000
000000000000444400000000
000000000000344400000000
000000000000333400000000
000000000000333300000000
000000000000333300000000
000000000000233300000000
000000000000223300000000
000000000000222300000000
000000000000222200000000
000000000000222200000000
000000000000222200000000
000000000000122200000000
000000000000111200000000
000000000000111100000000
000000000000111100000000
000000000000111100000000
000000000000111100000000
000000000000111100000000
000000000000111100000000
000000000000112100000000
000000000000212200000000
000000000000222200000000
000000000000222200000000
000000000000223200000000
001000000000223300000000
101100000000323300000000
111100000000333300000000
112100000000333300000000
112200000000334300000000
212200000000434400000000
222200000000444400000000
222200000000445400000000
222200000000545500000000
222200000000555500000000
222200000000555500000000
222200000000556500000000
222200000000656600000000
122200000000666600000000
112200000000666600000000
112200000000666600000000
112200000000666600000000
112200000000667600000000
112200000000667700000000
112200000000767700000000
111200000000777700000000
111100000000777700000000
111100000000777700000000
011100000000777700000000
101100000000777700000000
111100000000777700000000
111100000000777700000000
111100000000777700000000
011100000000777700000000
001100000000777700000000
001100000000777700000000
001100000000777700000000
001100000000777700000000
001100000000777700000000
000100000000777700000000
000000000000777700000000
000000000000777700000000
000000000000777700000000
000000000000777700000000
000000000000777700000000
000000000000777700000000
000000000000777700000000
000000000000778700000000
000000000000778800000000
000000000000778800000000
000000000000778800000000
000000000000778800000000
000000000000778800000000
000000000000878800000000
000000000000888800000000
000000000000888800000000
000000000000888800000000
000000000000888800000000
000000000000888800000000
000000000000888800000000
000000000000888800000000
000000000000888800000000
000000000000888800000000
000000000000888800000000
000000000000888800000000
000000000000888800000000
000000000000888800000000
000000000000888800000000
000000000000888800000000
000000000000888800000000
000000000000888800000000
000000000000888800000000
000000000000888800000000
000000000000888800000000
000000000000888800000000
000000000000888800000000
000000000000888800000000
000000000000888800000000
000000000000888800000000
000000000000888800000000
000000000000888800000000
000000000000888800000000
000000000000888800000000
000000000000888800000000
000000000000888800000000
000000000000888800000000
000000000000888800000000
000000000000888800000000
000000000000888800000000
000000000000888800000000
000000000000888800000000
000000000000888800000000
000000000000888800000000
000000000000888800000000
000000000000888800000000
000000000000888800000000
000000000000788800000000
000000000000778800000000
000000000000778800000000
000000000000778800000000
000000000000778800000000
000000000000778800000000
000000000000777800000000
000000000000777700000000
000000000000777700000000
000000000000777700000000
000000000000777700000000
000000000000777700000000
000000000000777700000000
000000000000777700000000
000000000000777700000000
000000000000777700000000
000000000000777700000000
000000000000777700000000
000000000000777700000000
000000000000777700000000
000000000000777700000000
000000000000777700000000
000000000000777700000000
000000000000777700000000
000000000000777700000000
000000000000777700000000
000000000000777700000000
000000000000777700000000
000000000000777700000000
000000000000777700000000
000000000000777700000000
000000000000777700000000
000000000000677700000000
000000000000667700000000
000000000000666700000000
000000000000666600000000
000000000000666600000000
000000000000566600000000
000000000000556600000000
000000000000555600000000
000000000000555500000000
000000000000455500000000
000000000000444500000000
000000000000444400000000
000000000000344400000000
000000000000334400000000
000000000000333400000000
000000000000333300000000
000000000000333300000000
000000000000233300000000
000000000000222300000000
000000000000222200000000
000000000000222200000000
000000000000222200000000
000000000000222200000000
000000000000122200000000
000000000000111200000000
000000000000111100000000
000000000000111100000000
000000000000101100000000
000000000000111100000000
000000000000111100000000
000000000000111100000000
000000000000111100000000
000000000000111100000000
000000000000112100000000
000000000000212200000000
000000000000222200000000
000000000000222200000000
000000000000222200000000
001000000000223200000000
101100000000323300000000
111100000000333300000000
111100000000333300000000
112100000000334300000000
112200000000434400000000
112200000000444400000000
112200000000445400000000
112200000000445500000000
112200000000545500000000
112200000000555500000000
112200000000556500000000
111200000000556600000000
111100000000656600000000
111100000000666600000000
111100000000666600000000
111100000000666600000000
111100000000666600000000
111100000000667600000000
111100000000667700000000
011100000000767700000000
001100000000777700000000
000100000000777700000000
001000000000777700000000
001100000000777700000000
001100000000777700000000
001100000000777700000000
000100000000777700000000
000000000000777700000000
000000000000777700000000
000000000000777700000000
000000000000777700000000
000000000000777700000000
000000000000777700000000
000000000000777700000000
000000000000777700000000
000000000000777700000000
000000000000777700000000
000000000000777700000000
000000000000777700000000
000000000000777700000000
000000000000777700000000
000000000000777700000000
000000000000777700000000
000000000000777700000000
000000000000777700000000
000000000000777700000000
000000000000778700000000
000000000000778800000000
000000000000778800000000
000000000000778800000000
000000000000778800000000
000000000000778800000000
000000000000778800000000
000000000000778800000000
000000000000778800000000
000000000000778800000000
000000000000778800000000
000000000000778800000000
000000000000778800000000
000000000000778800000000
000000000000778800000000
000000000000778800000000
000000000000778800000000
000000000000778800000000
000000000000778800000000
000000000000778800000000
000000000000778800000000
000000000000778800000000
000000000000778800000000
000000000000778800000000
000000000000778800000000
000000000000778800000000
000000000000778800000000
000000000000778800000000
000000000000778800000000
000000000000778800000000
000000000000778800000000
000000000000778800000000
000000000000778800000000
000000000000778800000000
000000000000778800000000
000000000000778800000000
000000000000778800000000
000000000000778800000000
000000000000778800000000
000000000000778800000000
000000000000778800000000
000000000000778800000000
000000000000778800000000
000000000000777800000000
000000000000777700000000
000000000000777700000000
000000000000777700000000
000000000000777700000000
000000000000777700000000
000000000000777700000000
000000000000777700000000
000000000000777700000000
000000000000777700000000
000000000000777700000000
000000000000777700000000
000000000000777700000000
000000000000777700000000
000000000000777700000000
000000000000777700000000
000000000000777700000000
000000000000777700000000
000000000000777700000000
000000000000777700000000
000000000000777700000000
000000000000777700000000
000000000000777700000000
000000000000777700000000
000000000000777700000000
000000000000777700000000
000000000000777700000000
000000000000777700000000
000000000000777700000000
000000000000777700000000
000000000000677700000000
000000000000667700000000
000000000000666700000000
000000000000666600000000
000000000000666600000000
000000000000666600000000
000000000000566600000000
000000000000555600000000
000000000000555500000000
000000000000555500000000
000000000000455500000000
000000000000444500000000
000000000000444400000000
000000000000344400000000
000000000000333400000000
000000000000333300000000
000000000000333300000000
000000000000333300000000
000000000000233300000000
000000000000222300000000
000000000000222200000000
000000000000222200000000
000000000000222200000000
000000000000122200000000
000000000000112200000000
000000000000111200000000
000000000000111100000000
000000000000111100000000
000000000000111100000000
000000000000001000000000
000000000000101100000000
000000000000111100000000
000000000000111100000000
000000000000111100000000
000000000000111100000000
000000000000111100000000
000000000000112100000000
000000000000212200000000
000000000000222200000000
000000000000222200000000
000000000000222200000000
001000000000223200000000
101100000000223300000000
111100000000323300000000
111100000000333300000000
111100000000334300000000
111100000000334400000000
111100000000434400000000
111100000000444400000000
111100000000445400000000
111100000000545500000000
111100000000555500000000
111100000000555500000000
011100000000556500000000
001100000000556600000000
001100000000656600000000
001100000000666600000000
001100000000666600000000
001100000000666600000000
001100000000666600000000
000100000000667600000000
000000000000667700000000
000000000000667700000000
000000000000767700000000
000000000000777700000000
000000000000777700000000
000000000000777700000000
000000000000777700000000
000000000000777700000000
000000000000777700000000
000000000000777700000000
000000000000777700000000
000000000000777700000000
000000000000777700000000
000000000000777700000000
000000000000777700000000
000000000000777700000000
000000000000777700000000
000000000000777700000000
000000000000777700000000
000000000000777700000000
000000000000777700000000
000000000000777700000000
000000000000777700000000
000000000000777700000000
000000000000777700000000
000000000000777700000000
000000000000777700000000
000000000000777700000000
000000000000777700000000
000000000000777700000000
000000000000777700000000
000000000000777700000000
000000000000777700000000
000000000000777700000000
000000000000777700000000
000000000000777700000000
000000000000777700000000
000000000000777700000000
000000000000777700000000
000000000000777700000000
000000000000777700000000
000000000000777700000000
000000000000777700000000
000000000000777700000000
000000000000777700000000
000000000000777700000000
000000000000777700000000
000000000000777700000000
000000000000777700000000
000000000000777700000000
000000000000777700000000
000000000000777700000000
000000000000777700000000
000000000000777700000000
000000000000777700000000
000000000000777700000000
000000000000777700000000
000000000000777700000000
000000000000777700000000
000000000000777700000000
000000000000777700000000
000000000000777700000000
000000000000777700000000
000000000000777700000000
000000000000777700000000
000000000000777700000000
000000000000777700000000
000000000000777700000000
000000000000777700000000
000000000000777700000000
000000000000777700000000
000000000000777700000000
000000000000777700000000
000000000000777700000000
000000000000777700000000
000000000000777700000000
000000000000777700000000
000000000000777700000000
000000000000777700000000
000000000000777700000000
000000000000777700000000
000000000000777700000000
000000000000777700000000
000000000000777700000000
000000000000777700000000
000000000000777700000000
000000000000777700000000
000000000000777700000000
000000000000777700000000
000000000000777700000000
000000000000777700000000
000000000000777700000000
000000000000777700000000
000000000000777700000000
000000000000777700000000
000000000000777700000000
000000000000777700000000
000000000000677700000000
000000000000667700000000
000000000000666700000000
000000000000666600000000
000000000000666600000000
000000000000666600000000
000000000000566600000000
000000000000556600000000
000000000000555600000000
000000000000555500000000
000000000000455500000000
000000000000445500000000
000000000000444500000000
000000000000444400000000
000000000000344400000000
000000000000333400000000
000000000000333300000000
000000000000333300000000
000000000000233300000000
000000000000223300000000
000000000000222300000000
000000000000222200000000
000000000000222200000000
000000000000222200000000
000000000000122200000000
000000000000111200000000
000000000000111100000000
000000000000111100000000
000000000000111100000000
000000000000111100000000
000000000000111100000000
